work_id,state,district,mp_name,vendor_name,sanctioned_amount_inr,expenditure_inr,utilization_ratio,flag_fund_splitting,flag_fiscal_dumping,flag_cost_overrun,flag_ghost_fast,flag_round_invoice,iso_pred,composite_risk_score,final_pred
MPLAD100000,Karnataka,Mysuru,MP_059,Vendor_096,539768.8,171494.7,0.3177188084972677,0,0,0,0,0,1,15.4,0
MPLAD100001,Rajasthan,Udaipur,MP_044,Vendor_085,1376126.04,552395.81,0.40141367428814884,0,0,0,0,0,1,14.5,0
MPLAD100002,Punjab,Amritsar,MP_064,Vendor_094,2369203.93,1896641.96,0.8005397661146036,0,0,0,0,0,1,33.4,0
MPLAD100003,Haryana,Gurugram,MP_138,Vendor_102,2500000.0,0.0,0.0,0,0,0,0,1,1,60.0,1
MPLAD100004,Telangana,Hyderabad,MP_041,Vendor_034,5542477.96,6261698.6,1.1297651781731217,0,0,1,0,0,-1,90.0,1
MPLAD100005,Punjab,Jalandhar,MP_139,Vendor_023,421474.76,335018.43,0.7948718684838921,0,0,0,0,0,1,21.0,0
MPLAD100006,Maharashtra,Mumbai,MP_067,Vendor_008,566409.13,339644.3,0.599644818578401,0,0,0,0,0,1,21.4,0
MPLAD100007,Chhattisgarh,Raipur,MP_020,Vendor_073,3982418.08,472130.98,0.11855384605927662,0,0,0,0,0,1,15.3,0
MPLAD100008,Kerala,Kozhikode,MP_043,Vendor_012,1078940.1,19802.89,0.018354021692214423,0,1,0,0,0,-1,85.0,1
MPLAD100009,Gujarat,Surat,MP_053,Vendor_014,917871.17,747933.92,0.814857187419886,0,0,0,0,0,1,23.7,0
MPLAD100010,Haryana,Gurugram,MP_138,Vendor_103,907100.89,776724.18,0.8562709931857746,0,0,0,0,0,-1,39.7,1
MPLAD100011,Rajasthan,Udaipur,MP_023,Vendor_104,1070367.93,893248.8,0.8345250030052751,0,0,0,0,0,1,15.6,0
MPLAD100012,Karnataka,Mysuru,MP_019,Vendor_093,1046294.15,0.0,0.0,0,0,0,0,1,1,60.0,1
MPLAD100013,Assam,Silchar,MP_016,Vendor_116,2356441.61,0.0,0.0,0,0,0,0,1,-1,60.0,1
MPLAD100014,Gujarat,Vadodara,MP_093,Vendor_075,388841.96,162331.16,0.41747336115680517,0,0,0,0,0,1,37.3,0
MPLAD100015,Bihar,Patna,MP_120,Vendor_008,493879.71,0.0,0.0,0,0,0,0,1,-1,60.0,1
MPLAD100016,Kerala,Kochi,MP_086,Vendor_115,736533.01,212873.85,0.2890214655823776,0,0,0,0,0,1,22.3,0
MPLAD100017,Chhattisgarh,Raipur,MP_113,Vendor_069,2341092.91,1461771.88,0.624397209421304,0,0,0,0,0,1,12.4,0
MPLAD100018,Bihar,Bhagalpur,MP_070,Vendor_091,1858289.96,925647.42,0.4981178610037801,0,0,0,0,0,1,23.3,0
MPLAD100019,Odisha,Cuttack,MP_079,Vendor_120,2469528.83,29782.31,0.012059915899017871,0,1,0,0,0,1,85.0,1
MPLAD100020,Odisha,Cuttack,MP_010,Vendor_069,331183.46,21619.52,0.06527958853983831,0,0,0,0,0,1,17.0,0
MPLAD100021,Odisha,Cuttack,MP_010,Vendor_014,930441.97,371078.9,0.3988200360308339,0,0,0,0,0,1,19.5,0
MPLAD100022,Gujarat,Ahmedabad,MP_100,Vendor_119,1084473.7,0.0,0.0,0,0,0,0,1,-1,60.0,1
MPLAD100023,Punjab,Ludhiana,MP_124,Vendor_042,672376.15,0.0,0.0,0,0,0,0,1,1,60.0,1
MPLAD100024,Chhattisgarh,Raipur,MP_020,Vendor_070,973340.17,353706.26,0.3633942899942165,0,0,0,0,0,1,0.0,0
MPLAD100025,Punjab,Jalandhar,MP_146,Vendor_023,1421466.92,0.0,0.0,0,0,0,0,1,1,60.0,1
MPLAD100026,Karnataka,Mysuru,MP_062,Vendor_039,505770.69,99211.66,0.19615937016832669,0,0,0,0,0,-1,48.5,1
MPLAD100027,Assam,Guwahati,MP_133,Vendor_065,604156.0,0.0,0.0,0,0,0,0,1,1,60.0,1
MPLAD100028,Chhattisgarh,Bilaspur,MP_081,Vendor_007,1588738.79,794879.51,0.5003210817304964,0,0,0,0,0,1,27.9,0
MPLAD100029,Chhattisgarh,Bilaspur,MP_130,Vendor_097,2021222.64,1355430.48,0.6705992962754465,0,0,0,0,0,-1,60.0,1
MPLAD100030,Madhya Pradesh,Indore,MP_038,Vendor_094,2109862.48,961352.0,0.4556467585508227,0,0,0,0,0,1,24.6,0
MPLAD100031,West Bengal,Kolkata,MP_054,Vendor_043,1200391.23,0.0,0.0,0,0,0,0,1,1,60.0,1
MPLAD100032,West Bengal,Kolkata,MP_089,Vendor_088,1159279.22,0.0,0.0,0,0,0,0,1,1,60.0,1
MPLAD100033,Andhra Pradesh,Guntur,MP_119,Vendor_100,2317189.73,0.0,0.0,0,0,0,0,1,-1,60.0,1
MPLAD100034,West Bengal,Kolkata,MP_089,Vendor_095,947062.55,805814.97,0.8508571793911606,0,0,0,0,0,-1,40.9,1
MPLAD100035,Odisha,Cuttack,MP_010,Vendor_063,887835.9,323689.46,0.3645825315241251,0,0,0,0,0,1,9.7,0
MPLAD100036,Assam,Silchar,MP_088,Vendor_099,2650498.0,1606226.37,0.6060092744835122,0,0,0,0,0,1,15.2,0
MPLAD100037,Andhra Pradesh,Vijayawada,MP_116,Vendor_111,1103225.71,824896.15,0.7477129498731497,0,0,0,0,0,1,34.8,0
MPLAD100038,Gujarat,Ahmedabad,MP_015,Vendor_081,2908316.9,2279677.87,0.7838478227733712,0,0,0,0,0,-1,60.4,1
MPLAD100039,Odisha,Cuttack,MP_039,Vendor_064,826392.94,728590.73,0.8816516873921987,0,0,0,0,0,1,22.8,0
MPLAD100040,Gujarat,Ahmedabad,MP_027,Vendor_028,2579191.49,1052498.19,0.4080729151289189,0,0,0,0,0,1,27.4,0
MPLAD100041,Chhattisgarh,Raipur,MP_048,Vendor_107,1484069.45,1484069.45,1.0,0,0,0,0,0,1,34.5,0
MPLAD100042,Rajasthan,Jaipur,MP_121,Vendor_091,701883.83,192370.91,0.27407799094046664,0,0,0,0,0,1,25.9,0
MPLAD100043,Kerala,Kochi,MP_073,Vendor_025,317286.64,305277.92,0.9621518258695039,0,0,0,0,0,-1,52.4,1
MPLAD100044,Andhra Pradesh,Guntur,MP_119,Vendor_113,1563249.05,1465542.02,0.9374974640157305,0,0,0,0,0,1,38.0,0
MPLAD100045,Bihar,Bhagalpur,MP_018,Vendor_107,715153.84,308802.16,0.43179822679830676,0,0,0,0,0,1,18.1,0
MPLAD100046,Rajasthan,Udaipur,MP_052,Vendor_009,3159684.23,2766888.8,0.8756852263050349,0,0,0,0,0,1,22.7,0
MPLAD100047,Chhattisgarh,Bilaspur,MP_080,Vendor_016,4661466.36,1650250.66,0.3540196437242979,0,0,0,0,0,1,35.6,0
MPLAD100048,Andhra Pradesh,Guntur,MP_036,Vendor_030,1745901.67,1332570.28,0.7632562033118395,0,0,0,0,0,-1,40.1,1
MPLAD100049,Chhattisgarh,Raipur,MP_048,Vendor_097,867642.51,523892.08,0.6038109866239726,0,0,0,0,0,-1,51.7,1
MPLAD100050,Odisha,Rourkela,MP_013,Vendor_084,1802469.71,1182289.04,0.6559272721426204,0,0,0,0,0,1,28.4,0
MPLAD100051,Kerala,Kochi,MP_073,Vendor_110,2177335.32,0.0,0.0,0,0,0,0,1,1,60.0,1
MPLAD100052,Rajasthan,Udaipur,MP_044,Vendor_093,1347724.92,366539.74,0.2719692531915192,0,0,0,0,0,1,15.8,0
MPLAD100053,Tamil Nadu,Chennai,MP_066,Vendor_018,2637875.35,1034921.51,0.39233146858133383,0,0,0,0,0,1,10.0,0
MPLAD100054,Punjab,Ludhiana,MP_101,Vendor_092,1325139.72,616083.38,0.4649195633498934,0,0,0,0,0,1,17.3,0
MPLAD100055,Maharashtra,Mumbai,MP_105,Vendor_107,1373663.47,0.0,0.0,0,0,0,0,1,-1,60.0,1
MPLAD100056,Assam,Guwahati,MP_148,Vendor_063,1746580.16,1545328.62,0.8847739459035193,0,0,0,0,0,1,13.1,0
MPLAD100057,Andhra Pradesh,Vijayawada,MP_116,Vendor_054,933229.82,378522.0,0.405604270125016,0,0,0,0,0,-1,49.6,1
MPLAD100058,Chhattisgarh,Raipur,MP_113,Vendor_079,685704.34,128855.33,0.18791674849250628,0,0,0,0,0,1,25.9,0
MPLAD100059,Odisha,Cuttack,MP_039,Vendor_005,2221615.98,0.0,0.0,0,0,0,0,1,1,60.0,1
MPLAD100060,Madhya Pradesh,Indore,MP_038,Vendor_020,1315204.8,143103.29,0.1088068489409406,0,0,0,0,0,1,21.6,0
MPLAD100061,Punjab,Ludhiana,MP_101,Vendor_113,783649.26,645771.98,0.8240574105818718,0,0,0,0,0,1,19.4,0
MPLAD100062,Gujarat,Ahmedabad,MP_002,Vendor_070,4113145.88,2036690.41,0.4951661014269691,0,0,0,0,0,1,18.7,0
MPLAD100063,Haryana,Panipat,MP_026,Vendor_102,638301.17,356466.44,0.5584612041365989,0,0,0,0,0,1,20.8,0
MPLAD100064,Kerala,Kochi,MP_008,Vendor_006,403859.87,158346.62,0.3920830757460502,0,0,0,0,0,-1,45.3,1
MPLAD100065,Assam,Guwahati,MP_024,Vendor_108,2219035.03,992014.92,0.4470478863959169,0,0,0,0,0,1,6.1,0
MPLAD100066,Rajasthan,Udaipur,MP_052,Vendor_100,541680.38,507327.76,0.9365813840257607,0,0,0,0,0,1,34.0,0
MPLAD100067,Odisha,Cuttack,MP_010,Vendor_079,1378085.11,436399.65,0.3166710436338725,0,0,0,0,0,1,12.7,0
MPLAD100068,Madhya Pradesh,Bhopal,MP_033,Vendor_008,1213267.89,1109927.69,0.9148249114216647,0,0,0,0,0,-1,51.4,1
MPLAD100069,Haryana,Faridabad,MP_112,Vendor_098,1927813.13,1848815.18,0.9590219877794899,0,0,0,0,0,1,38.0,0
MPLAD100070,Chhattisgarh,Raipur,MP_048,Vendor_070,1559728.45,1281011.94,0.821304464889385,0,0,0,0,0,1,22.7,0
MPLAD100071,Gujarat,Ahmedabad,MP_015,Vendor_094,1817181.63,1750987.28,0.9635730689177174,0,0,0,0,0,-1,41.8,1
MPLAD100072,Chhattisgarh,Bilaspur,MP_081,Vendor_110,2145732.33,2056638.57,0.9584786234730406,0,0,0,0,0,-1,60.7,1
MPLAD100073,Gujarat,Surat,MP_122,Vendor_002,2842161.35,1267059.82,0.44580854637263995,0,0,0,0,0,1,21.3,0
MPLAD100074,Kerala,Thiruvananthapuram,MP_102,Vendor_014,1107689.11,0.0,0.0,0,1,0,0,1,1,85.0,1
MPLAD100075,Punjab,Ludhiana,MP_124,Vendor_041,873749.69,249613.13,0.2856803645904584,0,0,0,0,0,1,14.0,0
MPLAD100076,Assam,Guwahati,MP_024,Vendor_115,805423.85,0.0,0.0,0,0,0,0,1,1,60.0,1
MPLAD100077,Assam,Silchar,MP_088,Vendor_048,1025760.32,359033.1,0.3500165613737135,0,0,0,0,0,1,30.1,0
MPLAD100078,Kerala,Kochi,MP_086,Vendor_079,1868825.23,1645597.87,0.8805520407063426,0,0,0,0,0,-1,40.1,1
MPLAD100079,Chhattisgarh,Raipur,MP_048,Vendor_108,891829.17,773027.51,0.8667887707687336,0,0,0,0,0,1,25.0,0
MPLAD100080,Rajasthan,Udaipur,MP_044,Vendor_071,556685.22,233985.52,0.4203192604969825,0,0,0,0,0,1,27.6,0
MPLAD100081,Tamil Nadu,Coimbatore,MP_128,Vendor_042,1756717.66,1494560.65,0.8507688423875696,0,0,0,0,0,1,22.9,0
MPLAD100082,Telangana,Hyderabad,MP_142,Vendor_092,5468674.91,2812244.55,0.5142460644090471,0,0,0,0,0,1,34.0,0
MPLAD100083,Kerala,Kochi,MP_085,Vendor_097,1531471.53,627710.08,0.4098738159370158,0,0,0,0,0,-1,59.1,1
MPLAD100084,Odisha,Rourkela,MP_090,Vendor_089,1256895.26,1256895.26,1.0,0,0,0,0,0,-1,47.1,1
MPLAD100085,Bihar,Gaya,MP_060,Vendor_003,1824902.84,533258.96,0.2922122473106568,0,0,0,0,0,1,20.1,0
MPLAD100086,Chhattisgarh,Bilaspur,MP_080,Vendor_036,814792.75,197128.81,0.24193736382656816,0,0,0,0,0,-1,47.2,1
MPLAD100087,Karnataka,Mysuru,MP_059,Vendor_011,1458105.38,1208788.0,0.8290127836988024,0,0,0,0,0,-1,79.6,1
MPLAD100088,Punjab,Ludhiana,MP_149,Vendor_005,713215.48,245280.03,0.343907327978916,0,0,0,0,0,1,15.0,0
MPLAD100089,Kerala,Thiruvananthapuram,MP_074,Vendor_111,1440341.79,0.0,0.0,0,0,0,0,1,1,60.0,1
MPLAD100090,West Bengal,Kolkata,MP_056,Vendor_057,927676.31,856838.31,0.9236393133721394,0,0,0,0,0,1,34.6,0
MPLAD100091,Gujarat,Surat,MP_053,Vendor_093,553540.46,215105.22,0.3885989110895345,0,0,0,0,0,1,11.5,0
MPLAD100092,Tamil Nadu,Madurai,MP_125,Vendor_118,617299.85,232284.54,0.37629126266594753,0,0,0,0,0,1,19.1,0
MPLAD100093,West Bengal,Kolkata,MP_089,Vendor_022,1752454.32,0.0,0.0,0,0,0,0,1,1,60.0,1
MPLAD100094,Assam,Dibrugarh,MP_117,Vendor_075,563252.21,509183.16,0.9040056141102403,0,0,0,0,0,-1,40.8,1
MPLAD100095,Chhattisgarh,Raipur,MP_113,Vendor_091,2500000.0,1200163.83,0.480065532,0,0,0,0,0,1,25.6,0
MPLAD100096,Chhattisgarh,Raipur,MP_020,Vendor_111,1586862.59,775748.49,0.4888567509805622,0,0,0,0,0,1,14.2,0
MPLAD100097,Kerala,Thiruvananthapuram,MP_083,Vendor_073,345560.23,265131.61,0.7672515150253257,0,0,0,0,0,-1,46.4,1
MPLAD100098,Rajasthan,Udaipur,MP_052,Vendor_005,812489.9,1013570.98,1.24748748261363,0,0,1,0,0,-1,90.0,1
MPLAD100099,Uttar Pradesh,Varanasi,MP_096,Vendor_082,848524.66,336266.58,0.3962955890993198,0,0,0,0,0,-1,41.2,1
MPLAD100100,Haryana,Gurugram,MP_091,Vendor_041,1211267.21,604513.89,0.4990755838259669,0,0,0,0,0,1,30.5,0
MPLAD100101,Punjab,Ludhiana,MP_101,Vendor_032,755385.0,192812.86,0.2552511103609418,0,0,0,0,0,1,32.8,0
MPLAD100102,Odisha,Rourkela,MP_106,Vendor_035,1949311.41,1736958.57,0.8910626393963396,0,0,0,0,0,-1,49.9,1
MPLAD100103,Chhattisgarh,Bilaspur,MP_094,Vendor_077,2313187.17,0.0,0.0,0,0,0,0,1,-1,60.0,1
MPLAD100104,Haryana,Gurugram,MP_126,Vendor_117,1356755.2,1164549.79,0.8583344954196601,0,0,0,0,0,1,24.6,0
MPLAD100105,Andhra Pradesh,Guntur,MP_036,Vendor_055,2537999.28,2350122.69,0.9259745298272898,0,0,0,0,0,-1,51.7,1
MPLAD100106,Gujarat,Ahmedabad,MP_095,Vendor_064,713402.35,685504.5,0.960894648020153,0,0,0,0,0,-1,51.1,1
MPLAD100107,Kerala,Kozhikode,MP_043,Vendor_055,438740.44,208617.44,0.47549170530074686,0,0,0,0,0,-1,46.0,1
MPLAD100108,Gujarat,Vadodara,MP_040,Vendor_094,582697.2,570505.62,0.9790773321031919,0,0,0,0,0,1,19.6,0
MPLAD100109,Gujarat,Ahmedabad,MP_027,Vendor_065,1661323.34,325034.4,0.19564788634101776,0,0,0,0,0,1,23.1,0
MPLAD100110,Telangana,Hyderabad,MP_041,Vendor_075,2639997.18,2417318.43,0.9156518985372553,0,0,0,1,0,-1,83.5,1
MPLAD100111,Rajasthan,Jaipur,MP_121,Vendor_111,2762150.79,2261602.21,0.8187830360991986,0,0,0,0,0,-1,51.4,1
MPLAD100112,Kerala,Kochi,MP_104,Vendor_002,853764.71,0.0,0.0,0,0,0,0,1,-1,61.9,1
MPLAD100113,Odisha,Cuttack,MP_010,Vendor_052,1847986.97,1496186.7,0.8096305462586676,0,0,0,0,0,-1,65.4,1
MPLAD100114,Jharkhand,Ranchi,MP_051,Vendor_070,4107859.95,1471329.05,0.3581741023084295,0,0,0,0,0,1,3.4,0
MPLAD100115,Chhattisgarh,Bilaspur,MP_130,Vendor_083,1133943.8,939014.87,0.8280964806192335,0,0,0,0,0,-1,53.7,1
MPLAD100116,Tamil Nadu,Chennai,MP_066,Vendor_011,1224572.36,1152026.62,0.9407583068427251,0,0,0,0,0,-1,49.7,1
MPLAD100117,Assam,Silchar,MP_016,Vendor_043,419592.19,64819.17,0.15448135486029899,0,0,0,0,0,1,14.4,0
MPLAD100118,Tamil Nadu,Coimbatore,MP_037,Vendor_041,1468377.6,1303374.42,0.8876289177933522,0,0,0,0,0,-1,39.4,1
MPLAD100119,Haryana,Faridabad,MP_055,Vendor_053,792790.72,759294.99,0.9577495937389379,0,0,0,0,0,1,18.5,0
MPLAD100120,Tamil Nadu,Chennai,MP_066,Vendor_005,1787344.2,1642374.55,0.9188910283760677,0,0,0,0,0,1,23.8,0
MPLAD100121,Tamil Nadu,Madurai,MP_125,Vendor_072,2123644.73,408402.72,0.19231216701674952,0,0,0,0,0,1,24.0,0
MPLAD100122,Haryana,Faridabad,MP_055,Vendor_097,562509.35,501068.86,0.8907742777964491,0,0,0,0,0,-1,47.2,1
MPLAD100123,Gujarat,Ahmedabad,MP_002,Vendor_029,2013693.96,951895.5,0.4727111065079621,0,0,0,0,0,1,14.3,0
MPLAD100124,Rajasthan,Jodhpur,MP_063,Vendor_110,1267412.37,1651517.79,1.3030627040510894,0,0,1,0,0,-1,90.0,1
MPLAD100125,Bihar,Patna,MP_028,Vendor_021,1632266.87,1458975.83,0.8938341252983956,0,0,0,0,0,1,26.9,0
MPLAD100126,Tamil Nadu,Madurai,MP_125,Vendor_029,4341158.38,5714487.83,1.3163509206038229,0,0,1,0,0,-1,90.0,1
MPLAD100127,Assam,Dibrugarh,MP_117,Vendor_037,2580623.16,1256162.56,0.48676714193326853,0,0,0,0,0,1,9.5,0
MPLAD100128,Jharkhand,Ranchi,MP_035,Vendor_010,449066.78,125985.63,0.28054987723652147,0,0,0,0,0,1,19.3,0
MPLAD100129,Rajasthan,Jodhpur,MP_099,Vendor_090,550139.8,273987.49,0.49803248192550326,0,0,0,0,0,1,30.4,0
MPLAD100130,Odisha,Rourkela,MP_090,Vendor_091,1156892.74,921399.83,0.796443609802582,0,0,0,0,0,-1,43.0,1
MPLAD100131,Bihar,Gaya,MP_060,Vendor_096,1204481.39,473064.99,0.3927540881308262,0,0,0,0,0,1,15.0,0
MPLAD100132,Maharashtra,Mumbai,MP_105,Vendor_020,1354223.43,1160025.54,0.8565983384292798,0,0,0,0,0,1,37.7,0
MPLAD100133,Chhattisgarh,Raipur,MP_020,Vendor_097,1280684.48,717629.33,0.5603482678262799,0,0,0,0,0,-1,42.5,1
MPLAD100134,Telangana,Hyderabad,MP_041,Vendor_022,2148542.55,298283.42,0.13883058541242296,0,0,0,0,0,-1,42.7,1
MPLAD100135,Tamil Nadu,Coimbatore,MP_037,Vendor_092,2070841.62,338028.98,0.16323265706819237,0,0,0,0,0,1,17.7,0
MPLAD100136,Odisha,Cuttack,MP_079,Vendor_055,1218034.31,332305.78,0.27282136247869737,0,0,0,0,0,1,16.1,0
MPLAD100137,Haryana,Gurugram,MP_091,Vendor_070,667663.09,499949.79,0.7488054941003254,0,0,0,0,0,1,30.4,0
MPLAD100138,Chhattisgarh,Bilaspur,MP_080,Vendor_084,436852.41,200060.45,0.45795890195501043,0,0,0,0,0,1,31.5,0
MPLAD100139,Gujarat,Surat,MP_122,Vendor_021,788035.05,397472.61,0.5043844306163793,0,0,0,0,0,1,16.8,0
MPLAD100140,Andhra Pradesh,Vijayawada,MP_116,Vendor_034,374566.03,0.0,0.0,0,1,0,0,1,1,85.0,1
MPLAD100141,Assam,Silchar,MP_088,Vendor_103,3141991.11,1866858.06,0.5941640172240972,0,0,0,0,0,1,14.1,0
MPLAD100142,Tamil Nadu,Chennai,MP_135,Vendor_109,1289103.24,407106.96,0.3158063275056232,0,0,0,0,0,1,11.1,0
MPLAD100143,Jharkhand,Ranchi,MP_035,Vendor_118,2548813.44,867650.55,0.3404135180643115,0,0,0,0,0,1,26.3,0
MPLAD100144,Assam,Silchar,MP_076,Vendor_023,1705508.12,1582312.79,0.9277662014297533,0,0,0,0,0,1,31.8,0
MPLAD100145,Chhattisgarh,Raipur,MP_048,Vendor_005,2577270.3,0.0,0.0,0,0,0,0,1,-1,60.0,1
MPLAD100146,Punjab,Amritsar,MP_064,Vendor_069,535039.76,0.0,0.0,0,0,0,0,1,1,60.0,1
MPLAD100147,Assam,Dibrugarh,MP_123,Vendor_004,5149859.07,6811625.58,1.3226819389447875,0,0,1,0,0,-1,90.0,1
MPLAD100148,Tamil Nadu,Coimbatore,MP_037,Vendor_036,635554.62,237083.62,0.3730342169489697,0,0,0,0,0,1,26.9,0
MPLAD100149,Rajasthan,Jaipur,MP_121,Vendor_089,1437019.63,902612.25,0.6281140710652645,0,0,0,0,0,1,28.2,0
MPLAD100150,Madhya Pradesh,Bhopal,MP_084,Vendor_041,937940.82,230833.04,0.24610618823477587,0,0,0,0,0,1,22.4,0
MPLAD100151,Tamil Nadu,Madurai,MP_087,Vendor_042,1013089.81,1007109.78,0.9940972360584694,0,0,0,0,0,1,27.7,0
MPLAD100152,Punjab,Amritsar,MP_064,Vendor_094,2434711.75,739801.12,0.30385573158711704,0,0,0,0,0,1,38.2,0
MPLAD100153,Punjab,Amritsar,MP_012,Vendor_061,841414.97,516075.64,0.6133425936075276,0,0,0,0,0,-1,52.1,1
MPLAD100154,West Bengal,Kolkata,MP_089,Vendor_097,1046254.53,0.0,0.0,0,0,0,0,1,-1,73.8,1
MPLAD100155,Kerala,Thiruvananthapuram,MP_134,Vendor_075,1706326.14,359246.99,0.21053829134915555,0,0,0,0,0,1,32.4,0
MPLAD100156,Kerala,Kozhikode,MP_043,Vendor_103,7902302.21,1700006.72,0.21512803165749844,0,0,0,0,0,1,35.2,0
MPLAD100157,West Bengal,Kolkata,MP_054,Vendor_054,2548317.64,2525817.18,0.9911704649189651,0,0,0,0,0,-1,42.7,1
MPLAD100158,Rajasthan,Jodhpur,MP_063,Vendor_116,583701.68,558054.78,0.9560616306603743,0,0,0,0,0,-1,50.8,1
MPLAD100159,Jharkhand,Ranchi,MP_035,Vendor_054,2325473.8,1124487.4,0.48355195401470447,0,0,0,0,0,-1,47.5,1
MPLAD100160,Maharashtra,Nashik,MP_068,Vendor_054,803034.64,391019.72,0.48692758758202503,0,0,0,0,0,-1,48.8,1
MPLAD100161,Telangana,Hyderabad,MP_041,Vendor_021,1064297.23,424286.64,0.39865427442670315,0,0,0,0,0,-1,40.6,1
MPLAD100162,Assam,Dibrugarh,MP_123,Vendor_035,905007.49,768181.6,0.8488124225358621,0,0,0,0,0,-1,56.8,1
MPLAD100163,Assam,Dibrugarh,MP_075,Vendor_082,518930.42,452112.43,0.8712390189035363,0,0,0,0,0,1,17.3,0
MPLAD100164,Gujarat,Ahmedabad,MP_002,Vendor_075,10249162.6,9252902.21,0.9027959230542407,0,0,0,0,0,-1,52.0,1
MPLAD100165,Kerala,Kochi,MP_085,Vendor_014,2078016.97,1368300.65,0.6584646178322595,0,0,0,0,0,1,38.0,0
MPLAD100166,Gujarat,Surat,MP_006,Vendor_109,1429070.45,1180146.84,0.8258143186712734,0,0,0,0,0,-1,43.4,1
MPLAD100167,Karnataka,Mysuru,MP_059,Vendor_027,3534592.26,1793859.49,0.5075152543903324,0,0,0,0,0,1,18.0,0
MPLAD100168,Jharkhand,Ranchi,MP_051,Vendor_084,803322.63,404473.06,0.503500144145074,0,0,0,0,0,1,20.4,0
MPLAD100169,West Bengal,Kolkata,MP_001,Vendor_044,5988518.04,237577.7,0.039672202440255155,0,1,0,0,0,1,85.0,1
MPLAD100170,Bihar,Patna,MP_120,Vendor_010,2262614.37,2567611.18,1.1347984057928528,0,0,1,0,0,1,90.0,1
MPLAD100171,Tamil Nadu,Coimbatore,MP_037,Vendor_073,350420.4,301439.71,0.8602230634974448,0,0,0,0,0,1,32.7,0
MPLAD100172,Maharashtra,Mumbai,MP_061,Vendor_078,212172.12,101196.41,0.47695432368776824,0,0,0,0,0,1,9.7,0
MPLAD100173,Kerala,Thiruvananthapuram,MP_102,Vendor_055,2000000.0,412070.77,0.20603538500000002,0,0,0,0,0,1,18.9,0
MPLAD100174,Karnataka,Mysuru,MP_059,Vendor_102,2995384.52,1900789.1,0.6345726524619951,0,0,0,0,0,1,17.6,0
MPLAD100175,Punjab,Jalandhar,MP_045,Vendor_087,839364.21,627462.56,0.7475450496036757,0,0,0,0,0,-1,43.3,1
MPLAD100176,Punjab,Ludhiana,MP_149,Vendor_110,1020836.14,478390.72,0.4686263556460687,0,0,0,0,0,-1,39.9,1
MPLAD100177,Chhattisgarh,Raipur,MP_113,Vendor_011,909047.93,289391.34,0.3183455244213581,0,0,0,0,0,-1,40.2,1
MPLAD100178,Madhya Pradesh,Bhopal,MP_033,Vendor_041,4241608.4,1779526.04,0.4195403894428349,0,0,0,0,0,1,13.6,0
MPLAD100179,Bihar,Patna,MP_120,Vendor_040,965794.35,408451.29,0.42291745649578505,0,0,0,0,0,1,7.6,0
MPLAD100180,Punjab,Ludhiana,MP_124,Vendor_056,599601.42,330315.59,0.5508919408496398,0,0,0,0,0,1,14.9,0
MPLAD100181,Haryana,Panipat,MP_026,Vendor_105,651843.38,0.0,0.0,0,0,0,0,1,1,60.0,1
MPLAD100182,West Bengal,Siliguri,MP_071,Vendor_029,1000000.0,1000000.0,1.0,0,0,0,0,1,1,60.0,1
MPLAD100183,Maharashtra,Mumbai,MP_061,Vendor_054,816147.27,594676.43,0.7286386316038281,0,0,0,0,0,1,33.5,0
MPLAD100184,Maharashtra,Mumbai,MP_105,Vendor_023,2588752.75,0.0,0.0,0,0,0,0,1,-1,60.0,1
MPLAD100185,Tamil Nadu,Chennai,MP_135,Vendor_042,1075597.28,352946.11,0.32813964535127865,0,0,0,0,0,1,21.5,0
MPLAD100186,Chhattisgarh,Bilaspur,MP_081,Vendor_117,1638194.3,1638194.3,1.0,0,0,0,0,0,1,34.4,0
MPLAD100187,Maharashtra,Mumbai,MP_067,Vendor_117,657857.17,596494.27,0.9067230657378105,0,0,0,0,0,1,29.9,0
MPLAD100188,Bihar,Gaya,MP_072,Vendor_032,524747.61,261645.77,0.49861259968387467,0,0,0,0,0,1,16.6,0
MPLAD100189,Bihar,Gaya,MP_072,Vendor_010,3386890.34,3386890.34,1.0,0,0,0,0,0,-1,42.2,1
MPLAD100190,Maharashtra,Pune,MP_014,Vendor_042,1515906.12,840491.77,0.5544484311469103,0,0,0,0,0,-1,39.4,1
MPLAD100191,Punjab,Ludhiana,MP_124,Vendor_101,3272751.5,1660324.36,0.5073175766629394,0,0,0,0,0,1,18.5,0
MPLAD100192,West Bengal,Kolkata,MP_089,Vendor_029,1435596.2,0.0,0.0,0,0,0,0,1,1,60.0,1
MPLAD100193,Jharkhand,Jamshedpur,MP_118,Vendor_064,1126022.29,881970.34,0.7832618837412179,0,0,0,0,0,-1,51.5,1
MPLAD100194,Maharashtra,Nashik,MP_011,Vendor_071,1179111.86,108431.74,0.09196052018338616,0,0,0,0,0,1,29.7,0
MPLAD100195,Madhya Pradesh,Bhopal,MP_033,Vendor_037,810165.45,260453.58,0.32148196396180556,0,0,0,0,0,1,21.4,0
MPLAD100196,Gujarat,Ahmedabad,MP_021,Vendor_043,1726646.63,434454.84,0.2516176920346464,0,0,0,0,0,1,27.4,0
MPLAD100197,Assam,Dibrugarh,MP_123,Vendor_015,2464180.47,0.0,0.0,0,1,0,0,1,1,85.0,1
MPLAD100198,Gujarat,Ahmedabad,MP_047,Vendor_095,1327831.8,0.0,0.0,0,0,0,0,1,-1,60.0,1
MPLAD100199,West Bengal,Kolkata,MP_057,Vendor_065,1493127.5,22719.38,0.015215967825922435,0,1,0,0,0,-1,85.0,1
MPLAD100200,Kerala,Thiruvananthapuram,MP_083,Vendor_111,1065346.27,617276.49,0.5794139496072014,0,0,0,0,0,-1,39.1,1
MPLAD100201,Jharkhand,Jamshedpur,MP_046,Vendor_087,811832.08,290731.17,0.35811737077450795,0,0,0,0,0,1,10.6,0
MPLAD100202,Tamil Nadu,Coimbatore,MP_128,Vendor_092,2852300.56,0.0,0.0,0,0,0,0,1,-1,60.0,1
MPLAD100203,Assam,Silchar,MP_076,Vendor_113,1925796.58,590334.39,0.3065403667920108,0,0,0,0,0,1,10.2,0
MPLAD100204,Gujarat,Vadodara,MP_025,Vendor_085,1001201.29,943517.81,0.9423857314446729,0,0,0,0,0,1,31.3,0
MPLAD100205,Jharkhand,Ranchi,MP_109,Vendor_033,3109028.68,681647.02,0.21924758185247747,0,0,0,0,0,1,25.9,0
MPLAD100206,Gujarat,Surat,MP_122,Vendor_022,445491.63,438909.91,0.9852259401596388,0,0,0,0,0,-1,53.9,1
MPLAD100207,Bihar,Bhagalpur,MP_070,Vendor_084,2938916.23,1043735.46,0.355142977314464,0,0,0,0,0,1,20.9,0
MPLAD100208,Rajasthan,Udaipur,MP_052,Vendor_048,1807706.81,0.0,0.0,0,0,0,0,1,1,60.0,1
MPLAD100209,Kerala,Kochi,MP_008,Vendor_097,1109284.42,1036646.51,0.9345182275254529,0,0,0,0,0,-1,74.5,1
MPLAD100210,Kerala,Kochi,MP_073,Vendor_043,875751.68,875751.68,1.0,0,0,0,0,0,-1,42.5,1
MPLAD100211,Kerala,Thiruvananthapuram,MP_083,Vendor_019,805620.08,0.0,0.0,0,0,0,0,1,1,60.0,1
MPLAD100212,Rajasthan,Udaipur,MP_052,Vendor_027,386471.37,59170.71,0.1531050281939384,0,0,0,0,0,1,11.7,0
MPLAD100213,Maharashtra,Pune,MP_014,Vendor_097,1545519.52,232946.74,0.15072390674172784,0,0,0,0,0,-1,53.1,1
MPLAD100214,Kerala,Kochi,MP_022,Vendor_097,1129979.75,916078.06,0.8107030767586765,0,0,0,0,0,-1,86.4,1
MPLAD100215,Gujarat,Ahmedabad,MP_027,Vendor_052,832281.97,0.0,0.0,0,0,0,0,1,-1,64.5,1
MPLAD100216,Jharkhand,Ranchi,MP_035,Vendor_082,1941634.23,1091401.3,0.5621044804097834,0,0,0,0,0,1,20.3,0
MPLAD100217,West Bengal,Siliguri,MP_071,Vendor_077,1194133.28,1078864.91,0.9034711016512327,0,0,0,0,0,1,35.1,0
MPLAD100218,Odisha,Bhubaneswar,MP_092,Vendor_031,369861.9,0.0,0.0,0,0,0,0,1,-1,60.0,1
MPLAD100219,Odisha,Cuttack,MP_017,Vendor_116,654249.22,654249.22,1.0,0,0,0,0,0,-1,52.8,1
MPLAD100220,Punjab,Amritsar,MP_098,Vendor_112,1165399.55,986015.4,0.8460749791777421,0,0,0,0,0,1,17.5,0
MPLAD100221,Assam,Dibrugarh,MP_117,Vendor_118,784844.91,0.0,0.0,0,0,0,0,1,-1,60.0,1
MPLAD100222,Uttar Pradesh,Lucknow,MP_049,Vendor_025,1015328.28,397036.09,0.39104208739266083,0,0,0,0,0,1,37.3,0
MPLAD100223,Gujarat,Ahmedabad,MP_002,Vendor_070,2289797.79,1749086.29,0.7638605896287463,0,0,0,0,0,-1,65.9,1
MPLAD100224,Jharkhand,Jamshedpur,MP_132,Vendor_091,981403.16,981403.16,1.0,0,0,0,0,0,1,23.9,0
MPLAD100225,Gujarat,Ahmedabad,MP_027,Vendor_037,2437519.67,859961.18,0.3528017396470897,0,0,0,0,0,-1,45.2,1
MPLAD100226,Telangana,Hyderabad,MP_140,Vendor_087,275648.51,275648.51,1.0,0,0,0,0,0,1,26.1,0
MPLAD100227,Rajasthan,Jaipur,MP_004,Vendor_003,2984430.31,0.0,0.0,0,0,0,0,1,1,60.0,1
MPLAD100228,Odisha,Rourkela,MP_090,Vendor_011,1958115.0,763500.67,0.3899161540563246,0,0,0,0,0,-1,54.4,1
MPLAD100229,Madhya Pradesh,Indore,MP_038,Vendor_071,2441343.75,950203.09,0.3892131495206277,0,0,0,0,0,-1,40.7,1
MPLAD100230,Rajasthan,Udaipur,MP_044,Vendor_021,1135682.54,424600.5,0.37387252603179055,0,0,0,0,0,1,10.6,0
MPLAD100231,Tamil Nadu,Madurai,MP_136,Vendor_116,2322018.56,1213080.38,0.5224249284208994,0,0,0,0,0,-1,44.5,1
MPLAD100232,Gujarat,Ahmedabad,MP_015,Vendor_036,1138985.58,1109177.07,0.9738288960602995,0,0,0,0,0,-1,39.3,1
MPLAD100233,Kerala,Kochi,MP_022,Vendor_109,799806.35,200781.27,0.2510373542295582,0,0,0,0,0,1,25.7,0
MPLAD100234,Kerala,Kochi,MP_082,Vendor_079,485233.71,0.0,0.0,0,0,0,0,1,1,60.0,1
MPLAD100235,West Bengal,Kolkata,MP_001,Vendor_074,684340.04,646370.46,0.9445165008904052,0,0,0,0,0,1,24.7,0
MPLAD100236,Rajasthan,Udaipur,MP_023,Vendor_091,1646003.96,905889.33,0.5503567136011022,0,0,0,0,0,1,30.5,0
MPLAD100237,Bihar,Bhagalpur,MP_110,Vendor_049,407257.46,182970.66,0.4492751587656614,0,0,0,0,0,1,1.5,0
MPLAD100238,Assam,Dibrugarh,MP_075,Vendor_016,868771.16,252733.56,0.29090924242927213,0,0,0,0,0,1,12.7,0
MPLAD100239,Kerala,Kochi,MP_073,Vendor_054,1109498.35,0.0,0.0,0,0,0,0,1,-1,60.0,1
MPLAD100240,Kerala,Kochi,MP_073,Vendor_052,1314045.19,0.0,0.0,0,0,0,0,1,-1,61.0,1
MPLAD100241,West Bengal,Siliguri,MP_032,Vendor_074,3269464.43,2854149.25,0.8729714946004168,0,0,0,0,0,1,24.8,0
MPLAD100242,Punjab,Jalandhar,MP_139,Vendor_074,713040.01,706939.58,0.9914444772881678,0,0,0,0,0,1,26.8,0
MPLAD100243,Haryana,Faridabad,MP_055,Vendor_040,802123.2,270441.19,0.337156673688032,0,0,0,0,0,1,11.3,0
MPLAD100244,Haryana,Panipat,MP_026,Vendor_088,1165413.71,457697.96,0.39273431921441876,0,0,0,0,0,1,23.4,0
MPLAD100245,Odisha,Cuttack,MP_039,Vendor_053,2558098.48,1150496.18,0.44974663367924755,0,0,0,0,0,1,8.3,0
MPLAD100246,Gujarat,Vadodara,MP_040,Vendor_053,1694792.86,420697.44,0.2482294148914458,0,0,0,0,0,1,11.3,0
MPLAD100247,Jharkhand,Jamshedpur,MP_132,Vendor_013,1691700.65,1691700.65,1.0,0,0,0,0,0,1,27.9,0
MPLAD100248,Assam,Guwahati,MP_133,Vendor_036,1183753.44,947926.31,0.8007801945648412,0,0,0,0,0,1,27.6,0
MPLAD100249,Kerala,Kochi,MP_108,Vendor_043,1645434.98,0.0,0.0,0,0,0,0,1,-1,60.0,1
MPLAD100250,Odisha,Rourkela,MP_090,Vendor_024,1021007.37,829449.26,0.812383225010413,0,0,0,0,0,-1,41.4,1
MPLAD100251,Kerala,Kochi,MP_086,Vendor_013,838245.73,0.0,0.0,0,1,0,0,1,-1,85.0,1
MPLAD100252,Madhya Pradesh,Bhopal,MP_033,Vendor_109,1618468.35,607191.26,0.375164123536923,0,0,0,0,0,1,18.0,0
MPLAD100253,Bihar,Bhagalpur,MP_077,Vendor_089,2353238.66,1549680.92,0.6585311325796424,0,0,0,0,0,1,29.6,0
MPLAD100254,Jharkhand,Jamshedpur,MP_118,Vendor_110,770202.2,638770.26,0.8293539800327758,0,0,0,0,0,1,29.8,0
MPLAD100255,Kerala,Thiruvananthapuram,MP_074,Vendor_013,637862.99,284273.06,0.4456647657202999,0,0,0,0,0,1,7.2,0
MPLAD100256,Telangana,Hyderabad,MP_140,Vendor_037,2770952.51,2391882.78,0.8631987633739706,0,0,0,0,0,1,28.6,0
MPLAD100257,Andhra Pradesh,Guntur,MP_036,Vendor_030,3677278.53,1304614.42,0.354777156355355,0,0,0,0,0,1,37.5,0
MPLAD100258,Gujarat,Surat,MP_097,Vendor_014,770457.81,88696.26,0.11512150159137201,0,0,0,0,0,1,20.4,0
MPLAD100259,Kerala,Kochi,MP_082,Vendor_024,637717.27,295592.52,0.4635165674594323,0,0,0,0,0,1,35.5,0
MPLAD100260,Chhattisgarh,Bilaspur,MP_081,Vendor_075,1318799.65,1181730.81,0.8960654561896495,0,0,0,0,0,-1,61.3,1
MPLAD100261,Assam,Silchar,MP_129,Vendor_097,831845.82,169172.11,0.20336954990048517,0,0,0,0,0,-1,59.7,1
MPLAD100262,Maharashtra,Mumbai,MP_069,Vendor_119,907777.02,114334.04,0.12594947600678413,0,0,0,0,0,1,16.7,0
MPLAD100263,West Bengal,Kolkata,MP_056,Vendor_015,1774850.82,1663245.35,0.9371183939842336,0,0,0,0,0,1,20.5,0
MPLAD100264,Chhattisgarh,Bilaspur,MP_081,Vendor_049,1518522.35,1984334.06,1.306753278935934,0,0,1,0,0,-1,90.0,1
MPLAD100265,Karnataka,Mysuru,MP_034,Vendor_011,1443676.37,1443360.56,0.9997812459865918,0,0,0,0,0,-1,60.9,1
MPLAD100266,Bihar,Gaya,MP_060,Vendor_120,3310901.65,0.0,0.0,0,0,0,0,1,1,60.0,1
MPLAD100267,Jharkhand,Ranchi,MP_051,Vendor_059,1099060.38,687658.92,0.6256789276672863,0,0,0,0,0,1,28.1,0
MPLAD100268,Maharashtra,Nashik,MP_068,Vendor_070,1790772.58,0.0,0.0,0,0,0,0,1,1,60.0,1
MPLAD100269,Rajasthan,Udaipur,MP_023,Vendor_013,1979804.68,752662.9,0.3801702802318863,0,0,0,0,0,1,30.2,0
MPLAD100270,West Bengal,Kolkata,MP_057,Vendor_068,871845.46,758761.4,0.870293457741926,0,0,0,0,0,-1,45.0,1
MPLAD100271,Kerala,Thiruvananthapuram,MP_102,Vendor_078,772986.66,772986.66,1.0,0,0,0,0,0,-1,48.6,1
MPLAD100272,Haryana,Gurugram,MP_138,Vendor_005,1043949.87,1246725.98,1.194239317257638,0,0,1,0,0,-1,90.0,1
MPLAD100273,Punjab,Amritsar,MP_098,Vendor_017,1032653.71,316206.69,0.30620786710774517,0,0,0,0,0,1,28.1,0
MPLAD100274,Maharashtra,Pune,MP_014,Vendor_022,444683.91,0.0,0.0,0,0,0,0,1,-1,60.0,1
MPLAD100275,Gujarat,Vadodara,MP_040,Vendor_047,1231274.07,1092970.53,0.8876744476556709,0,0,0,0,0,-1,42.6,1
MPLAD100276,Jharkhand,Jamshedpur,MP_118,Vendor_047,1973035.64,1824875.45,0.9249074943217954,0,0,0,0,0,1,33.4,0
MPLAD100277,Bihar,Patna,MP_028,Vendor_118,2017385.98,2325061.66,1.1525120542376328,0,0,1,0,0,-1,90.0,1
MPLAD100278,Punjab,Jalandhar,MP_144,Vendor_039,1702225.86,656618.83,0.3857413081481443,0,0,0,0,0,1,14.7,0
MPLAD100279,Bihar,Gaya,MP_060,Vendor_026,1783878.1,89729.25,0.05030010178386068,0,0,0,0,0,-1,45.9,1
MPLAD100280,Punjab,Ludhiana,MP_030,Vendor_092,878966.43,0.0,0.0,0,0,0,0,1,1,60.0,1
MPLAD100281,Chhattisgarh,Raipur,MP_113,Vendor_074,898844.29,310414.47,0.34534843626808814,0,0,0,0,0,1,28.0,0
MPLAD100282,Gujarat,Ahmedabad,MP_027,Vendor_067,784481.65,304218.0,0.38779492165304313,0,0,0,0,0,1,25.9,0
MPLAD100283,Karnataka,Hubballi,MP_029,Vendor_057,549290.8,519404.46,0.9455910421219507,0,0,0,0,0,-1,63.8,1
MPLAD100284,Assam,Silchar,MP_088,Vendor_034,552826.61,260446.5,0.4711178790760452,0,0,0,0,0,1,2.6,0
MPLAD100285,Assam,Guwahati,MP_024,Vendor_105,639304.54,320811.33,0.5018130013592583,0,0,0,0,0,1,5.5,0
MPLAD100286,Chhattisgarh,Bilaspur,MP_103,Vendor_039,1623669.66,1585575.28,0.9765380970412418,0,0,0,0,0,1,37.6,0
MPLAD100287,Andhra Pradesh,Guntur,MP_119,Vendor_075,2198457.19,0.0,0.0,0,0,0,0,1,-1,60.0,1
MPLAD100288,Bihar,Patna,MP_050,Vendor_091,2477268.07,0.0,0.0,0,0,0,0,1,-1,60.0,1
MPLAD100289,Jharkhand,Ranchi,MP_107,Vendor_011,1479464.33,0.0,0.0,0,0,0,0,1,-1,60.0,1
MPLAD100290,Haryana,Panipat,MP_026,Vendor_053,1880803.83,1880803.83,1.0,0,0,0,0,0,1,22.7,0
MPLAD100291,Kerala,Kozhikode,MP_043,Vendor_093,5640512.16,2472664.34,0.4383758548620875,0,0,0,0,0,1,23.9,0
MPLAD100292,Tamil Nadu,Madurai,MP_136,Vendor_025,849287.84,385659.07,0.4540970114443179,0,0,0,0,0,1,4.7,0
MPLAD100293,West Bengal,Siliguri,MP_071,Vendor_028,1616113.13,838842.18,0.5190491707718506,0,0,0,0,0,1,11.8,0
MPLAD100294,Gujarat,Ahmedabad,MP_015,Vendor_048,1793557.59,2236349.29,1.2468789976239347,0,0,1,0,0,-1,90.0,1
MPLAD100295,Gujarat,Vadodara,MP_040,Vendor_085,1814031.25,1920835.28,1.0588766207858877,0,0,1,0,0,-1,90.0,1
MPLAD100296,Kerala,Kochi,MP_085,Vendor_113,2575798.73,471427.98,0.18302205623030182,0,0,0,0,0,1,28.4,0
MPLAD100297,Haryana,Faridabad,MP_112,Vendor_117,3062310.58,1103858.18,0.360465782670548,0,0,0,0,0,1,22.0,0
MPLAD100298,Uttar Pradesh,Varanasi,MP_007,Vendor_041,1538951.06,693863.43,0.45086776833566106,0,0,0,0,0,-1,57.7,1
MPLAD100299,Tamil Nadu,Chennai,MP_066,Vendor_037,2399063.25,2056713.92,0.8572987477508148,0,0,0,0,0,1,24.4,0
MPLAD100300,Jharkhand,Jamshedpur,MP_046,Vendor_054,3115357.18,2548862.29,0.8181605327193975,0,0,0,0,0,-1,49.0,1
MPLAD100301,Odisha,Cuttack,MP_039,Vendor_060,767574.38,537126.57,0.6997713628743053,0,0,0,0,0,1,5.3,0
MPLAD100302,Telangana,Hyderabad,MP_041,Vendor_051,789758.7,604296.19,0.7651656005815447,0,0,0,0,0,-1,52.8,1
MPLAD100303,Assam,Dibrugarh,MP_117,Vendor_083,2414057.54,469820.87,0.1946187537849657,0,0,0,0,0,1,17.4,0
MPLAD100304,Kerala,Kochi,MP_108,Vendor_041,429269.19,172780.28,0.40249867454964566,0,0,0,0,0,-1,56.6,1
MPLAD100305,Andhra Pradesh,Vijayawada,MP_116,Vendor_060,437734.12,213140.47,0.48691765220403654,0,0,0,0,0,1,21.9,0
MPLAD100306,Punjab,Jalandhar,MP_114,Vendor_054,318563.31,144375.97,0.45320966184084416,0,0,0,0,0,-1,41.5,1
MPLAD100307,Tamil Nadu,Madurai,MP_087,Vendor_080,573665.4,0.0,0.0,0,0,0,0,1,1,60.0,1
MPLAD100308,Kerala,Kochi,MP_008,Vendor_009,1795625.58,1761766.2,0.9811434074134764,0,0,0,0,0,1,24.0,0
MPLAD100309,Assam,Silchar,MP_088,Vendor_005,2315371.84,2449962.9,1.0581293499708453,0,0,1,0,0,1,90.0,1
MPLAD100310,Punjab,Jalandhar,MP_114,Vendor_008,1664885.67,0.0,0.0,0,1,0,0,1,-1,85.0,1
MPLAD100311,Gujarat,Vadodara,MP_093,Vendor_073,5659594.56,1035174.65,0.1829061497295665,0,0,0,0,0,1,15.8,0
MPLAD100312,Bihar,Bhagalpur,MP_070,Vendor_119,805257.98,784808.54,0.9746051072974155,0,0,0,0,0,-1,49.6,1
MPLAD100313,Gujarat,Surat,MP_006,Vendor_039,857012.2,745547.61,0.8699381525723905,0,0,0,0,0,1,23.9,0
MPLAD100314,Tamil Nadu,Madurai,MP_136,Vendor_004,1833253.14,288296.59,0.1572595642738133,0,0,0,0,0,1,13.1,0
MPLAD100315,Tamil Nadu,Madurai,MP_145,Vendor_083,2200752.94,667661.57,0.30337870183647236,0,0,0,0,0,1,34.2,0
MPLAD100316,Gujarat,Ahmedabad,MP_002,Vendor_031,562434.95,554334.7,0.9855978900315494,0,0,0,0,0,-1,50.2,1
MPLAD100317,Uttar Pradesh,Lucknow,MP_049,Vendor_095,280294.0,137225.89,0.489578406958408,0,0,0,0,0,-1,44.3,1
MPLAD100318,Maharashtra,Nashik,MP_068,Vendor_048,3048738.23,2919707.6,0.9576773667446025,0,0,0,0,0,1,32.2,0
MPLAD100319,Bihar,Gaya,MP_072,Vendor_093,3136326.8,2622675.67,0.8362252524194864,0,0,0,0,0,1,25.8,0
MPLAD100320,Bihar,Bhagalpur,MP_018,Vendor_015,1671939.91,2266233.03,1.3554512434600594,0,0,1,0,0,-1,90.0,1
MPLAD100321,Assam,Silchar,MP_016,Vendor_083,1364460.31,1364460.31,1.0,0,0,0,0,0,1,25.1,0
MPLAD100322,Kerala,Kochi,MP_008,Vendor_042,1658367.15,1474609.15,0.8891934153423142,0,0,0,0,0,1,38.5,0
MPLAD100323,Maharashtra,Pune,MP_014,Vendor_058,421082.05,207912.35,0.49375733304233704,0,0,0,0,0,1,14.9,0
MPLAD100324,Jharkhand,Ranchi,MP_109,Vendor_117,611660.37,250023.61,0.40876215341530137,0,0,0,0,0,1,6.0,0
MPLAD100325,Odisha,Cuttack,MP_017,Vendor_079,2470213.65,819737.73,0.33184891922202764,0,0,0,0,0,1,6.1,0
MPLAD100326,Tamil Nadu,Coimbatore,MP_128,Vendor_070,1051254.16,483389.85,0.45982205673269344,0,0,0,0,0,1,8.9,0
MPLAD100327,Punjab,Jalandhar,MP_144,Vendor_016,2440747.91,1129279.8,0.462677769946344,0,0,0,0,0,1,31.9,0
MPLAD100328,Haryana,Gurugram,MP_003,Vendor_106,1342053.53,0.0,0.0,0,0,0,0,1,1,60.0,1
MPLAD100329,Chhattisgarh,Bilaspur,MP_058,Vendor_075,1116341.68,1013791.57,0.9081373455481838,0,0,0,0,0,-1,57.2,1
MPLAD100330,Maharashtra,Pune,MP_127,Vendor_099,1531420.18,988571.83,0.6455261873328586,0,0,0,0,0,-1,40.0,1
MPLAD100331,Kerala,Thiruvananthapuram,MP_102,Vendor_029,3524853.01,2004127.83,0.5685706111189017,0,0,0,0,0,-1,52.1,1
MPLAD100332,West Bengal,Kolkata,MP_057,Vendor_071,3000000.0,3000000.0,1.0,0,0,0,0,1,1,60.0,1
MPLAD100333,Tamil Nadu,Coimbatore,MP_128,Vendor_003,1000000.0,370205.78,0.37020578000000004,0,0,0,0,0,1,22.5,0
MPLAD100334,Jharkhand,Jamshedpur,MP_046,Vendor_078,2452964.47,2452964.47,1.0,0,0,0,1,0,1,80.0,1
MPLAD100335,Gujarat,Vadodara,MP_025,Vendor_036,1448924.56,843059.83,0.581852122100822,0,0,0,0,0,-1,52.6,1
MPLAD100336,Kerala,Thiruvananthapuram,MP_083,Vendor_094,644883.54,259673.69,0.4026675731249087,0,0,0,0,0,1,20.4,0
MPLAD100337,Assam,Dibrugarh,MP_117,Vendor_059,1388728.37,1495387.33,1.076803327637067,0,0,1,0,0,-1,90.0,1
MPLAD100338,Odisha,Cuttack,MP_079,Vendor_080,3196046.25,0.0,0.0,0,0,0,0,1,1,60.0,1
MPLAD100339,Karnataka,Mysuru,MP_034,Vendor_076,2319383.47,2319383.47,1.0,0,0,0,0,0,1,36.6,0
MPLAD100340,Punjab,Amritsar,MP_012,Vendor_080,1144496.35,516285.28,0.4511026007203955,0,0,0,0,0,1,29.3,0
MPLAD100341,Kerala,Thiruvananthapuram,MP_134,Vendor_089,2327484.06,0.0,0.0,0,0,0,0,1,1,60.0,1
MPLAD100342,West Bengal,Kolkata,MP_001,Vendor_010,1187280.33,529375.96,0.44587276199547576,0,0,0,0,0,1,17.2,0
MPLAD100343,Kerala,Thiruvananthapuram,MP_074,Vendor_070,974850.09,935480.41,0.9596146316199243,0,0,0,0,0,1,36.6,0
MPLAD100344,Chhattisgarh,Raipur,MP_020,Vendor_115,526098.61,515794.86,0.9804147933407389,0,0,0,0,0,1,8.2,0
MPLAD100345,Telangana,Hyderabad,MP_140,Vendor_053,1796143.12,649247.92,0.36146780998164557,0,0,0,0,0,1,21.5,0
MPLAD100346,Kerala,Thiruvananthapuram,MP_102,Vendor_010,564855.99,49794.57,0.0881544515443662,0,0,0,0,0,1,30.7,0
MPLAD100347,Bihar,Bhagalpur,MP_147,Vendor_018,588872.68,0.0,0.0,0,0,0,0,1,1,60.0,1
MPLAD100348,Punjab,Jalandhar,MP_114,Vendor_058,5130120.84,0.0,0.0,0,0,0,0,1,1,60.0,1
MPLAD100349,Kerala,Thiruvananthapuram,MP_083,Vendor_007,1543092.31,871207.45,0.5645854394802862,0,0,0,0,0,1,36.9,0
MPLAD100350,Rajasthan,Udaipur,MP_023,Vendor_067,518954.68,170524.81,0.3285928744298057,0,0,0,0,0,1,4.2,0
MPLAD100351,Maharashtra,Mumbai,MP_105,Vendor_117,2624083.96,2624083.96,1.0,0,0,0,0,0,-1,44.6,1
MPLAD100352,Kerala,Kochi,MP_108,Vendor_052,919811.37,542620.49,0.5899258344675604,0,0,0,0,0,-1,51.8,1
MPLAD100353,Kerala,Kochi,MP_022,Vendor_001,457851.3,158658.28,0.3465279666127409,0,0,0,0,0,-1,44.7,1
MPLAD100354,Odisha,Cuttack,MP_039,Vendor_052,11671110.79,11309257.55,0.9689958182634989,0,0,0,0,0,-1,72.4,1
MPLAD100355,Andhra Pradesh,Guntur,MP_036,Vendor_065,627737.54,0.0,0.0,0,0,0,0,1,-1,60.0,1
MPLAD100356,West Bengal,Kolkata,MP_056,Vendor_055,940449.59,0.0,0.0,0,1,0,0,1,1,85.0,1
MPLAD100357,Kerala,Thiruvananthapuram,MP_102,Vendor_058,904342.54,750901.15,0.8303282404474747,0,0,0,0,0,1,38.4,0
MPLAD100358,West Bengal,Kolkata,MP_057,Vendor_080,688297.11,0.0,0.0,0,0,0,0,1,-1,60.0,1
MPLAD100359,Haryana,Gurugram,MP_091,Vendor_073,2255285.4,0.0,0.0,0,0,0,0,1,1,60.0,1
MPLAD100360,Telangana,Hyderabad,MP_041,Vendor_004,1528461.74,713631.37,0.46689514779741886,0,0,0,0,0,-1,55.5,1
MPLAD100361,Andhra Pradesh,Vijayawada,MP_116,Vendor_049,2160392.9,1890506.64,0.8750753809642681,0,0,0,0,0,-1,42.5,1
MPLAD100362,Karnataka,Mysuru,MP_059,Vendor_090,817453.85,0.0,0.0,0,0,0,0,1,1,60.0,1
MPLAD100363,Odisha,Cuttack,MP_039,Vendor_066,1021335.22,251502.75,0.2462489739656682,0,0,0,0,0,1,7.3,0
MPLAD100364,Gujarat,Surat,MP_097,Vendor_102,2878076.6,0.0,0.0,0,1,0,0,1,1,85.0,1
MPLAD100365,Chhattisgarh,Raipur,MP_020,Vendor_073,472068.18,454423.53,0.9626226660733627,0,0,0,0,0,1,32.3,0
MPLAD100366,Odisha,Rourkela,MP_090,Vendor_009,1489360.91,1931332.66,1.2967526185442855,0,0,1,0,0,-1,90.0,1
MPLAD100367,West Bengal,Kolkata,MP_089,Vendor_030,1920742.19,0.0,0.0,0,0,0,0,1,1,60.0,1
MPLAD100368,Punjab,Jalandhar,MP_114,Vendor_104,1042589.9,1042589.9,1.0,0,0,0,0,0,-1,43.9,1
MPLAD100369,Kerala,Kochi,MP_108,Vendor_018,1587922.61,290635.89,0.18302900164637118,0,0,0,0,0,1,25.8,0
MPLAD100370,Odisha,Cuttack,MP_010,Vendor_023,1028910.89,205479.25,0.1997055838334066,0,0,0,0,0,1,24.6,0
MPLAD100371,Chhattisgarh,Bilaspur,MP_080,Vendor_071,1750857.48,399720.17,0.22829966148929495,0,0,0,0,0,1,23.7,0
MPLAD100372,Haryana,Faridabad,MP_137,Vendor_051,1084089.88,959861.75,0.8854079054773577,0,0,0,0,0,1,11.3,0
MPLAD100373,Assam,Dibrugarh,MP_123,Vendor_003,1815738.06,1581398.35,0.8709396938014287,0,0,0,0,0,1,30.7,0
MPLAD100374,Rajasthan,Udaipur,MP_023,Vendor_010,2000000.0,0.0,0.0,0,0,0,0,1,1,60.0,1
MPLAD100375,Kerala,Kochi,MP_008,Vendor_112,1337545.24,1191471.07,0.8907893612630254,0,0,0,0,0,-1,42.7,1
MPLAD100376,West Bengal,Siliguri,MP_032,Vendor_086,3194161.23,2953118.75,0.9245365331793223,0,0,0,0,0,1,28.9,0
MPLAD100377,Karnataka,Mysuru,MP_059,Vendor_108,1000500.39,340539.36,0.340369042734706,0,0,0,0,0,1,33.0,0
MPLAD100378,Haryana,Gurugram,MP_091,Vendor_023,1733878.2,0.0,0.0,0,0,0,0,1,1,60.0,1
MPLAD100379,Telangana,Hyderabad,MP_143,Vendor_097,1000000.0,203265.7,0.20326570000000002,0,0,0,0,0,-1,58.8,1
MPLAD100380,Tamil Nadu,Chennai,MP_066,Vendor_041,2359703.22,837999.89,0.35512935817411817,0,0,0,0,0,1,12.0,0
MPLAD100381,Haryana,Panipat,MP_026,Vendor_108,340653.58,147610.68,0.4333160978375744,0,0,0,0,0,1,12.5,0
MPLAD100382,Bihar,Patna,MP_120,Vendor_010,2758766.67,964141.28,0.3494827201171022,0,0,0,0,0,1,16.7,0
MPLAD100383,Haryana,Faridabad,MP_055,Vendor_017,3800739.58,2312402.35,0.6084085219014137,0,0,0,0,0,1,7.6,0
MPLAD100384,Kerala,Kochi,MP_008,Vendor_114,253321.63,131472.87,0.5189958315047949,0,0,0,0,0,1,23.0,0
MPLAD100385,Kerala,Kochi,MP_104,Vendor_013,630535.82,0.0,0.0,0,0,0,0,1,1,60.0,1
MPLAD100386,Jharkhand,Ranchi,MP_109,Vendor_050,1412458.54,0.0,0.0,0,0,0,0,1,1,60.0,1
MPLAD100387,Rajasthan,Udaipur,MP_052,Vendor_107,1627918.23,1435930.91,0.8820657472457938,0,0,0,0,0,-1,54.9,1
MPLAD100388,Odisha,Cuttack,MP_039,Vendor_108,1953808.25,0.0,0.0,0,0,0,0,1,1,60.0,1
MPLAD100389,Jharkhand,Jamshedpur,MP_031,Vendor_031,5100319.36,4345259.74,0.851958364426811,0,0,0,0,0,1,36.8,0
MPLAD100390,Chhattisgarh,Raipur,MP_005,Vendor_087,2325266.27,1963177.52,0.8442807369325492,0,0,0,0,0,1,21.3,0
MPLAD100391,Haryana,Faridabad,MP_137,Vendor_093,1998582.53,1976132.51,0.9887670288001567,0,0,0,0,0,1,37.8,0
MPLAD100392,Haryana,Gurugram,MP_091,Vendor_094,342979.53,0.0,0.0,0,0,0,0,1,1,60.0,1
MPLAD100393,Kerala,Thiruvananthapuram,MP_102,Vendor_063,1340583.19,1340583.19,1.0,0,0,0,0,0,1,16.8,0
MPLAD100394,Gujarat,Surat,MP_006,Vendor_069,621948.87,365753.48,0.5880764442903481,0,0,0,0,0,1,19.2,0
MPLAD100395,Chhattisgarh,Bilaspur,MP_080,Vendor_107,724637.02,336012.16,0.46369720387732877,0,0,0,0,0,1,28.1,0
MPLAD100396,Kerala,Thiruvananthapuram,MP_134,Vendor_024,1189017.1,708172.7,0.5955950507356033,0,0,0,0,0,1,6.7,0
MPLAD100397,Haryana,Panipat,MP_026,Vendor_091,1564770.7,1351001.81,0.8633864437773535,0,0,0,0,0,-1,54.9,1
MPLAD100398,Jharkhand,Jamshedpur,MP_118,Vendor_115,4501506.9,4229715.61,0.9396221540835581,0,0,0,0,0,1,20.7,0
MPLAD100399,Tamil Nadu,Madurai,MP_125,Vendor_039,884671.7,461517.16,0.52168183971523,0,0,0,0,0,1,10.2,0
MPLAD100400,Jharkhand,Ranchi,MP_051,Vendor_071,677706.79,109471.42,0.16153212807562395,0,0,0,0,0,1,12.0,0
MPLAD100401,Odisha,Rourkela,MP_013,Vendor_008,1458400.83,711532.37,0.4878853298513276,0,0,0,0,0,1,27.8,0
MPLAD100402,Assam,Dibrugarh,MP_123,Vendor_034,1805493.55,995450.64,0.5513454423584067,0,0,0,0,0,1,27.1,0
MPLAD100403,Kerala,Kochi,MP_008,Vendor_093,1240698.34,0.0,0.0,0,0,0,0,1,1,60.0,1
MPLAD100404,Kerala,Kochi,MP_008,Vendor_074,764654.21,173505.03,0.2269065254999381,0,0,0,0,0,1,38.3,0
MPLAD100405,Tamil Nadu,Coimbatore,MP_128,Vendor_117,890436.94,185453.38,0.20827233425423705,0,0,0,0,0,1,14.2,0
MPLAD100406,Kerala,Thiruvananthapuram,MP_083,Vendor_008,674204.28,0.0,0.0,0,0,0,0,1,1,60.0,1
MPLAD100407,Assam,Guwahati,MP_148,Vendor_120,1709702.56,541228.07,0.31656270667337594,0,0,0,0,0,1,8.0,0
MPLAD100408,West Bengal,Kolkata,MP_054,Vendor_007,2728866.08,2458116.97,0.9007832916447113,0,0,0,0,0,-1,40.9,1
MPLAD100409,Chhattisgarh,Bilaspur,MP_058,Vendor_038,4820657.72,0.0,0.0,0,0,0,0,1,1,60.0,1
MPLAD100410,Gujarat,Ahmedabad,MP_100,Vendor_007,2729898.89,3498071.56,1.281392352227375,0,0,1,0,0,-1,90.0,1
MPLAD100411,Bihar,Gaya,MP_072,Vendor_015,1684771.86,1636557.5,0.9713822618096196,0,0,0,0,0,-1,59.6,1
MPLAD100412,Haryana,Faridabad,MP_055,Vendor_067,2381566.52,566961.35,0.238062361575355,0,0,0,0,0,1,9.3,0
MPLAD100413,Karnataka,Mysuru,MP_059,Vendor_012,315809.15,174216.94,0.5516526041123254,0,0,0,0,0,1,22.0,0
MPLAD100414,Madhya Pradesh,Indore,MP_038,Vendor_017,1640012.46,1640012.46,1.0,0,0,0,0,0,1,26.7,0
MPLAD100415,Kerala,Kochi,MP_082,Vendor_067,4677010.84,0.0,0.0,0,0,0,0,1,-1,60.0,1
MPLAD100416,Kerala,Kochi,MP_022,Vendor_107,542427.39,450585.72,0.8306839372547171,0,0,0,0,0,-1,45.0,1
MPLAD100417,Chhattisgarh,Raipur,MP_020,Vendor_036,966860.25,254859.71,0.26359518865316883,0,0,0,0,0,1,15.1,0
MPLAD100418,West Bengal,Siliguri,MP_111,Vendor_042,2581795.6,837975.39,0.3245707715978755,0,0,0,0,0,1,25.1,0
MPLAD100419,Odisha,Rourkela,MP_013,Vendor_120,665357.89,311192.82,0.46770741683096295,0,0,0,0,0,1,5.2,0
MPLAD100420,Telangana,Hyderabad,MP_142,Vendor_061,835068.73,396478.95,0.474786009530018,0,0,0,0,0,1,34.5,0
MPLAD100421,Kerala,Kochi,MP_022,Vendor_024,3240111.73,0.0,0.0,0,0,0,0,1,1,60.0,1
MPLAD100422,Assam,Dibrugarh,MP_117,Vendor_018,1435257.97,1206570.09,0.8406642674835662,0,0,0,0,0,-1,49.2,1
MPLAD100423,Tamil Nadu,Coimbatore,MP_078,Vendor_044,717857.46,451218.32,0.6285625561375374,0,0,0,0,0,1,28.4,0
MPLAD100424,Maharashtra,Mumbai,MP_105,Vendor_085,1248947.34,1055602.02,0.8451933770081931,0,0,0,0,0,1,28.7,0
MPLAD100425,Gujarat,Ahmedabad,MP_002,Vendor_076,1961444.02,1846968.42,0.9416370802160339,0,0,0,0,0,1,23.0,0
MPLAD100426,Jharkhand,Jamshedpur,MP_031,Vendor_103,2132045.43,1916666.76,0.8989802623483496,0,0,0,0,0,-1,57.6,1
MPLAD100427,Chhattisgarh,Bilaspur,MP_080,Vendor_101,2434303.8,1228230.17,0.5045508987004826,0,0,0,0,0,1,17.9,0
MPLAD100428,Punjab,Amritsar,MP_098,Vendor_096,962352.48,243995.04,0.2535401997405358,0,0,0,0,0,1,27.2,0
MPLAD100429,Tamil Nadu,Madurai,MP_125,Vendor_112,1825424.14,0.0,0.0,0,1,0,0,1,1,85.0,1
MPLAD100430,Telangana,Hyderabad,MP_142,Vendor_072,1322498.0,1057462.43,0.7995947290657528,0,0,0,0,0,-1,40.4,1
MPLAD100431,Rajasthan,Udaipur,MP_023,Vendor_031,636698.26,530695.16,0.8335112459707367,0,0,0,0,0,1,22.2,0
MPLAD100432,Maharashtra,Nashik,MP_068,Vendor_034,2569779.71,932142.01,0.36273226314795676,0,0,0,0,0,1,35.8,0
MPLAD100433,Madhya Pradesh,Bhopal,MP_033,Vendor_010,2463581.44,0.0,0.0,0,1,0,0,1,-1,85.0,1
MPLAD100434,Assam,Dibrugarh,MP_065,Vendor_120,1774185.45,937097.25,0.5281844972857827,0,0,0,0,0,1,13.4,0
MPLAD100435,Assam,Dibrugarh,MP_123,Vendor_098,1097375.35,673536.95,0.6137708032169666,0,0,0,0,0,1,24.6,0
MPLAD100436,Chhattisgarh,Raipur,MP_113,Vendor_027,2000000.0,406623.92,0.20331195999999999,0,0,0,0,0,1,2.3,0
MPLAD100437,Telangana,Hyderabad,MP_142,Vendor_102,2150019.87,951461.73,0.4425362496766134,0,0,0,0,0,1,13.0,0
MPLAD100438,Madhya Pradesh,Bhopal,MP_033,Vendor_009,2869012.26,2845522.11,0.9918124609199126,0,0,0,0,0,1,37.6,0
MPLAD100439,Bihar,Bhagalpur,MP_147,Vendor_050,901339.98,352703.21,0.39130984736747176,0,0,0,0,0,1,4.8,0
MPLAD100440,West Bengal,Siliguri,MP_071,Vendor_080,1662325.15,595650.04,0.35832342427111813,0,0,0,0,0,-1,39.3,1
MPLAD100441,Jharkhand,Jamshedpur,MP_031,Vendor_104,1430942.86,0.0,0.0,0,1,0,0,1,1,85.0,1
MPLAD100442,Jharkhand,Ranchi,MP_107,Vendor_018,431602.0,475830.73,1.1024757299549122,0,0,1,0,0,1,90.0,1
MPLAD100443,Kerala,Kochi,MP_086,Vendor_032,598734.53,91679.99,0.1531229374728062,0,0,0,0,0,1,28.8,0
MPLAD100444,Haryana,Gurugram,MP_138,Vendor_034,719921.84,153567.88,0.21331187841168983,0,0,0,0,0,1,6.6,0
MPLAD100445,Bihar,Bhagalpur,MP_147,Vendor_108,1974250.9,1974250.9,1.0,0,0,0,0,0,1,15.3,0
MPLAD100446,Maharashtra,Mumbai,MP_061,Vendor_061,1936485.08,460539.85,0.2378225656146031,0,0,0,0,0,1,35.7,0
MPLAD100447,Haryana,Faridabad,MP_137,Vendor_052,6454587.59,6454587.59,1.0,0,0,0,0,0,-1,64.1,1
MPLAD100448,Gujarat,Vadodara,MP_093,Vendor_051,2181026.66,0.0,0.0,0,0,0,0,1,1,60.0,1
MPLAD100449,Odisha,Cuttack,MP_079,Vendor_085,836063.17,360831.73,0.43158429045499036,0,0,0,0,0,1,11.2,0
MPLAD100450,Jharkhand,Ranchi,MP_035,Vendor_015,552113.22,163674.54,0.296451043139304,0,0,0,0,0,1,14.7,0
MPLAD100451,Telangana,Hyderabad,MP_143,Vendor_030,1299304.1,0.0,0.0,0,0,0,0,1,1,60.0,1
MPLAD100452,Bihar,Patna,MP_120,Vendor_024,3075093.44,0.0,0.0,0,0,0,0,1,1,60.0,1
MPLAD100453,Assam,Guwahati,MP_148,Vendor_100,5979841.03,5972060.56,0.9986988834718236,0,0,0,0,0,1,31.6,0
MPLAD100454,Kerala,Kochi,MP_082,Vendor_095,995522.02,0.0,0.0,0,0,0,0,1,-1,60.0,1
MPLAD100455,Punjab,Ludhiana,MP_141,Vendor_120,790845.63,669709.99,0.8468277051742702,0,0,0,0,0,-1,42.1,1
MPLAD100456,Jharkhand,Ranchi,MP_051,Vendor_106,1790618.29,0.0,0.0,0,0,0,0,1,1,60.0,1
MPLAD100457,Gujarat,Ahmedabad,MP_027,Vendor_109,934821.56,1065474.07,1.139761977676253,0,0,1,0,0,-1,90.0,1
MPLAD100458,Rajasthan,Jaipur,MP_004,Vendor_059,663331.1,90963.35,0.13713114008976815,0,0,0,0,0,1,32.7,0
MPLAD100459,Odisha,Cuttack,MP_010,Vendor_006,3978361.05,587852.63,0.1477625139126073,0,0,0,0,0,1,22.8,0
MPLAD100460,Kerala,Kochi,MP_086,Vendor_096,655151.17,381436.3,0.582211125410949,0,0,0,0,0,1,22.6,0
MPLAD100461,Assam,Silchar,MP_076,Vendor_105,1846653.22,0.0,0.0,0,0,0,0,1,1,60.0,1
MPLAD100462,Gujarat,Surat,MP_006,Vendor_097,275141.7,273188.46,0.9929009670289891,0,0,0,0,0,-1,71.5,1
MPLAD100463,Kerala,Kochi,MP_022,Vendor_062,853586.7,812256.54,0.9515805951521973,0,0,0,0,0,-1,43.0,1
MPLAD100464,Kerala,Kochi,MP_008,Vendor_084,1137962.23,337817.57,0.2968618475149215,0,0,0,0,0,-1,58.6,1
MPLAD100465,Andhra Pradesh,Guntur,MP_119,Vendor_009,1067521.37,311484.85,0.2917832455194784,0,0,0,0,0,1,29.4,0
MPLAD100466,Punjab,Jalandhar,MP_114,Vendor_064,565659.11,523748.9,0.9259090691565103,0,0,0,0,0,1,31.3,0
MPLAD100467,Jharkhand,Jamshedpur,MP_132,Vendor_057,380477.99,162981.67,0.4283603106713217,0,0,0,0,0,1,4.0,0
MPLAD100468,Chhattisgarh,Bilaspur,MP_058,Vendor_001,1965879.16,1018308.34,0.5179913194664518,0,0,0,0,0,1,22.7,0
MPLAD100469,Kerala,Kochi,MP_008,Vendor_105,882172.79,809588.38,0.9177208696269129,0,0,0,0,0,1,38.3,0
MPLAD100470,Tamil Nadu,Coimbatore,MP_037,Vendor_064,676190.83,282461.01,0.4177238103036683,0,0,0,0,0,1,7.8,0
MPLAD100471,Uttar Pradesh,Lucknow,MP_049,Vendor_090,5060152.34,4850728.84,0.9586132025424358,0,0,0,0,0,1,36.4,0
MPLAD100472,Punjab,Amritsar,MP_098,Vendor_068,1602675.45,1286398.96,0.8026571817768844,0,0,0,0,0,1,33.5,0
MPLAD100473,Maharashtra,Mumbai,MP_069,Vendor_026,2029132.02,709651.92,0.3497317636335954,0,0,0,0,0,1,35.1,0
MPLAD100474,Kerala,Thiruvananthapuram,MP_074,Vendor_016,975067.09,164159.76,0.16835739989952897,0,0,0,0,0,1,8.4,0
MPLAD100475,Madhya Pradesh,Indore,MP_038,Vendor_078,795864.0,696722.87,0.8754295583164963,0,0,0,0,0,-1,41.5,1
MPLAD100476,Odisha,Rourkela,MP_090,Vendor_106,1055045.99,126996.05,0.12037015561757644,0,0,0,0,0,1,33.3,0
MPLAD100477,Assam,Silchar,MP_129,Vendor_020,738473.7,0.0,0.0,0,0,0,0,1,1,60.0,1
MPLAD100478,Haryana,Panipat,MP_026,Vendor_038,712386.63,655458.96,0.9200888006559022,0,0,0,0,0,1,30.4,0
MPLAD100479,Punjab,Ludhiana,MP_141,Vendor_113,648129.45,590001.29,0.9103139658288943,0,0,0,0,0,1,25.8,0
MPLAD100480,Jharkhand,Jamshedpur,MP_132,Vendor_029,1761539.06,686153.05,0.3895190663555312,0,0,0,0,0,1,2.3,0
MPLAD100481,Tamil Nadu,Chennai,MP_066,Vendor_063,3082302.09,2905055.28,0.9424953152466635,0,0,0,0,0,1,25.5,0
MPLAD100482,Uttar Pradesh,Varanasi,MP_096,Vendor_112,1142793.41,0.0,0.0,0,1,0,0,1,-1,85.0,1
MPLAD100483,Bihar,Gaya,MP_060,Vendor_120,1792138.1,1792138.1,1.0,0,0,0,0,0,1,36.0,0
MPLAD100484,Assam,Dibrugarh,MP_065,Vendor_113,1937107.23,1637536.53,0.8453515141750826,0,0,0,0,0,1,33.5,0
MPLAD100485,Tamil Nadu,Madurai,MP_136,Vendor_007,793842.1,310064.73,0.39058741026710475,0,0,0,0,0,-1,41.7,1
MPLAD100486,Assam,Silchar,MP_088,Vendor_033,404952.59,359813.3,0.8885319143161918,0,0,0,0,0,-1,50.3,1
MPLAD100487,Maharashtra,Nashik,MP_011,Vendor_060,991265.39,844901.24,0.8523461512158717,0,0,0,0,0,1,21.9,0
MPLAD100488,Kerala,Thiruvananthapuram,MP_134,Vendor_064,643937.79,0.0,0.0,0,0,0,0,1,1,60.0,1
MPLAD100489,Uttar Pradesh,Varanasi,MP_096,Vendor_109,2370664.22,1204905.17,0.5082563611644672,0,0,0,0,0,1,30.0,0
MPLAD100490,Assam,Guwahati,MP_148,Vendor_025,992934.9,943876.75,0.9505927830716797,0,0,0,0,0,1,15.9,0
MPLAD100491,Odisha,Cuttack,MP_079,Vendor_008,500000.0,38359.15,0.0767183,0,0,0,0,0,1,26.3,0
MPLAD100492,Punjab,Jalandhar,MP_146,Vendor_085,429408.87,203352.92,0.4735647868661866,0,0,0,0,0,1,18.8,0
MPLAD100493,Maharashtra,Mumbai,MP_105,Vendor_101,1332623.9,108299.72,0.08126803068742802,0,0,0,0,0,1,35.7,0
MPLAD100494,Telangana,Hyderabad,MP_041,Vendor_057,2261286.87,694233.2,0.3070080179610294,0,0,0,0,0,1,27.1,0
MPLAD100495,Gujarat,Ahmedabad,MP_002,Vendor_022,836925.37,811323.53,0.9694096499906557,0,0,0,0,0,-1,49.0,1
MPLAD100496,Gujarat,Ahmedabad,MP_002,Vendor_091,840547.75,246532.67,0.29330001775627856,0,0,0,0,0,1,31.7,0
MPLAD100497,Madhya Pradesh,Bhopal,MP_033,Vendor_001,1611339.92,1611339.92,1.0,0,0,0,0,0,-1,53.7,1
MPLAD100498,Punjab,Ludhiana,MP_141,Vendor_073,646014.61,0.0,0.0,0,0,0,0,1,1,60.0,1
MPLAD100499,Punjab,Ludhiana,MP_030,Vendor_119,1543905.83,0.0,0.0,0,0,0,0,1,-1,66.2,1
MPLAD100500,Rajasthan,Jaipur,MP_121,Vendor_033,1867384.08,1564797.67,0.8379624131742623,0,0,0,0,0,-1,50.5,1
MPLAD100501,Gujarat,Surat,MP_006,Vendor_031,1491117.45,1265366.45,0.8486028045611028,0,0,0,0,0,-1,56.9,1
MPLAD100502,Bihar,Patna,MP_028,Vendor_119,2045939.15,399777.64,0.19540055235758114,0,0,0,0,0,-1,40.2,1
MPLAD100503,Gujarat,Surat,MP_006,Vendor_038,1109018.8,0.0,0.0,0,0,0,0,1,1,60.0,1
MPLAD100504,Kerala,Kochi,MP_104,Vendor_066,1953928.15,479756.85,0.24553454025420535,0,0,0,0,0,-1,42.1,1
MPLAD100505,Kerala,Thiruvananthapuram,MP_083,Vendor_062,1021373.47,470308.89,0.4604671100376242,0,0,0,0,0,1,15.3,0
MPLAD100506,Chhattisgarh,Bilaspur,MP_081,Vendor_038,976326.1,361428.66,0.37019256168610054,0,0,0,0,0,1,15.2,0
MPLAD100507,Karnataka,Mysuru,MP_062,Vendor_063,783684.94,226640.49,0.2891984756016876,0,0,0,0,0,1,11.1,0
MPLAD100508,Jharkhand,Jamshedpur,MP_118,Vendor_033,699569.71,481589.71,0.6884084646832409,0,0,0,0,0,1,28.4,0
MPLAD100509,Maharashtra,Mumbai,MP_061,Vendor_042,992951.13,0.0,0.0,0,1,0,0,1,1,85.0,1
MPLAD100510,Punjab,Ludhiana,MP_141,Vendor_005,871201.59,267098.42,0.306586240275342,0,0,0,0,0,1,21.7,0
MPLAD100511,Punjab,Ludhiana,MP_124,Vendor_015,465660.65,331393.4,0.7116628815425997,0,0,0,0,0,1,36.3,0
MPLAD100512,Punjab,Ludhiana,MP_149,Vendor_115,1500000.0,454325.64,0.30288376,0,0,0,0,0,1,13.1,0
MPLAD100513,Gujarat,Surat,MP_122,Vendor_039,5372678.51,0.0,0.0,0,1,0,0,1,1,85.0,1
MPLAD100514,Haryana,Gurugram,MP_126,Vendor_022,449358.82,199657.76,0.4443169937111727,0,0,0,0,0,1,15.9,0
MPLAD100515,Chhattisgarh,Bilaspur,MP_080,Vendor_084,1495898.42,348310.95,0.23284398548933558,0,0,0,0,0,1,30.4,0
MPLAD100516,Odisha,Cuttack,MP_039,Vendor_014,1687105.32,879446.1,0.521275162596251,0,0,0,0,0,1,8.9,0
MPLAD100517,Gujarat,Surat,MP_006,Vendor_001,2865969.14,580357.64,0.2024996123998739,0,0,0,0,0,1,25.5,0
MPLAD100518,Gujarat,Ahmedabad,MP_100,Vendor_062,1508078.76,686022.96,0.4548986287692295,0,0,0,0,0,1,34.4,0
MPLAD100519,Haryana,Faridabad,MP_112,Vendor_036,2453399.9,0.0,0.0,0,0,0,0,1,1,60.0,1
MPLAD100520,Assam,Dibrugarh,MP_131,Vendor_021,2332054.45,38383.01,0.016458882424464832,0,1,0,0,0,1,85.0,1
MPLAD100521,Odisha,Cuttack,MP_017,Vendor_036,2402741.28,0.0,0.0,0,0,0,0,1,1,60.0,1
MPLAD100522,West Bengal,Siliguri,MP_111,Vendor_077,806208.26,757390.2,0.9394473333726449,0,0,0,0,0,1,37.0,0
MPLAD100523,Madhya Pradesh,Bhopal,MP_033,Vendor_106,2518930.8,2404326.26,0.9545027040838121,0,0,0,0,0,-1,43.5,1
MPLAD100524,Odisha,Bhubaneswar,MP_092,Vendor_018,1571948.33,0.0,0.0,0,0,0,0,1,1,60.0,1
MPLAD100525,Bihar,Patna,MP_120,Vendor_042,1615559.24,667208.85,0.4129894054519474,0,0,0,0,0,1,5.0,0
MPLAD100526,Punjab,Ludhiana,MP_101,Vendor_046,762255.37,271028.18,0.3555608666948453,0,0,0,0,0,1,14.5,0
MPLAD100527,Assam,Guwahati,MP_148,Vendor_015,1270857.07,292568.05,0.23021318203785102,0,0,0,0,0,1,9.3,0
MPLAD100528,Gujarat,Ahmedabad,MP_027,Vendor_103,1303700.15,1542899.65,1.1834773893368042,0,0,1,0,0,-1,90.0,1
MPLAD100529,Punjab,Jalandhar,MP_139,Vendor_029,1504222.02,1221669.46,0.8121603352143455,0,0,0,0,0,1,22.6,0
MPLAD100530,West Bengal,Kolkata,MP_056,Vendor_063,419906.74,545495.92,1.2990882689808696,0,0,1,0,0,-1,90.0,1
MPLAD100531,Rajasthan,Udaipur,MP_052,Vendor_034,500000.0,50235.79,0.10047158,0,0,0,0,0,1,22.6,0
MPLAD100532,Punjab,Ludhiana,MP_030,Vendor_078,1977484.48,855195.73,0.4324664687128164,0,0,0,0,0,1,24.1,0
MPLAD100533,Jharkhand,Ranchi,MP_051,Vendor_069,2174189.41,1057848.78,0.4865485845596129,0,0,0,0,0,1,10.7,0
MPLAD100534,Punjab,Amritsar,MP_064,Vendor_037,2367632.25,2030440.29,0.8575826292279978,0,0,0,0,0,1,21.5,0
MPLAD100535,Bihar,Bhagalpur,MP_070,Vendor_003,914392.03,704467.25,0.7704214679124007,0,0,0,0,0,1,14.2,0
MPLAD100536,Kerala,Thiruvananthapuram,MP_134,Vendor_036,729488.25,262051.56,0.35922656739159264,0,0,0,0,0,1,21.3,0
MPLAD100537,Rajasthan,Udaipur,MP_023,Vendor_081,1996384.51,2388940.61,1.196633513250411,0,0,1,0,0,-1,90.0,1
MPLAD100538,Punjab,Jalandhar,MP_139,Vendor_009,500746.84,0.0,0.0,0,0,0,0,1,-1,60.0,1
MPLAD100539,Tamil Nadu,Madurai,MP_145,Vendor_076,881084.17,853754.34,0.9689815900335605,0,0,0,0,0,1,34.3,0
MPLAD100540,Gujarat,Ahmedabad,MP_095,Vendor_065,835264.01,0.0,0.0,0,0,0,0,1,1,60.0,1
MPLAD100541,Gujarat,Surat,MP_097,Vendor_055,2255815.56,2255815.56,1.0,0,0,0,0,0,-1,52.3,1
MPLAD100542,Kerala,Kochi,MP_085,Vendor_080,3086319.51,0.0,0.0,0,0,0,0,1,1,60.0,1
MPLAD100543,Andhra Pradesh,Guntur,MP_036,Vendor_006,1470420.06,839227.56,0.5707400101709712,0,0,0,0,0,1,31.6,0
MPLAD100544,Telangana,Hyderabad,MP_143,Vendor_096,5287181.72,19332.64,0.0036565113559213925,0,1,0,0,0,1,85.0,1
MPLAD100545,Kerala,Kozhikode,MP_043,Vendor_088,599042.75,0.0,0.0,0,0,0,0,1,-1,60.0,1
MPLAD100546,Jharkhand,Jamshedpur,MP_031,Vendor_003,2625439.09,2625439.09,1.0,0,0,0,0,0,-1,48.4,1
MPLAD100547,Rajasthan,Jodhpur,MP_063,Vendor_065,2034846.44,1958383.48,0.9624232283591877,0,0,0,0,0,-1,60.6,1
MPLAD100548,Gujarat,Surat,MP_122,Vendor_040,937479.78,258563.66,0.27580718594271975,0,0,0,0,0,1,18.1,0
MPLAD100549,Punjab,Jalandhar,MP_139,Vendor_045,2350576.45,591907.08,0.25181358385514324,0,0,0,0,0,1,32.2,0
MPLAD100550,Gujarat,Ahmedabad,MP_021,Vendor_004,1723423.33,734693.32,0.42629881307223566,0,0,0,0,0,1,29.1,0
MPLAD100551,Maharashtra,Nashik,MP_068,Vendor_087,2419349.13,2288971.57,0.9461104813756251,0,0,0,0,0,1,38.7,0
MPLAD100552,Chhattisgarh,Bilaspur,MP_080,Vendor_022,1463505.43,0.0,0.0,0,0,0,0,1,1,60.0,1
MPLAD100553,Bihar,Bhagalpur,MP_147,Vendor_003,805242.13,95559.03,0.11867117533952179,0,0,0,0,0,1,15.4,0
MPLAD100554,Jharkhand,Ranchi,MP_035,Vendor_061,1842786.87,1833105.42,0.9947462996629663,0,0,0,0,0,-1,53.6,1
MPLAD100555,Bihar,Bhagalpur,MP_018,Vendor_094,2237392.68,0.0,0.0,0,0,0,0,1,1,60.0,1
MPLAD100556,Telangana,Hyderabad,MP_143,Vendor_104,4071082.05,3601710.17,0.8847058658520528,0,0,0,0,0,1,38.4,0
MPLAD100557,Kerala,Thiruvananthapuram,MP_102,Vendor_078,1851201.47,819623.24,0.4427520468639213,0,0,0,0,0,1,27.1,0
MPLAD100558,Haryana,Gurugram,MP_126,Vendor_051,2750248.05,0.0,0.0,0,0,0,0,1,1,60.0,1
MPLAD100559,Odisha,Cuttack,MP_039,Vendor_030,821546.45,821546.45,1.0,0,0,0,0,0,1,32.9,0
MPLAD100560,Kerala,Kochi,MP_082,Vendor_006,989170.15,197477.03,0.19963909141415154,0,0,0,0,0,1,25.4,0
MPLAD100561,Rajasthan,Jaipur,MP_121,Vendor_119,368610.48,368610.48,1.0,0,0,0,0,0,-1,51.9,1
MPLAD100562,Maharashtra,Pune,MP_127,Vendor_072,1144014.18,0.0,0.0,0,0,0,0,1,1,60.0,1
MPLAD100563,West Bengal,Kolkata,MP_009,Vendor_097,1955004.68,1741949.57,0.8910206649735489,0,0,0,0,0,-1,66.9,1
MPLAD100564,Assam,Dibrugarh,MP_117,Vendor_081,1490228.84,706232.83,0.473908980314728,0,0,0,0,0,-1,41.1,1
MPLAD100565,Uttar Pradesh,Lucknow,MP_049,Vendor_058,1624763.96,1511608.46,0.9303557299486136,0,0,0,0,0,1,35.8,0
MPLAD100566,Kerala,Kochi,MP_104,Vendor_017,966490.82,832969.0,0.8618488481866802,0,0,0,0,0,-1,41.7,1
MPLAD100567,Maharashtra,Mumbai,MP_067,Vendor_074,546680.97,136857.3,0.25034216940092135,0,0,0,0,0,1,8.2,0
MPLAD100568,Madhya Pradesh,Indore,MP_150,Vendor_075,2952636.51,1287096.96,0.4359144634433854,0,0,0,0,0,-1,43.9,1
MPLAD100569,Chhattisgarh,Bilaspur,MP_130,Vendor_075,970557.44,958987.05,0.9880786138736931,0,0,0,0,0,-1,41.9,1
MPLAD100570,Uttar Pradesh,Lucknow,MP_049,Vendor_062,2167979.61,0.0,0.0,0,0,0,0,1,-1,60.0,1
MPLAD100571,Punjab,Amritsar,MP_098,Vendor_082,550334.62,262685.85,0.47732023473282487,0,0,0,0,0,1,17.4,0
MPLAD100572,Haryana,Gurugram,MP_126,Vendor_011,739926.47,294188.57,0.3975916282600351,0,0,0,0,0,-1,42.9,1
MPLAD100573,Assam,Dibrugarh,MP_131,Vendor_083,922380.41,0.0,0.0,0,0,0,0,1,-1,60.0,1
MPLAD100574,Rajasthan,Jodhpur,MP_063,Vendor_043,662778.6,0.0,0.0,0,0,0,0,1,1,60.0,1
MPLAD100575,Assam,Guwahati,MP_133,Vendor_027,926502.27,0.0,0.0,0,1,0,0,1,1,85.0,1
MPLAD100576,Kerala,Kochi,MP_104,Vendor_060,1910264.09,703141.06,0.36808578650504814,0,0,0,0,0,1,26.5,0
MPLAD100577,Punjab,Amritsar,MP_098,Vendor_120,2469913.42,2064761.15,0.8359649910319529,0,0,0,0,0,1,27.3,0
MPLAD100578,Odisha,Cuttack,MP_010,Vendor_049,970115.88,0.0,0.0,0,0,0,0,1,1,60.0,1
MPLAD100579,Bihar,Bhagalpur,MP_147,Vendor_105,1202529.34,775830.21,0.6451653063200935,0,0,0,0,0,1,12.3,0
MPLAD100580,Chhattisgarh,Bilaspur,MP_081,Vendor_016,1333264.18,866252.29,0.6497229153790062,0,0,0,0,0,1,30.7,0
MPLAD100581,Kerala,Thiruvananthapuram,MP_134,Vendor_028,2081229.97,1104644.53,0.5307652426319808,0,0,0,0,0,1,11.0,0
MPLAD100582,Uttar Pradesh,Varanasi,MP_007,Vendor_116,1917998.24,566858.01,0.29554667891666053,0,0,0,0,0,-1,57.1,1
MPLAD100583,Assam,Silchar,MP_088,Vendor_092,739959.55,38522.16,0.05205981867522353,0,0,0,0,0,1,13.2,0
MPLAD100584,Telangana,Hyderabad,MP_140,Vendor_061,520272.25,26013.61,0.04999999519482348,0,0,0,0,0,1,35.9,0
MPLAD100585,Punjab,Amritsar,MP_098,Vendor_045,2097311.78,380557.84,0.18145029443357252,0,0,0,0,0,1,30.4,0
MPLAD100586,Kerala,Kochi,MP_022,Vendor_023,2021288.16,0.0,0.0,0,0,0,0,1,1,60.0,1
MPLAD100587,Jharkhand,Ranchi,MP_107,Vendor_092,2301090.8,2301090.8,1.0,0,0,0,0,0,1,25.5,0
MPLAD100588,Jharkhand,Ranchi,MP_109,Vendor_062,1944441.89,0.0,0.0,0,0,0,0,1,1,60.0,1
MPLAD100589,Chhattisgarh,Raipur,MP_005,Vendor_094,2082476.64,763875.37,0.36681101498454266,0,0,0,0,0,1,21.3,0
MPLAD100590,Chhattisgarh,Bilaspur,MP_103,Vendor_095,1688316.49,573670.56,0.3397885191537755,0,0,0,0,0,1,31.6,0
MPLAD100591,Assam,Silchar,MP_016,Vendor_075,824018.68,0.0,0.0,0,0,0,0,1,-1,60.0,1
MPLAD100592,Uttar Pradesh,Varanasi,MP_096,Vendor_061,766016.14,328454.48,0.42878271468274803,0,0,0,0,0,-1,55.7,1
MPLAD100593,Kerala,Kochi,MP_085,Vendor_060,2276820.69,1460822.06,0.6416061073303054,0,0,0,0,0,1,29.0,0
MPLAD100594,Rajasthan,Udaipur,MP_044,Vendor_069,548188.23,415034.6,0.7571023551527183,0,0,0,0,0,1,15.8,0
MPLAD100595,Chhattisgarh,Bilaspur,MP_080,Vendor_116,1594700.94,473099.87,0.29666996371118964,0,0,0,0,0,-1,62.8,1
MPLAD100596,Punjab,Jalandhar,MP_144,Vendor_115,1354362.6,735026.5,0.542710275667683,0,0,0,0,0,1,27.4,0
MPLAD100597,Andhra Pradesh,Guntur,MP_036,Vendor_116,505897.12,186840.91,0.36932590167740037,0,0,0,0,0,-1,57.2,1
MPLAD100598,Haryana,Gurugram,MP_126,Vendor_113,326744.03,133532.98,0.4086776428631305,0,0,0,0,0,1,9.8,0
MPLAD100599,West Bengal,Kolkata,MP_056,Vendor_034,5708359.64,2715009.07,0.47561983498292687,0,0,0,0,0,1,8.0,0
MPLAD100600,West Bengal,Kolkata,MP_089,Vendor_091,1530310.5,797846.97,0.5213628018627592,0,0,0,0,0,1,32.6,0
MPLAD100601,Maharashtra,Mumbai,MP_067,Vendor_066,2250393.52,2250393.52,1.0,0,0,0,0,0,-1,43.3,1
MPLAD100602,Kerala,Kochi,MP_082,Vendor_065,594672.24,594672.24,1.0,0,0,0,0,0,-1,42.7,1
MPLAD100603,Punjab,Jalandhar,MP_114,Vendor_002,7643726.9,457169.63,0.05980978074975441,0,0,0,0,0,1,27.6,0
MPLAD100604,Kerala,Kochi,MP_073,Vendor_112,2932275.76,0.0,0.0,0,0,0,0,1,1,60.0,1
MPLAD100605,Bihar,Patna,MP_050,Vendor_051,484198.87,0.0,0.0,0,0,0,0,1,1,60.0,1
MPLAD100606,Assam,Dibrugarh,MP_117,Vendor_030,1316346.54,1047741.98,0.7959469244322244,0,0,0,0,0,1,16.4,0
MPLAD100607,Rajasthan,Jodhpur,MP_099,Vendor_091,1500000.0,1500000.0,1.0,0,0,0,0,1,-1,60.0,1
MPLAD100608,Tamil Nadu,Madurai,MP_136,Vendor_113,944449.62,565353.8,0.5986066255180451,0,0,0,0,0,1,8.5,0
MPLAD100609,Gujarat,Ahmedabad,MP_095,Vendor_006,1174222.95,1116915.76,0.9511956481518268,0,0,0,0,0,1,26.7,0
MPLAD100610,Kerala,Thiruvananthapuram,MP_134,Vendor_061,1759611.96,617580.49,0.3509753877781099,0,0,0,0,0,1,29.6,0
MPLAD100611,Bihar,Patna,MP_050,Vendor_079,798001.05,289370.95,0.36261976096397364,0,0,0,0,0,1,4.4,0
MPLAD100612,Chhattisgarh,Bilaspur,MP_094,Vendor_025,1248251.29,1029483.19,0.8247403373402481,0,0,0,0,0,1,34.5,0
MPLAD100613,Kerala,Kochi,MP_008,Vendor_096,1456297.34,1442238.26,0.9903460099707385,0,0,0,0,0,-1,50.0,1
MPLAD100614,Andhra Pradesh,Guntur,MP_119,Vendor_019,1629751.92,585032.41,0.3589702229036184,0,0,0,0,0,1,37.9,0
MPLAD100615,Bihar,Patna,MP_028,Vendor_092,463270.13,176301.65,0.3805590703635479,0,0,0,0,0,1,8.4,0
MPLAD100616,Karnataka,Mysuru,MP_059,Vendor_101,724021.33,716501.83,0.989614256254025,0,0,0,0,0,1,19.3,0
MPLAD100617,Gujarat,Ahmedabad,MP_015,Vendor_030,1350734.24,744382.58,0.5510947734618765,0,0,0,0,0,1,24.0,0
MPLAD100618,Odisha,Cuttack,MP_010,Vendor_064,978619.68,477893.22,0.48833395625152354,0,0,0,0,0,1,14.7,0
MPLAD100619,Tamil Nadu,Chennai,MP_135,Vendor_038,1503315.52,574283.17,0.38201106977196647,0,0,0,0,0,1,26.2,0
MPLAD100620,Bihar,Bhagalpur,MP_070,Vendor_036,3022336.33,3022336.33,1.0,0,0,0,0,0,-1,48.6,1
MPLAD100621,Tamil Nadu,Madurai,MP_136,Vendor_066,2869881.2,1157826.25,0.4034404803934044,0,0,0,0,0,1,12.6,0
MPLAD100622,Punjab,Amritsar,MP_012,Vendor_008,929083.55,275326.34,0.29634185214020853,0,0,0,0,0,1,31.0,0
MPLAD100623,Haryana,Faridabad,MP_055,Vendor_027,2906248.74,2777738.27,0.9557813244849784,0,0,0,0,0,-1,41.4,1
MPLAD100624,Haryana,Faridabad,MP_137,Vendor_096,316514.89,148026.62,0.46767663916222074,0,0,0,0,0,1,26.9,0
MPLAD100625,Assam,Dibrugarh,MP_123,Vendor_071,886902.76,776878.51,0.8759455320671231,0,0,0,0,0,1,37.6,0
MPLAD100626,Bihar,Patna,MP_050,Vendor_096,1094906.85,0.0,0.0,0,1,0,0,1,1,85.0,1
MPLAD100627,Assam,Guwahati,MP_148,Vendor_094,458887.58,0.0,0.0,0,0,0,0,1,1,60.0,1
MPLAD100628,Tamil Nadu,Madurai,MP_125,Vendor_097,1034483.36,331599.47,0.32054596798927726,0,0,0,0,0,-1,63.3,1
MPLAD100629,Odisha,Cuttack,MP_017,Vendor_015,551332.17,544719.68,0.988006341077467,0,0,0,0,0,1,35.0,0
MPLAD100630,Gujarat,Surat,MP_097,Vendor_024,1254608.9,1000521.96,0.79747717396234,0,0,0,0,0,1,25.8,0
MPLAD100631,West Bengal,Siliguri,MP_111,Vendor_074,2473612.91,1072809.84,0.4337015851037097,0,0,0,0,0,1,22.5,0
MPLAD100632,Chhattisgarh,Raipur,MP_048,Vendor_113,1599150.2,620777.57,0.3881921598108795,0,0,0,0,0,1,5.8,0
MPLAD100633,Maharashtra,Mumbai,MP_069,Vendor_100,1842443.8,0.0,0.0,0,0,0,0,1,1,60.0,1
MPLAD100634,Assam,Dibrugarh,MP_123,Vendor_018,518975.33,82437.46,0.15884658717785294,0,0,0,0,0,1,32.6,0
MPLAD100635,Tamil Nadu,Coimbatore,MP_037,Vendor_071,1253647.89,378492.11,0.301912612799117,0,0,0,0,0,1,7.0,0
MPLAD100636,Karnataka,Mysuru,MP_059,Vendor_021,202603.76,182744.33,0.9019789662343877,0,0,0,0,0,1,35.9,0
MPLAD100637,Rajasthan,Jaipur,MP_121,Vendor_016,2207430.82,2138432.73,0.9687428075322425,0,0,0,0,0,1,33.4,0
MPLAD100638,Kerala,Kozhikode,MP_043,Vendor_036,1920285.46,0.0,0.0,0,0,0,0,1,-1,60.0,1
MPLAD100639,Tamil Nadu,Chennai,MP_135,Vendor_046,1090230.16,519269.01,0.47629301504555704,0,0,0,0,0,1,29.3,0
MPLAD100640,Kerala,Kochi,MP_085,Vendor_101,407195.09,357564.4,0.8781156963361223,0,0,0,0,0,1,25.6,0
MPLAD100641,Assam,Dibrugarh,MP_075,Vendor_084,1053336.71,26519.47,0.025176631316685055,0,1,0,0,0,-1,85.0,1
MPLAD100642,Andhra Pradesh,Vijayawada,MP_116,Vendor_046,338826.76,65612.33,0.19364565537857753,0,0,0,0,0,1,31.1,0
MPLAD100643,Maharashtra,Nashik,MP_011,Vendor_033,1629561.49,0.0,0.0,0,0,0,0,1,1,60.0,1
MPLAD100644,Telangana,Hyderabad,MP_143,Vendor_038,1453146.27,1276027.97,0.8781139217320497,0,0,0,0,0,1,19.9,0
MPLAD100645,Maharashtra,Nashik,MP_011,Vendor_098,698681.51,0.0,0.0,0,0,0,0,1,1,60.0,1
MPLAD100646,Bihar,Bhagalpur,MP_018,Vendor_032,3069093.77,1461846.33,0.4763120450373206,0,0,0,0,0,1,6.0,0
MPLAD100647,Maharashtra,Nashik,MP_068,Vendor_026,720382.89,343776.8,0.47721399934970693,0,0,0,0,0,-1,39.7,1
MPLAD100648,Jharkhand,Ranchi,MP_051,Vendor_054,3578397.33,0.0,0.0,0,0,0,0,1,-1,60.0,1
MPLAD100649,Assam,Silchar,MP_016,Vendor_062,718629.0,708696.75,0.9861788906375891,0,0,0,0,0,1,25.4,0
MPLAD100650,Gujarat,Surat,MP_053,Vendor_049,607341.24,189494.23,0.3120061960554498,0,0,0,0,0,1,8.9,0
MPLAD100651,West Bengal,Siliguri,MP_071,Vendor_013,629903.35,0.0,0.0,0,0,0,0,1,1,60.0,1
MPLAD100652,Kerala,Thiruvananthapuram,MP_102,Vendor_021,1135177.37,0.0,0.0,0,1,0,0,1,1,85.0,1
MPLAD100653,Andhra Pradesh,Vijayawada,MP_116,Vendor_042,1356157.83,452880.55,0.33394383749566964,0,0,0,0,0,-1,48.8,1
MPLAD100654,Tamil Nadu,Madurai,MP_042,Vendor_031,2413684.39,0.0,0.0,0,0,0,0,1,1,60.0,1
MPLAD100655,Tamil Nadu,Chennai,MP_066,Vendor_112,2284471.81,766774.74,0.3356464004692621,0,0,0,0,0,1,7.1,0
MPLAD100656,Chhattisgarh,Bilaspur,MP_081,Vendor_016,1014565.27,470945.34,0.4641843693309155,0,0,0,0,0,1,28.8,0
MPLAD100657,Maharashtra,Mumbai,MP_061,Vendor_055,1809419.28,732159.88,0.4046380449754023,0,0,0,0,0,1,12.7,0
MPLAD100658,Punjab,Jalandhar,MP_115,Vendor_030,2337452.53,2036935.2,0.8714338254390134,0,0,0,0,0,1,23.4,0
MPLAD100659,Gujarat,Surat,MP_097,Vendor_044,334602.31,321326.54,0.9603237347644132,0,0,0,0,0,1,17.1,0
MPLAD100660,Tamil Nadu,Coimbatore,MP_037,Vendor_111,319377.87,170164.93,0.5328012551401886,0,0,0,0,0,1,34.3,0
MPLAD100661,Kerala,Kochi,MP_082,Vendor_104,719264.53,91118.04,0.12668223747944304,0,0,0,0,0,1,23.0,0
MPLAD100662,Andhra Pradesh,Vijayawada,MP_116,Vendor_054,2566866.32,2252510.13,0.8775330886728843,0,0,0,0,0,-1,65.6,1
MPLAD100663,Tamil Nadu,Madurai,MP_145,Vendor_105,3092414.39,1568855.57,0.5073238486644088,0,0,0,0,0,1,19.3,0
MPLAD100664,Kerala,Thiruvananthapuram,MP_083,Vendor_029,4514291.29,0.0,0.0,0,0,0,0,1,1,60.0,1
MPLAD100665,Telangana,Hyderabad,MP_041,Vendor_063,1290907.66,680688.06,0.5272941520852081,0,0,0,0,0,1,19.6,0
MPLAD100666,Haryana,Faridabad,MP_137,Vendor_049,751215.89,627462.89,0.8352630693155333,0,0,0,0,0,1,31.2,0
MPLAD100667,Kerala,Kochi,MP_082,Vendor_047,2154372.68,1214507.83,0.5637408240806321,0,0,0,0,0,-1,41.3,1
MPLAD100668,Gujarat,Ahmedabad,MP_047,Vendor_031,2601715.92,0.0,0.0,0,0,0,0,1,1,60.0,1
MPLAD100669,Assam,Dibrugarh,MP_123,Vendor_107,336168.54,111795.72,0.33255854340206853,0,0,0,0,0,-1,51.0,1
MPLAD100670,Assam,Silchar,MP_076,Vendor_097,754279.4,704542.44,0.9340602964896031,0,0,0,0,0,-1,68.7,1
MPLAD100671,Gujarat,Surat,MP_006,Vendor_038,594238.66,491332.53,0.8268269351576688,0,0,0,0,0,1,25.7,0
MPLAD100672,Gujarat,Vadodara,MP_025,Vendor_046,1405660.11,1346065.09,0.9576035347549273,0,0,0,0,0,1,26.2,0
MPLAD100673,Bihar,Gaya,MP_072,Vendor_085,2005723.39,1085839.13,0.5413703282385314,0,0,0,0,0,-1,51.9,1
MPLAD100674,Gujarat,Ahmedabad,MP_047,Vendor_076,647906.53,265300.17,0.4094729065317492,0,0,0,0,0,1,22.3,0
MPLAD100675,Gujarat,Vadodara,MP_093,Vendor_056,467248.85,0.0,0.0,0,0,0,0,1,-1,60.0,1
MPLAD100676,Telangana,Hyderabad,MP_142,Vendor_120,2240868.01,2113884.1,0.9433327132908645,0,0,0,0,0,1,28.1,0
MPLAD100677,Rajasthan,Udaipur,MP_052,Vendor_018,855107.32,826670.84,0.9667451332307622,0,0,0,0,0,1,22.7,0
MPLAD100678,Tamil Nadu,Madurai,MP_087,Vendor_088,1525245.54,0.0,0.0,0,0,0,0,1,1,60.0,1
MPLAD100679,Telangana,Hyderabad,MP_140,Vendor_085,944752.61,180437.09,0.19098871819999524,0,0,0,0,0,1,26.1,0
MPLAD100680,Maharashtra,Mumbai,MP_105,Vendor_041,1875635.31,0.0,0.0,0,0,0,0,1,1,60.0,1
MPLAD100681,Maharashtra,Mumbai,MP_061,Vendor_093,1116459.73,0.0,0.0,0,0,0,0,1,1,60.0,1
MPLAD100682,Gujarat,Vadodara,MP_040,Vendor_064,1423745.19,1534502.44,1.077792887925402,0,0,1,0,0,-1,90.0,1
MPLAD100683,Jharkhand,Jamshedpur,MP_031,Vendor_018,1084778.99,256058.13,0.23604635816185932,0,0,0,0,0,1,12.2,0
MPLAD100684,Odisha,Cuttack,MP_010,Vendor_025,1740737.22,1193901.56,0.6858597301665096,0,0,0,0,0,-1,49.0,1
MPLAD100685,Tamil Nadu,Coimbatore,MP_128,Vendor_037,770386.94,770386.94,1.0,0,0,0,0,0,-1,45.8,1
MPLAD100686,Punjab,Amritsar,MP_098,Vendor_029,756276.76,685079.4,0.905858061802666,0,0,0,0,0,1,30.9,0
MPLAD100687,West Bengal,Siliguri,MP_032,Vendor_060,2197105.15,773136.36,0.3518886476598537,0,0,0,0,0,1,9.5,0
MPLAD100688,Maharashtra,Mumbai,MP_061,Vendor_090,1448770.96,655576.29,0.45250512889904976,0,0,0,0,0,1,6.0,0
MPLAD100689,West Bengal,Kolkata,MP_001,Vendor_053,347983.42,223210.35,0.6414396122665845,0,0,0,0,0,1,11.1,0
MPLAD100690,Odisha,Rourkela,MP_090,Vendor_028,1965510.43,1804566.24,0.9181158300950863,0,0,0,0,0,1,25.7,0
MPLAD100691,Maharashtra,Mumbai,MP_105,Vendor_117,762237.16,0.0,0.0,0,0,0,0,1,1,60.0,1
MPLAD100692,Gujarat,Ahmedabad,MP_015,Vendor_054,821026.8,0.0,0.0,0,0,0,0,1,-1,60.0,1
MPLAD100693,Haryana,Panipat,MP_026,Vendor_112,1137740.06,946686.68,0.832076423502219,0,0,0,0,0,-1,41.9,1
MPLAD100694,Punjab,Amritsar,MP_064,Vendor_084,1049830.77,280239.59,0.2669378703769561,0,0,0,0,0,-1,46.3,1
MPLAD100695,Tamil Nadu,Madurai,MP_145,Vendor_068,819382.22,0.0,0.0,0,1,0,0,1,-1,85.0,1
MPLAD100696,Rajasthan,Jaipur,MP_121,Vendor_118,1221084.33,490296.68,0.40152565056665657,0,0,0,0,0,1,27.5,0
MPLAD100697,Maharashtra,Mumbai,MP_067,Vendor_070,1622392.26,529019.17,0.3260735292215953,0,0,0,0,0,1,7.0,0
MPLAD100698,Karnataka,Mysuru,MP_059,Vendor_111,438950.78,391999.68,0.8930378936791045,0,0,0,0,0,1,33.3,0
MPLAD100699,Assam,Dibrugarh,MP_075,Vendor_101,3733255.39,0.0,0.0,0,0,0,0,1,-1,60.0,1
MPLAD100700,Assam,Silchar,MP_129,Vendor_047,548360.55,143197.44,0.2611373848829935,0,0,0,0,0,-1,53.7,1
MPLAD100701,Assam,Guwahati,MP_148,Vendor_075,780962.23,454075.57,0.5814308971126555,0,0,0,0,0,-1,47.8,1
MPLAD100702,Odisha,Rourkela,MP_106,Vendor_007,943037.75,863256.53,0.9153997599777952,0,0,0,0,0,1,32.8,0
MPLAD100703,Chhattisgarh,Bilaspur,MP_103,Vendor_089,687485.1,200969.4,0.2923254627627566,0,0,0,0,0,1,27.1,0
MPLAD100704,Maharashtra,Mumbai,MP_069,Vendor_059,4487086.2,6206600.33,1.383213973023295,0,0,1,0,0,1,90.0,1
MPLAD100705,Uttar Pradesh,Varanasi,MP_007,Vendor_052,1724121.06,2122739.29,1.231200835746418,0,0,1,0,0,-1,90.0,1
MPLAD100706,Kerala,Kochi,MP_104,Vendor_019,715472.85,0.0,0.0,0,0,0,0,1,-1,60.0,1
MPLAD100707,Gujarat,Ahmedabad,MP_095,Vendor_031,1579094.95,1457512.64,0.9230050669214033,0,0,0,0,0,1,24.3,0
MPLAD100708,Gujarat,Vadodara,MP_093,Vendor_044,830429.25,114356.85,0.1377081190239867,0,0,0,0,0,1,34.8,0
MPLAD100709,Jharkhand,Ranchi,MP_109,Vendor_096,764846.49,340477.89,0.44515846572035656,0,0,0,0,0,1,6.1,0
MPLAD100710,Bihar,Bhagalpur,MP_110,Vendor_079,2303335.31,2303335.31,1.0,0,0,0,0,0,1,34.1,0
MPLAD100711,Odisha,Rourkela,MP_013,Vendor_081,2517678.88,669771.53,0.2660273855099424,0,0,0,0,0,1,19.2,0
MPLAD100712,Assam,Dibrugarh,MP_123,Vendor_055,1384014.88,619197.72,0.44739238641711715,0,0,0,0,0,1,25.2,0
MPLAD100713,Punjab,Jalandhar,MP_114,Vendor_103,1071353.02,780647.11,0.7286553502224691,0,0,0,0,0,1,24.0,0
MPLAD100714,Madhya Pradesh,Bhopal,MP_033,Vendor_027,2104959.2,1182301.55,0.5616743307898794,0,0,0,0,0,1,12.7,0
MPLAD100715,Gujarat,Ahmedabad,MP_027,Vendor_009,1096730.6,339555.83,0.30960732745124464,0,0,0,0,0,1,22.9,0
MPLAD100716,Assam,Dibrugarh,MP_117,Vendor_117,802366.99,753559.17,0.9391702043973669,0,0,0,0,0,1,23.3,0
MPLAD100717,Rajasthan,Jodhpur,MP_063,Vendor_101,1693362.91,1693362.91,1.0,0,0,0,0,0,1,31.4,0
MPLAD100718,Andhra Pradesh,Vijayawada,MP_116,Vendor_004,2525075.97,530917.68,0.2102581016602047,0,0,0,0,0,1,37.3,0
MPLAD100719,Chhattisgarh,Bilaspur,MP_081,Vendor_087,2742840.1,2305442.97,0.8405313054887888,0,0,0,0,0,1,27.8,0
MPLAD100720,Maharashtra,Pune,MP_014,Vendor_002,6606743.16,6606743.16,1.0,0,0,0,0,0,-1,60.5,1
MPLAD100721,Odisha,Rourkela,MP_013,Vendor_109,2738885.58,879302.82,0.32104401382112496,0,0,0,0,0,1,32.7,0
MPLAD100722,Bihar,Patna,MP_050,Vendor_053,1787004.97,662947.68,0.37098256083753367,0,0,0,0,0,1,8.5,0
MPLAD100723,Gujarat,Ahmedabad,MP_027,Vendor_028,656888.5,204367.35,0.3111142149695116,0,0,0,0,0,-1,42.4,1
MPLAD100724,Punjab,Ludhiana,MP_141,Vendor_026,411258.95,0.0,0.0,0,0,0,0,1,-1,60.0,1
MPLAD100725,Gujarat,Ahmedabad,MP_027,Vendor_047,500000.0,0.0,0.0,0,0,0,0,1,-1,60.0,1
MPLAD100726,Gujarat,Surat,MP_006,Vendor_117,595778.94,0.0,0.0,0,0,0,0,1,1,60.0,1
MPLAD100727,Karnataka,Mysuru,MP_059,Vendor_073,1774422.24,68735.98,0.03873710464765139,0,1,0,0,0,1,85.0,1
MPLAD100728,Rajasthan,Jaipur,MP_004,Vendor_102,1113909.09,1487974.49,1.3358132215260043,0,0,1,0,0,1,90.0,1
MPLAD100729,Chhattisgarh,Bilaspur,MP_080,Vendor_005,4878919.81,2419074.91,0.4958218220848357,0,0,0,0,0,1,34.1,0
MPLAD100730,Jharkhand,Jamshedpur,MP_031,Vendor_031,2500000.0,0.0,0.0,0,0,0,0,1,1,60.0,1
MPLAD100731,Jharkhand,Ranchi,MP_035,Vendor_100,329565.81,273432.8,0.8296758695933901,0,0,0,0,0,1,21.4,0
MPLAD100732,West Bengal,Kolkata,MP_001,Vendor_083,3348350.11,3234869.44,0.9661084814096695,0,0,0,0,0,-1,42.2,1
MPLAD100733,West Bengal,Siliguri,MP_032,Vendor_069,10983273.31,3399347.13,0.3095021888333579,0,0,0,0,0,-1,43.1,1
MPLAD100734,Chhattisgarh,Bilaspur,MP_130,Vendor_013,812374.49,164030.79,0.20191523985446663,0,0,0,0,0,1,33.7,0
MPLAD100735,Chhattisgarh,Bilaspur,MP_103,Vendor_092,1079485.83,301922.8,0.27969130451670676,0,0,0,0,0,1,15.3,0
MPLAD100736,Madhya Pradesh,Indore,MP_150,Vendor_041,6049923.14,6049923.14,1.0,0,0,0,0,0,-1,59.7,1
MPLAD100737,West Bengal,Siliguri,MP_071,Vendor_089,4324509.95,4324509.95,1.0,0,0,0,0,0,-1,44.3,1
MPLAD100738,Assam,Dibrugarh,MP_075,Vendor_029,734865.1,56811.89,0.07730927758033414,0,0,0,0,0,1,34.3,0
MPLAD100739,Punjab,Amritsar,MP_098,Vendor_090,2216980.65,762186.6,0.34379488156561044,0,0,0,0,0,1,15.9,0
MPLAD100740,Rajasthan,Jodhpur,MP_063,Vendor_004,1132307.26,1113635.21,0.9835097321552102,0,0,0,0,0,-1,66.5,1
MPLAD100741,West Bengal,Kolkata,MP_009,Vendor_012,1421495.43,241599.09,0.16996121471878387,0,0,0,0,0,1,17.8,0
MPLAD100742,Assam,Silchar,MP_088,Vendor_071,396906.97,229818.11,0.5790226107644317,0,0,0,0,0,1,8.9,0
MPLAD100743,Gujarat,Vadodara,MP_093,Vendor_023,3820975.29,0.0,0.0,0,0,0,0,1,1,60.0,1
MPLAD100744,Kerala,Thiruvananthapuram,MP_102,Vendor_042,3480149.19,761926.78,0.21893509111314852,0,0,0,0,0,1,13.6,0
MPLAD100745,Punjab,Amritsar,MP_064,Vendor_088,1360677.59,0.0,0.0,0,0,0,0,1,1,60.0,1
MPLAD100746,Tamil Nadu,Madurai,MP_136,Vendor_056,1208011.22,111169.15,0.0920265873027239,0,0,0,0,0,1,10.6,0
MPLAD100747,Gujarat,Surat,MP_006,Vendor_083,1225761.65,742794.04,0.6059857069276071,0,0,0,0,0,1,35.8,0
MPLAD100748,Assam,Dibrugarh,MP_065,Vendor_009,2240286.53,1027774.16,0.45876906647293914,0,0,0,0,0,1,10.0,0
MPLAD100749,Gujarat,Surat,MP_006,Vendor_072,2196634.86,2135534.35,0.9721844940583344,0,0,0,0,0,-1,45.3,1
MPLAD100750,Telangana,Hyderabad,MP_142,Vendor_073,1369815.59,61391.25,0.04481716403884701,0,1,0,0,0,-1,85.0,1
MPLAD100751,Kerala,Kochi,MP_085,Vendor_064,660329.02,173793.17,0.263191779758521,0,0,0,0,0,1,27.0,0
MPLAD100752,Rajasthan,Jodhpur,MP_063,Vendor_025,238797.9,217825.81,0.9121764052363944,0,0,0,0,0,1,33.4,0
MPLAD100753,Rajasthan,Udaipur,MP_052,Vendor_073,552052.7,295730.47,0.5356924619696634,0,0,0,0,0,1,24.7,0
MPLAD100754,Madhya Pradesh,Indore,MP_038,Vendor_032,1398561.01,669442.01,0.47866485996202623,0,0,0,0,0,1,37.6,0
MPLAD100755,Punjab,Amritsar,MP_064,Vendor_038,2215474.16,0.0,0.0,0,0,0,0,1,1,60.0,1
MPLAD100756,Kerala,Thiruvananthapuram,MP_134,Vendor_069,393037.3,0.0,0.0,0,0,0,0,1,1,60.0,1
MPLAD100757,Kerala,Kochi,MP_108,Vendor_048,563191.93,148396.8,0.2634924119029901,0,0,0,0,0,1,27.3,0
MPLAD100758,Jharkhand,Ranchi,MP_051,Vendor_001,2500000.0,1399100.79,0.559640316,0,0,0,0,0,1,12.0,0
MPLAD100759,Odisha,Cuttack,MP_010,Vendor_016,500000.0,500000.0,1.0,0,0,0,0,1,-1,60.0,1
MPLAD100760,Rajasthan,Udaipur,MP_052,Vendor_117,851904.74,669273.72,0.7856203734703953,0,0,0,0,0,1,36.4,0
MPLAD100761,Kerala,Kochi,MP_086,Vendor_103,1621838.38,460091.65,0.28368526461927734,0,0,0,0,0,1,32.5,0
MPLAD100762,Odisha,Rourkela,MP_013,Vendor_076,1500921.62,510651.12,0.34022504119835384,0,0,0,0,0,1,18.9,0
MPLAD100763,Uttar Pradesh,Varanasi,MP_007,Vendor_042,729289.2,0.0,0.0,0,0,0,0,1,1,60.0,1
MPLAD100764,Uttar Pradesh,Varanasi,MP_096,Vendor_073,610625.92,592735.89,0.9707021444487649,0,0,0,0,0,1,35.6,0
MPLAD100765,Haryana,Gurugram,MP_003,Vendor_066,862546.14,409885.24,0.47520384242864966,0,0,0,0,0,1,16.1,0
MPLAD100766,Maharashtra,Mumbai,MP_069,Vendor_079,1530287.95,0.0,0.0,0,1,0,0,1,1,85.0,1
MPLAD100767,Karnataka,Mysuru,MP_019,Vendor_046,2137552.9,687318.65,0.32154462703589703,0,0,0,0,0,1,19.9,0
MPLAD100768,Gujarat,Ahmedabad,MP_002,Vendor_061,437227.54,0.0,0.0,0,0,0,0,1,-1,60.0,1
MPLAD100769,Punjab,Ludhiana,MP_101,Vendor_039,494756.51,0.0,0.0,0,0,0,0,1,1,60.0,1
MPLAD100770,Tamil Nadu,Madurai,MP_042,Vendor_109,2035407.93,2035407.93,1.0,0,0,0,0,0,-1,43.7,1
MPLAD100771,Gujarat,Surat,MP_053,Vendor_019,2059719.49,1414895.1,0.6869358215375241,0,0,0,0,0,1,30.9,0
MPLAD100772,Punjab,Jalandhar,MP_045,Vendor_036,5448592.27,1874678.06,0.3440664977487846,0,0,0,0,0,1,28.2,0
MPLAD100773,Rajasthan,Udaipur,MP_023,Vendor_036,1519931.69,0.0,0.0,0,0,0,0,1,-1,60.0,1
MPLAD100774,Tamil Nadu,Madurai,MP_136,Vendor_014,509054.72,102199.28,0.2007628570853837,0,0,0,0,0,1,9.3,0
MPLAD100775,Gujarat,Ahmedabad,MP_002,Vendor_109,609682.46,366965.2,0.6018956162852381,0,0,0,0,0,-1,40.1,1
MPLAD100776,West Bengal,Kolkata,MP_001,Vendor_036,898622.54,0.0,0.0,0,0,0,0,1,-1,60.0,1
MPLAD100777,Gujarat,Vadodara,MP_025,Vendor_055,2467221.38,2170224.09,0.8796227641315267,0,0,0,0,0,-1,42.2,1
MPLAD100778,Punjab,Amritsar,MP_012,Vendor_015,1597003.0,443332.8,0.27760298509144943,0,0,0,0,0,1,36.2,0
MPLAD100779,Kerala,Thiruvananthapuram,MP_074,Vendor_092,633525.57,291619.74,0.46031250167218984,0,0,0,0,0,1,12.7,0
MPLAD100780,Punjab,Jalandhar,MP_114,Vendor_064,2142065.33,1125680.68,0.5255118339457928,0,0,0,0,0,-1,43.2,1
MPLAD100781,Punjab,Ludhiana,MP_101,Vendor_108,798340.34,376370.74,0.4714414656786603,0,0,0,0,0,-1,53.8,1
MPLAD100782,West Bengal,Kolkata,MP_009,Vendor_050,3156865.66,132409.42,0.0419433179174308,0,1,0,0,0,1,85.0,1
MPLAD100783,West Bengal,Kolkata,MP_054,Vendor_100,2651963.12,1288617.19,0.48591067510772923,0,0,0,0,0,1,21.1,0
MPLAD100784,Tamil Nadu,Coimbatore,MP_128,Vendor_106,3739099.29,3495886.45,0.934954163787397,0,0,0,0,0,-1,45.4,1
MPLAD100785,West Bengal,Kolkata,MP_001,Vendor_065,420634.25,0.0,0.0,0,0,0,0,1,1,60.0,1
MPLAD100786,West Bengal,Kolkata,MP_089,Vendor_095,631434.21,205472.87,0.3254066167875193,0,0,0,0,0,-1,39.5,1
MPLAD100787,Assam,Dibrugarh,MP_065,Vendor_002,1051627.64,842796.99,0.8014214898345579,0,0,0,0,0,1,29.7,0
MPLAD100788,Maharashtra,Mumbai,MP_061,Vendor_089,946093.61,716880.12,0.7577264156767743,0,0,0,0,0,-1,43.2,1
MPLAD100789,Maharashtra,Mumbai,MP_067,Vendor_061,888296.42,865830.42,0.9747088927815335,0,0,0,0,0,1,33.6,0
MPLAD100790,Jharkhand,Ranchi,MP_035,Vendor_006,1196073.94,996125.49,0.8328293566867614,0,0,0,0,0,1,29.4,0
MPLAD100791,Karnataka,Mysuru,MP_034,Vendor_054,2446608.71,925498.23,0.378277991988347,0,0,0,0,0,-1,44.7,1
MPLAD100792,Maharashtra,Nashik,MP_068,Vendor_044,1949674.87,0.0,0.0,0,0,0,0,1,1,60.0,1
MPLAD100793,Karnataka,Mysuru,MP_062,Vendor_020,1173341.68,244042.87,0.20798960282396173,0,0,0,0,0,1,35.6,0
MPLAD100794,Chhattisgarh,Bilaspur,MP_081,Vendor_088,630709.5,575142.44,0.911897537614385,0,0,0,0,0,1,37.2,0
MPLAD100795,Tamil Nadu,Madurai,MP_087,Vendor_055,1675957.78,872079.12,0.5203467118366192,0,0,0,0,0,1,29.1,0
MPLAD100796,Assam,Silchar,MP_076,Vendor_061,1919771.03,1203881.66,0.6270964824383249,0,0,0,0,0,-1,57.0,1
MPLAD100797,Gujarat,Vadodara,MP_093,Vendor_012,1564707.07,0.0,0.0,0,0,0,0,1,1,60.0,1
MPLAD100798,Rajasthan,Udaipur,MP_044,Vendor_097,900743.89,620351.37,0.6887100505338981,0,0,0,0,0,-1,66.3,1
MPLAD100799,Maharashtra,Mumbai,MP_069,Vendor_061,2698848.51,0.0,0.0,0,1,0,0,1,1,85.0,1
MPLAD100800,Telangana,Hyderabad,MP_041,Vendor_097,989340.46,0.0,0.0,0,0,0,0,1,-1,69.3,1
MPLAD100801,Jharkhand,Ranchi,MP_035,Vendor_070,577200.06,247853.37,0.4294063482945583,0,0,0,0,0,1,9.4,0
MPLAD100802,Jharkhand,Jamshedpur,MP_031,Vendor_080,5966421.31,2718016.1,0.4555521574456163,0,0,0,0,0,1,35.7,0
MPLAD100803,Tamil Nadu,Madurai,MP_125,Vendor_119,1531108.26,173774.95,0.1134961873956581,0,0,0,0,0,-1,40.6,1
MPLAD100804,Rajasthan,Udaipur,MP_052,Vendor_020,1652762.41,0.0,0.0,0,0,0,0,1,1,60.0,1
MPLAD100805,Chhattisgarh,Raipur,MP_020,Vendor_014,1358902.25,0.0,0.0,0,0,0,0,1,1,60.0,1
MPLAD100806,Assam,Silchar,MP_016,Vendor_114,695612.44,622536.32,0.8949470771396785,0,0,0,0,0,1,35.5,0
MPLAD100807,Punjab,Amritsar,MP_064,Vendor_114,1168394.69,345295.02,0.2955294327809724,0,0,0,0,0,1,35.5,0
MPLAD100808,Punjab,Amritsar,MP_012,Vendor_120,2077417.94,30762.69,0.014808137259082301,0,1,0,0,0,1,85.0,1
MPLAD100809,West Bengal,Siliguri,MP_111,Vendor_055,323197.4,45278.4,0.1400951864092966,0,0,0,0,0,1,14.2,0
MPLAD100810,Gujarat,Surat,MP_006,Vendor_040,961147.47,881773.56,0.9174175530004778,0,0,0,0,0,-1,43.0,1
MPLAD100811,Maharashtra,Mumbai,MP_069,Vendor_013,1508560.96,508479.85,0.3370628456406561,0,0,0,0,0,1,4.0,0
MPLAD100812,Assam,Guwahati,MP_133,Vendor_061,1308606.75,430270.85,0.3288007264214402,0,0,0,0,0,1,21.8,0
MPLAD100813,Assam,Guwahati,MP_024,Vendor_107,2536528.1,0.0,0.0,0,0,0,0,1,1,60.0,1
MPLAD100814,Kerala,Kochi,MP_022,Vendor_094,914816.6,523939.55,0.5727263256919475,0,0,0,0,0,1,24.7,0
MPLAD100815,Rajasthan,Udaipur,MP_023,Vendor_029,1345703.71,253836.55,0.188627368798738,0,0,0,0,0,1,8.6,0
MPLAD100816,Karnataka,Hubballi,MP_029,Vendor_016,4408833.19,1636362.07,0.37115536004209765,0,0,0,0,0,1,20.2,0
MPLAD100817,Punjab,Jalandhar,MP_144,Vendor_046,800975.02,692086.06,0.8640544869926157,0,0,0,0,0,1,28.4,0
MPLAD100818,Kerala,Kochi,MP_086,Vendor_052,709133.0,666188.17,0.9394403729624767,0,0,0,0,0,-1,70.7,1
MPLAD100819,West Bengal,Kolkata,MP_089,Vendor_095,1333529.07,368295.45,0.2761810434323715,0,0,0,0,0,1,22.8,0
MPLAD100820,Chhattisgarh,Bilaspur,MP_081,Vendor_038,2061952.9,808794.28,0.3922467288171326,0,0,0,0,0,1,8.6,0
MPLAD100821,Haryana,Panipat,MP_026,Vendor_067,1336255.18,577145.39,0.4319125558038997,0,0,0,0,0,1,29.6,0
MPLAD100822,West Bengal,Siliguri,MP_032,Vendor_093,661570.68,567607.58,0.8579696730211803,0,0,0,0,0,-1,45.9,1
MPLAD100823,Gujarat,Ahmedabad,MP_002,Vendor_027,3271886.72,2863774.12,0.8752668918806578,0,0,0,0,0,1,31.0,0
MPLAD100824,Assam,Silchar,MP_016,Vendor_034,3710123.41,3624946.65,0.977042068258317,0,0,0,0,0,1,23.4,0
MPLAD100825,Gujarat,Surat,MP_097,Vendor_034,843150.72,155645.9,0.18460032863400744,0,0,0,0,0,1,30.0,0
MPLAD100826,Assam,Dibrugarh,MP_065,Vendor_009,2232727.62,940331.66,0.42115825126935996,0,0,0,0,0,1,29.1,0
MPLAD100827,Assam,Dibrugarh,MP_123,Vendor_098,1418680.75,1333576.67,0.9400118173168981,0,0,0,0,0,-1,39.7,1
MPLAD100828,Tamil Nadu,Madurai,MP_145,Vendor_075,401441.44,0.0,0.0,0,0,0,0,1,-1,60.0,1
MPLAD100829,Tamil Nadu,Madurai,MP_042,Vendor_098,2348740.68,0.0,0.0,0,0,0,0,1,1,60.0,1
MPLAD100830,Jharkhand,Jamshedpur,MP_046,Vendor_041,2850114.92,0.0,0.0,0,0,0,0,1,1,60.0,1
MPLAD100831,Chhattisgarh,Bilaspur,MP_058,Vendor_117,2471183.73,2065685.86,0.8359094610905358,0,0,0,0,0,1,32.2,0
MPLAD100832,Gujarat,Ahmedabad,MP_021,Vendor_023,475628.6,87227.56,0.18339427023522134,0,0,0,0,0,1,21.8,0
MPLAD100833,Karnataka,Mysuru,MP_062,Vendor_005,2551293.62,2452273.32,0.9611881991066162,0,0,0,0,0,-1,43.6,1
MPLAD100834,Haryana,Gurugram,MP_126,Vendor_111,338978.14,300329.4,0.885984565258397,0,0,0,0,0,1,38.6,0
MPLAD100835,Telangana,Hyderabad,MP_143,Vendor_091,1560975.24,0.0,0.0,0,0,0,0,1,1,60.0,1
MPLAD100836,West Bengal,Kolkata,MP_089,Vendor_092,1166145.38,439301.29,0.37671228436372145,0,0,0,0,0,1,19.7,0
MPLAD100837,Tamil Nadu,Madurai,MP_087,Vendor_024,744140.32,724475.52,0.9735738012422174,0,0,0,0,0,1,10.7,0
MPLAD100838,Odisha,Rourkela,MP_090,Vendor_072,595091.61,143072.34,0.240420697579655,0,0,0,0,0,1,19.4,0
MPLAD100839,Odisha,Cuttack,MP_017,Vendor_060,2388159.05,0.0,0.0,0,0,0,0,1,1,60.0,1
MPLAD100840,Assam,Silchar,MP_088,Vendor_033,1775638.34,313357.71,0.17647608915675925,0,0,0,0,0,-1,47.6,1
MPLAD100841,Punjab,Ludhiana,MP_141,Vendor_036,580410.86,136770.58,0.23564441919642923,0,0,0,0,0,-1,42.6,1
MPLAD100842,Maharashtra,Nashik,MP_068,Vendor_012,1602173.36,1694439.33,1.0575880065812604,0,0,1,0,0,1,90.0,1
MPLAD100843,Tamil Nadu,Madurai,MP_087,Vendor_088,5336463.4,0.0,0.0,0,0,0,0,1,1,60.0,1
MPLAD100844,Haryana,Panipat,MP_026,Vendor_026,1755813.35,0.0,0.0,0,0,0,0,1,-1,60.0,1
MPLAD100845,Tamil Nadu,Madurai,MP_125,Vendor_082,866904.56,615174.79,0.709622279527518,0,0,0,0,0,1,14.9,0
MPLAD100846,Tamil Nadu,Chennai,MP_135,Vendor_073,1091387.35,165828.75,0.15194307502281384,0,0,0,0,0,1,15.4,0
MPLAD100847,Uttar Pradesh,Varanasi,MP_096,Vendor_001,522578.07,261011.63,0.4994691606557466,0,0,0,0,0,1,26.8,0
MPLAD100848,West Bengal,Siliguri,MP_071,Vendor_050,669431.01,0.0,0.0,0,0,0,0,1,1,60.0,1
MPLAD100849,Maharashtra,Mumbai,MP_105,Vendor_026,1421737.39,769851.42,0.541486371122307,0,0,0,0,0,-1,40.7,1
MPLAD100850,Maharashtra,Nashik,MP_068,Vendor_075,5187001.89,4566651.17,0.8804028351722849,0,0,0,0,0,-1,46.7,1
MPLAD100851,Bihar,Bhagalpur,MP_147,Vendor_115,1445369.22,1068058.2,0.7389518091439639,0,0,0,0,0,1,26.2,0
MPLAD100852,Karnataka,Mysuru,MP_059,Vendor_024,1589273.18,67501.84,0.04247340284192048,0,1,0,0,0,1,85.0,1
MPLAD100853,Madhya Pradesh,Bhopal,MP_033,Vendor_018,1751916.43,1675487.01,0.9563738208676997,0,0,0,0,0,1,28.1,0
MPLAD100854,Jharkhand,Ranchi,MP_109,Vendor_013,1936454.44,1656624.19,0.8554935018249126,0,0,0,0,0,1,22.1,0
MPLAD100855,Maharashtra,Nashik,MP_068,Vendor_082,428795.13,268223.72,0.6255288393783762,0,0,0,0,0,-1,48.1,1
MPLAD100856,Karnataka,Mysuru,MP_034,Vendor_102,1548929.19,1161833.73,0.7500883432895987,0,0,0,0,0,1,18.6,0
MPLAD100857,Haryana,Faridabad,MP_055,Vendor_014,722310.82,709897.77,0.9828148081735784,0,0,0,0,0,1,27.5,0
MPLAD100858,Rajasthan,Jaipur,MP_121,Vendor_021,1537125.12,487708.25,0.3172859799467723,0,0,0,0,0,1,22.0,0
MPLAD100859,Punjab,Jalandhar,MP_139,Vendor_015,1871313.18,1205853.96,0.6443891770163239,0,0,0,0,0,1,24.2,0
MPLAD100860,Tamil Nadu,Coimbatore,MP_128,Vendor_009,1669868.43,1551549.4,0.9291446991425546,0,0,0,0,0,1,32.9,0
MPLAD100861,Tamil Nadu,Madurai,MP_145,Vendor_060,2779405.16,2779405.16,1.0,0,0,0,0,0,1,24.1,0
MPLAD100862,Punjab,Ludhiana,MP_030,Vendor_092,1564953.92,722699.05,0.46180212769459694,0,0,0,0,0,1,22.5,0
MPLAD100863,Haryana,Gurugram,MP_126,Vendor_096,1321355.18,224761.19,0.1700989963955036,0,0,0,0,0,1,14.4,0
MPLAD100864,Punjab,Amritsar,MP_098,Vendor_074,825386.83,347307.56,0.42078156250687937,0,0,0,0,0,1,25.2,0
MPLAD100865,Assam,Silchar,MP_129,Vendor_076,6036309.59,0.0,0.0,0,0,0,0,1,1,60.0,1
MPLAD100866,Haryana,Gurugram,MP_126,Vendor_057,870662.96,183566.97,0.21083585547270783,0,0,0,0,0,1,7.3,0
MPLAD100867,Tamil Nadu,Chennai,MP_066,Vendor_015,1721360.01,658878.62,0.38276631045936754,0,0,0,0,0,1,12.5,0
MPLAD100868,Bihar,Patna,MP_050,Vendor_013,1225791.34,0.0,0.0,0,1,0,0,1,1,85.0,1
MPLAD100869,Tamil Nadu,Madurai,MP_042,Vendor_091,2350666.25,0.0,0.0,0,0,0,0,1,1,60.0,1
MPLAD100870,Gujarat,Ahmedabad,MP_027,Vendor_011,1590051.42,0.0,0.0,0,0,0,0,1,-1,64.8,1
MPLAD100871,Kerala,Kochi,MP_104,Vendor_025,2964434.99,1867282.59,0.6298949365727193,0,0,0,0,0,1,31.1,0
MPLAD100872,Rajasthan,Jaipur,MP_004,Vendor_097,1451748.84,0.0,0.0,0,0,0,0,1,-1,61.9,1
MPLAD100873,Odisha,Cuttack,MP_017,Vendor_100,1388289.13,1260501.72,0.9079533166120807,0,0,0,0,0,-1,53.4,1
MPLAD100874,Rajasthan,Jodhpur,MP_063,Vendor_052,271247.73,261764.24,0.965037532295662,0,0,0,0,0,-1,52.1,1
MPLAD100875,Assam,Silchar,MP_129,Vendor_025,897342.62,316082.6,0.3522429370400349,0,0,0,0,0,1,28.0,0
MPLAD100876,West Bengal,Kolkata,MP_057,Vendor_014,2616597.52,1279642.51,0.48904827747448143,0,0,0,0,0,1,20.9,0
MPLAD100877,Gujarat,Vadodara,MP_093,Vendor_023,3574964.33,0.0,0.0,0,0,0,0,1,1,60.0,1
MPLAD100878,Madhya Pradesh,Indore,MP_150,Vendor_061,548742.74,205737.44,0.37492512429412733,0,0,0,0,0,-1,47.8,1
MPLAD100879,Rajasthan,Jaipur,MP_121,Vendor_044,510428.2,121325.92,0.23769439070960421,0,0,0,0,0,1,14.6,0
MPLAD100880,West Bengal,Kolkata,MP_001,Vendor_100,1258894.32,1119253.57,0.8890766700734657,0,0,0,0,0,-1,44.1,1
MPLAD100881,Maharashtra,Mumbai,MP_067,Vendor_096,1381295.1,1381295.1,1.0,0,0,0,0,0,1,20.1,0
MPLAD100882,Haryana,Faridabad,MP_112,Vendor_039,7778931.43,7505635.29,0.9648671359994235,0,0,0,0,0,1,35.8,0
MPLAD100883,Punjab,Amritsar,MP_012,Vendor_030,442218.87,407707.39,0.9219583732372163,0,0,0,0,0,-1,44.4,1
MPLAD100884,Maharashtra,Mumbai,MP_067,Vendor_105,1783963.79,0.0,0.0,0,0,0,0,1,1,60.0,1
MPLAD100885,Chhattisgarh,Bilaspur,MP_130,Vendor_010,1610085.8,529589.13,0.3289198190556056,0,0,0,0,0,1,29.1,0
MPLAD100886,Odisha,Cuttack,MP_079,Vendor_059,1567629.32,0.0,0.0,0,1,0,0,1,1,85.0,1
MPLAD100887,Rajasthan,Jaipur,MP_004,Vendor_024,1001342.01,492272.92,0.4916131702094472,0,0,0,0,0,1,22.2,0
MPLAD100888,Assam,Silchar,MP_076,Vendor_013,530798.94,648581.37,1.2218965056712436,0,0,1,0,0,-1,90.0,1
MPLAD100889,Odisha,Cuttack,MP_010,Vendor_063,1561540.41,1401635.64,0.8975980583172997,0,0,0,0,0,1,16.4,0
MPLAD100890,Punjab,Ludhiana,MP_101,Vendor_077,785190.42,785190.42,1.0,0,0,0,0,0,1,28.8,0
MPLAD100891,Rajasthan,Jodhpur,MP_063,Vendor_036,956390.07,0.0,0.0,0,0,0,0,1,1,60.0,1
MPLAD100892,Kerala,Kochi,MP_008,Vendor_081,2181962.37,0.0,0.0,0,0,0,0,1,-1,60.0,1
MPLAD100893,Chhattisgarh,Bilaspur,MP_130,Vendor_018,1321741.22,0.0,0.0,0,0,0,0,1,1,60.0,1
MPLAD100894,Maharashtra,Mumbai,MP_105,Vendor_079,711107.38,0.0,0.0,0,0,0,0,1,1,60.0,1
MPLAD100895,Telangana,Hyderabad,MP_140,Vendor_037,2325406.82,2110259.32,0.9074796297363573,0,0,0,0,0,1,25.2,0
MPLAD100896,Gujarat,Surat,MP_006,Vendor_031,1317737.22,171852.74,0.1304150306993681,0,0,0,0,0,1,26.0,0
MPLAD100897,Tamil Nadu,Coimbatore,MP_037,Vendor_029,988043.84,251059.87,0.2540979052103599,0,0,0,0,0,1,4.9,0
MPLAD100898,West Bengal,Kolkata,MP_089,Vendor_028,580421.22,554434.79,0.9552283253875523,0,0,0,0,0,1,22.5,0
MPLAD100899,Kerala,Thiruvananthapuram,MP_102,Vendor_110,2439156.27,292590.3,0.11995553692014985,0,0,0,0,0,1,30.5,0
MPLAD100900,Odisha,Cuttack,MP_017,Vendor_047,1657284.47,0.0,0.0,0,0,0,0,1,1,60.0,1
MPLAD100901,Chhattisgarh,Raipur,MP_113,Vendor_109,1892087.51,974702.16,0.515146447956839,0,0,0,0,0,1,9.0,0
MPLAD100902,Kerala,Kochi,MP_108,Vendor_042,745176.41,634526.2,0.8515113890951003,0,0,0,0,0,1,26.3,0
MPLAD100903,Karnataka,Mysuru,MP_034,Vendor_066,759075.85,167787.17,0.2210413755094435,0,0,0,0,0,1,19.3,0
MPLAD100904,West Bengal,Kolkata,MP_057,Vendor_120,1959171.47,886043.45,0.4522541612960503,0,0,0,0,0,1,15.5,0
MPLAD100905,Punjab,Amritsar,MP_012,Vendor_043,361596.64,0.0,0.0,0,1,0,0,1,-1,85.0,1
MPLAD100906,Punjab,Ludhiana,MP_101,Vendor_107,303847.61,356217.15,1.1723546221081023,0,0,1,0,0,-1,90.0,1
MPLAD100907,Chhattisgarh,Raipur,MP_113,Vendor_113,828727.09,265958.33,0.32092390029146994,0,0,0,0,0,1,5.4,0
MPLAD100908,Kerala,Kozhikode,MP_043,Vendor_086,804456.56,724901.95,0.9011076371855304,0,0,0,0,0,-1,43.9,1
MPLAD100909,West Bengal,Kolkata,MP_057,Vendor_040,3021520.97,2936817.18,0.9719665059944959,0,0,0,0,0,1,22.6,0
MPLAD100910,Bihar,Bhagalpur,MP_077,Vendor_052,1880406.8,614530.18,0.3268070398384009,0,0,0,0,0,1,36.6,0
MPLAD100911,West Bengal,Kolkata,MP_056,Vendor_062,2854180.36,0.0,0.0,0,0,0,0,1,1,60.0,1
MPLAD100912,Haryana,Gurugram,MP_003,Vendor_076,582357.34,184978.99,0.31763829060693216,0,0,0,0,0,1,23.8,0
MPLAD100913,Tamil Nadu,Coimbatore,MP_128,Vendor_117,2298187.41,1241437.2,0.5401810116086224,0,0,0,0,0,1,38.6,0
MPLAD100914,Gujarat,Ahmedabad,MP_100,Vendor_064,1650409.61,1439090.29,0.8719594707158788,0,0,0,0,0,1,35.1,0
MPLAD100915,Bihar,Gaya,MP_060,Vendor_006,367110.17,0.0,0.0,0,1,0,0,1,1,85.0,1
MPLAD100916,Chhattisgarh,Raipur,MP_005,Vendor_030,5712661.44,0.0,0.0,0,0,0,0,1,1,60.0,1
MPLAD100917,Kerala,Kochi,MP_022,Vendor_043,593909.83,0.0,0.0,0,0,0,0,1,1,60.0,1
MPLAD100918,Kerala,Kochi,MP_085,Vendor_060,2199436.75,616416.1,0.2802608895209194,0,0,0,0,0,1,26.1,0
MPLAD100919,Andhra Pradesh,Guntur,MP_036,Vendor_061,3058556.97,617129.63,0.20177150076102718,0,0,0,0,0,-1,41.1,1
MPLAD100920,Tamil Nadu,Coimbatore,MP_128,Vendor_045,6777690.06,0.0,0.0,0,0,0,0,1,1,60.0,1
MPLAD100921,Odisha,Rourkela,MP_013,Vendor_077,3088061.85,2700016.91,0.8743402953538641,0,0,0,0,0,1,30.0,0
MPLAD100922,Madhya Pradesh,Indore,MP_038,Vendor_067,757560.88,0.0,0.0,0,0,0,0,1,1,60.0,1
MPLAD100923,Gujarat,Ahmedabad,MP_027,Vendor_067,1007075.44,0.0,0.0,0,0,0,0,1,1,60.0,1
MPLAD100924,Assam,Dibrugarh,MP_123,Vendor_064,1438245.26,698872.21,0.4859200509376266,0,0,0,0,0,1,20.2,0
MPLAD100925,West Bengal,Siliguri,MP_071,Vendor_010,776925.43,253613.25,0.32643190737108446,0,0,0,0,0,1,13.3,0
MPLAD100926,Chhattisgarh,Raipur,MP_020,Vendor_062,826534.39,523231.34,0.6330424315435925,0,0,0,0,0,1,28.2,0
MPLAD100927,Gujarat,Ahmedabad,MP_027,Vendor_065,545530.71,0.0,0.0,0,1,0,0,1,1,85.0,1
MPLAD100928,Maharashtra,Pune,MP_127,Vendor_024,616644.21,611310.37,0.9913502147372795,0,0,0,0,0,1,30.8,0
MPLAD100929,Chhattisgarh,Bilaspur,MP_103,Vendor_019,3451508.24,3343611.01,0.9687391069360447,0,0,0,0,0,1,37.7,0
MPLAD100930,Kerala,Kochi,MP_108,Vendor_103,1255532.0,1117867.16,0.890353380081113,0,0,0,0,0,-1,45.8,1
MPLAD100931,West Bengal,Kolkata,MP_009,Vendor_062,1173603.31,0.0,0.0,0,0,0,0,1,1,60.0,1
MPLAD100932,Assam,Silchar,MP_088,Vendor_096,2361731.89,789888.24,0.33445296790229645,0,0,0,0,0,1,24.9,0
MPLAD100933,Tamil Nadu,Madurai,MP_145,Vendor_036,1703805.72,0.0,0.0,0,0,0,0,1,-1,60.0,1
MPLAD100934,Telangana,Hyderabad,MP_041,Vendor_101,511653.22,187160.95,0.36579648614348603,0,0,0,0,0,1,36.2,0
MPLAD100935,Gujarat,Ahmedabad,MP_027,Vendor_010,368844.74,358360.4,0.9715751944842701,0,0,0,0,0,-1,59.7,1
MPLAD100936,Assam,Guwahati,MP_133,Vendor_113,543808.73,510881.53,0.9394507697586981,0,0,0,0,0,1,37.4,0
MPLAD100937,Tamil Nadu,Madurai,MP_136,Vendor_019,761768.57,0.0,0.0,0,0,0,0,1,1,60.0,1
MPLAD100938,Maharashtra,Nashik,MP_068,Vendor_059,2573743.31,0.0,0.0,0,0,0,0,1,1,60.0,1
MPLAD100939,Assam,Dibrugarh,MP_123,Vendor_046,1805790.45,542651.45,0.30050632397574145,0,0,0,0,0,1,21.7,0
MPLAD100940,Odisha,Rourkela,MP_106,Vendor_104,1225026.0,334776.1,0.27328081199909227,0,0,0,0,0,1,4.8,0
MPLAD100941,Maharashtra,Pune,MP_014,Vendor_033,1382167.36,1185301.99,0.857567632041318,0,0,0,0,0,1,31.4,0
MPLAD100942,Haryana,Faridabad,MP_055,Vendor_053,493579.4,124829.77,0.25290717157158504,0,0,0,0,0,1,25.8,0
MPLAD100943,Gujarat,Vadodara,MP_040,Vendor_031,682770.8,0.0,0.0,0,0,0,0,1,-1,60.0,1
MPLAD100944,Punjab,Jalandhar,MP_146,Vendor_110,485531.54,340639.25,0.701580066250691,0,0,0,0,0,-1,40.4,1
MPLAD100945,Telangana,Hyderabad,MP_143,Vendor_076,2722610.88,1501214.47,0.5513878171235399,0,0,0,0,0,1,18.5,0
MPLAD100946,Kerala,Kochi,MP_104,Vendor_101,3461281.59,2228525.6,0.6438440623953974,0,0,0,0,0,1,31.9,0
MPLAD100947,Assam,Dibrugarh,MP_075,Vendor_073,410465.39,256309.11,0.6244353756598089,0,0,0,0,0,1,30.3,0
MPLAD100948,Kerala,Thiruvananthapuram,MP_134,Vendor_114,351757.09,96186.31,0.27344526303648914,0,0,0,0,0,1,9.9,0
MPLAD100949,Telangana,Hyderabad,MP_140,Vendor_096,847851.68,770164.77,0.9083720515833618,0,0,0,0,0,1,19.3,0
MPLAD100950,Punjab,Ludhiana,MP_141,Vendor_080,506396.75,498360.83,0.9841311777771086,0,0,0,0,0,-1,43.4,1
MPLAD100951,Assam,Guwahati,MP_148,Vendor_024,289667.02,176950.66,0.6108761018082072,0,0,0,0,0,1,6.5,0
MPLAD100952,Assam,Dibrugarh,MP_131,Vendor_018,487592.92,487592.92,1.0,0,0,0,0,0,1,16.3,0
MPLAD100953,Assam,Silchar,MP_088,Vendor_080,722333.97,496914.91,0.6879295874732293,0,0,0,0,0,1,34.6,0
MPLAD100954,Karnataka,Mysuru,MP_059,Vendor_063,629943.59,0.0,0.0,0,0,0,0,1,1,60.0,1
MPLAD100955,Kerala,Kochi,MP_086,Vendor_043,2018332.78,0.0,0.0,0,1,0,0,1,1,85.0,1
MPLAD100956,Punjab,Ludhiana,MP_124,Vendor_003,2693087.35,634462.21,0.23558916869146482,0,0,0,0,0,1,21.9,0
MPLAD100957,Karnataka,Hubballi,MP_029,Vendor_100,2259957.4,1797341.9,0.7952990175832518,0,0,0,0,0,-1,68.8,1
MPLAD100958,Assam,Dibrugarh,MP_117,Vendor_083,632009.04,0.0,0.0,0,0,0,0,1,1,60.0,1
MPLAD100959,Punjab,Ludhiana,MP_149,Vendor_037,6431157.66,0.0,0.0,0,0,0,0,1,1,60.0,1
MPLAD100960,Odisha,Cuttack,MP_079,Vendor_006,1072560.73,1072560.73,1.0,0,0,0,0,0,1,18.8,0
MPLAD100961,West Bengal,Kolkata,MP_054,Vendor_032,530107.82,207053.52,0.39058756009296375,0,0,0,0,0,1,32.1,0
MPLAD100962,Bihar,Gaya,MP_072,Vendor_030,1936309.16,2453794.37,1.2672534018276298,0,0,1,0,0,1,90.0,1
MPLAD100963,Tamil Nadu,Chennai,MP_135,Vendor_113,5331701.32,2672642.09,0.5012737829057535,0,0,0,0,0,1,27.4,0
MPLAD100964,Odisha,Rourkela,MP_090,Vendor_034,1500000.0,914016.8,0.6093445333333334,0,0,0,0,0,1,14.9,0
MPLAD100965,Haryana,Faridabad,MP_055,Vendor_067,2235543.92,861886.93,0.3855379097181862,0,0,0,0,0,1,13.4,0
MPLAD100966,Assam,Dibrugarh,MP_123,Vendor_015,647288.54,218706.92,0.337881650121598,0,0,0,0,0,-1,52.8,1
MPLAD100967,Gujarat,Vadodara,MP_025,Vendor_097,4848608.18,3001894.01,0.619124890805262,0,0,0,0,0,-1,74.7,1
MPLAD100968,Bihar,Bhagalpur,MP_110,Vendor_070,1398883.16,0.0,0.0,0,0,0,0,1,1,60.0,1
MPLAD100969,Maharashtra,Nashik,MP_011,Vendor_048,1107418.67,958044.59,0.865115078834638,0,0,0,0,0,-1,53.7,1
MPLAD100970,Madhya Pradesh,Indore,MP_038,Vendor_116,722421.88,364132.59,0.5040442435104541,0,0,0,0,0,-1,48.3,1
MPLAD100971,Gujarat,Ahmedabad,MP_021,Vendor_085,1265322.92,311339.73,0.24605555236445095,0,0,0,0,0,1,23.6,0
MPLAD100972,Kerala,Kochi,MP_082,Vendor_003,768892.25,547358.13,0.7118788490845108,0,0,0,0,0,-1,42.8,1
MPLAD100973,Odisha,Cuttack,MP_010,Vendor_107,2486345.85,2413388.32,0.9706567250087109,0,0,0,0,0,-1,63.0,1
MPLAD100974,Gujarat,Surat,MP_053,Vendor_099,1782658.56,910905.23,0.5109813233107298,0,0,0,0,0,1,36.3,0
MPLAD100975,Odisha,Cuttack,MP_010,Vendor_069,1290282.0,302230.48,0.23423598872184528,0,0,0,0,0,1,17.8,0
MPLAD100976,Maharashtra,Pune,MP_127,Vendor_022,1962502.04,0.0,0.0,0,0,0,0,1,-1,60.0,1
MPLAD100977,Jharkhand,Jamshedpur,MP_118,Vendor_052,921403.23,893126.79,0.96931154669384,0,0,0,0,0,-1,65.1,1
MPLAD100978,Rajasthan,Jodhpur,MP_099,Vendor_024,2153142.77,741431.37,0.3443484474557161,0,0,0,0,0,1,6.7,0
MPLAD100979,Bihar,Bhagalpur,MP_077,Vendor_089,1219813.43,623815.17,0.5114021166335249,0,0,0,0,0,1,29.9,0
MPLAD100980,Tamil Nadu,Coimbatore,MP_128,Vendor_051,1018607.27,413709.11,0.406151735005779,0,0,0,0,0,1,11.2,0
MPLAD100981,Assam,Silchar,MP_016,Vendor_045,542025.89,515411.38,0.9508980834845361,0,0,0,0,0,1,21.0,0
MPLAD100982,Bihar,Patna,MP_120,Vendor_060,1504290.21,1374007.54,0.913392595967237,0,0,0,0,0,1,34.1,0
MPLAD100983,Bihar,Bhagalpur,MP_077,Vendor_103,509591.23,503749.38,0.9885362038118278,0,0,0,0,0,-1,50.6,1
MPLAD100984,Gujarat,Vadodara,MP_093,Vendor_014,1894392.36,0.0,0.0,0,0,0,0,1,1,60.0,1
MPLAD100985,Tamil Nadu,Chennai,MP_066,Vendor_030,943032.48,154.23,0.00016354685895866492,0,1,0,0,0,1,85.0,1
MPLAD100986,Karnataka,Mysuru,MP_034,Vendor_100,1906480.68,1601122.09,0.8398312696250351,0,0,0,0,0,1,28.5,0
MPLAD100987,West Bengal,Kolkata,MP_001,Vendor_110,1050138.5,871105.12,0.8295145068959952,0,0,0,0,0,1,23.5,0
MPLAD100988,West Bengal,Kolkata,MP_009,Vendor_006,1188856.09,0.0,0.0,0,0,0,0,1,1,60.0,1
MPLAD100989,Punjab,Ludhiana,MP_149,Vendor_116,822105.33,0.0,0.0,0,0,0,0,1,-1,62.1,1
MPLAD100990,Assam,Silchar,MP_076,Vendor_041,933189.64,911840.6,0.9771225064178809,0,0,0,1,0,-1,80.0,1
MPLAD100991,Assam,Dibrugarh,MP_123,Vendor_063,2419639.56,985884.59,0.40745101307568304,0,0,0,0,0,1,22.0,0
MPLAD100992,West Bengal,Kolkata,MP_001,Vendor_053,1147887.68,704406.08,0.6136541860959777,0,0,0,0,0,1,30.4,0
MPLAD100993,Assam,Dibrugarh,MP_065,Vendor_104,3488516.21,853686.89,0.24471346515543352,0,0,0,0,0,1,7.2,0
MPLAD100994,Andhra Pradesh,Vijayawada,MP_116,Vendor_028,591876.83,225317.21,0.3806825991144137,0,0,0,0,0,-1,41.8,1
MPLAD100995,Haryana,Gurugram,MP_138,Vendor_013,1154959.51,0.0,0.0,0,0,0,0,1,1,60.0,1
MPLAD100996,Assam,Silchar,MP_016,Vendor_050,1251156.05,1251156.05,1.0,0,0,0,0,0,1,18.1,0
MPLAD100997,Andhra Pradesh,Guntur,MP_036,Vendor_009,4732986.64,1077419.36,0.22764048199383893,0,0,0,0,0,-1,51.9,1
MPLAD100998,Odisha,Cuttack,MP_039,Vendor_015,340798.17,46292.11,0.1358343854956733,0,0,0,0,0,1,28.2,0
MPLAD100999,Madhya Pradesh,Bhopal,MP_033,Vendor_012,1106980.61,691738.32,0.6248874765746799,0,0,0,0,0,1,19.5,0
MPLAD101000,Kerala,Kochi,MP_073,Vendor_058,1532746.42,809125.48,0.527892591652571,0,0,0,0,0,-1,48.6,1
MPLAD101001,Assam,Silchar,MP_016,Vendor_063,476397.57,476397.57,1.0,0,0,0,0,0,1,33.0,0
MPLAD101002,Maharashtra,Mumbai,MP_069,Vendor_057,1368095.13,405259.46,0.2962216962207884,0,0,0,0,0,1,6.2,0
MPLAD101003,Tamil Nadu,Coimbatore,MP_128,Vendor_029,2345499.94,67809.94,0.028910655184241872,0,0,0,0,0,1,34.6,0
MPLAD101004,Assam,Silchar,MP_016,Vendor_059,13627147.88,13627147.88,1.0,0,0,0,0,0,1,35.4,0
MPLAD101005,Gujarat,Surat,MP_122,Vendor_002,471566.58,442663.89,0.9387092062376431,0,0,0,0,0,-1,39.8,1
MPLAD101006,Bihar,Bhagalpur,MP_147,Vendor_061,1055233.68,941843.14,0.8925446162787375,0,0,0,0,0,1,25.1,0
MPLAD101007,Chhattisgarh,Raipur,MP_005,Vendor_102,564025.98,217141.69,0.3849852625582956,0,0,0,0,0,1,22.9,0
MPLAD101008,Odisha,Cuttack,MP_010,Vendor_060,1212241.1,504275.18,0.4159858793766355,0,0,0,0,0,1,14.2,0
MPLAD101009,Punjab,Ludhiana,MP_124,Vendor_102,1400674.43,19605.19,0.013996964305259717,0,1,0,0,0,1,85.0,1
MPLAD101010,Haryana,Panipat,MP_026,Vendor_079,2000584.06,1943815.0,0.9716237567143267,0,0,0,0,0,-1,43.5,1
MPLAD101011,Bihar,Bhagalpur,MP_147,Vendor_071,528952.38,294577.18,0.5569068051078624,0,0,0,0,0,1,25.1,0
MPLAD101012,Punjab,Ludhiana,MP_141,Vendor_022,6249591.51,6249591.51,1.0,0,0,0,0,0,-1,87.4,1
MPLAD101013,Punjab,Amritsar,MP_012,Vendor_055,680444.71,353046.68,0.5188469758255597,0,0,0,0,0,1,28.7,0
MPLAD101014,Bihar,Bhagalpur,MP_018,Vendor_077,1597985.38,1557024.42,0.9743671246854586,0,0,0,0,0,-1,56.9,1
MPLAD101015,Assam,Dibrugarh,MP_123,Vendor_088,725743.25,147901.38,0.20379298050653588,0,0,0,0,0,1,17.5,0
MPLAD101016,West Bengal,Kolkata,MP_056,Vendor_013,1745091.65,114509.64,0.06561812383893992,0,0,0,0,0,1,14.6,0
MPLAD101017,Rajasthan,Udaipur,MP_023,Vendor_064,2266696.87,1144661.38,0.5049909386428013,0,0,0,0,0,1,16.2,0
MPLAD101018,Madhya Pradesh,Indore,MP_038,Vendor_093,895173.57,0.0,0.0,0,0,0,0,1,1,60.0,1
MPLAD101019,Chhattisgarh,Bilaspur,MP_081,Vendor_109,15890573.3,0.0,0.0,0,1,0,0,1,1,85.0,1
MPLAD101020,Andhra Pradesh,Vijayawada,MP_116,Vendor_011,1404819.59,1344161.91,0.9568217296855889,0,0,0,0,0,-1,62.2,1
MPLAD101021,Uttar Pradesh,Varanasi,MP_007,Vendor_038,1227246.01,1189795.99,0.9694845045778556,0,0,0,0,0,-1,48.2,1
MPLAD101022,Tamil Nadu,Madurai,MP_042,Vendor_074,1092092.54,0.0,0.0,0,0,0,0,1,1,60.0,1
MPLAD101023,Telangana,Hyderabad,MP_143,Vendor_019,2211167.95,1917859.39,0.8673512973087366,0,0,0,0,0,1,37.7,0
MPLAD101024,Maharashtra,Pune,MP_127,Vendor_089,630550.35,494110.05,0.7836171211387005,0,0,0,0,0,1,35.8,0
MPLAD101025,Tamil Nadu,Chennai,MP_066,Vendor_112,1090056.6,271792.15,0.2493376490725344,0,0,0,0,0,-1,39.0,1
MPLAD101026,Jharkhand,Jamshedpur,MP_031,Vendor_117,1542042.89,1291638.34,0.83761505492237,0,0,0,0,0,1,38.7,0
MPLAD101027,Bihar,Patna,MP_050,Vendor_067,962315.68,515496.76,0.5356836334621503,0,0,0,0,0,1,7.2,0
MPLAD101028,Assam,Silchar,MP_088,Vendor_032,1712385.91,1680630.62,0.9814555294956849,0,0,0,1,0,-1,80.0,1
MPLAD101029,Maharashtra,Nashik,MP_068,Vendor_073,498100.19,177497.1,0.3563481877009523,0,0,0,0,0,1,30.0,0
MPLAD101030,Assam,Dibrugarh,MP_117,Vendor_050,2717958.07,1256940.6,0.46245768611139765,0,0,0,0,0,1,15.6,0
MPLAD101031,Andhra Pradesh,Guntur,MP_119,Vendor_084,486828.71,0.0,0.0,0,0,0,0,1,-1,80.3,1
MPLAD101032,Punjab,Ludhiana,MP_141,Vendor_060,1427866.87,1959703.29,1.3724691924534953,0,0,1,0,0,1,90.0,1
MPLAD101033,West Bengal,Kolkata,MP_057,Vendor_101,669889.58,664152.85,0.9914363050698595,0,0,0,0,0,-1,55.2,1
MPLAD101034,Jharkhand,Ranchi,MP_109,Vendor_033,926208.99,807035.48,0.8713319442084015,0,0,0,0,0,1,29.8,0
MPLAD101035,Chhattisgarh,Bilaspur,MP_094,Vendor_015,595102.98,595102.98,1.0,0,0,0,0,0,1,35.0,0
MPLAD101036,Punjab,Ludhiana,MP_149,Vendor_005,7849462.96,0.0,0.0,0,0,0,0,1,1,60.0,1
MPLAD101037,Chhattisgarh,Bilaspur,MP_081,Vendor_100,2059725.01,0.0,0.0,0,0,0,0,1,-1,60.0,1
MPLAD101038,Tamil Nadu,Coimbatore,MP_078,Vendor_028,559668.66,253158.76,0.45233685230829257,0,0,0,0,0,1,9.5,0
MPLAD101039,Gujarat,Ahmedabad,MP_002,Vendor_088,670049.42,553338.43,0.8258173404582605,0,0,0,0,0,-1,40.2,1
MPLAD101040,Jharkhand,Jamshedpur,MP_031,Vendor_018,2654340.0,1487918.42,0.5605605988682686,0,0,0,0,0,1,15.7,0
MPLAD101041,Maharashtra,Pune,MP_127,Vendor_046,1725931.62,1701886.31,0.9860682139886863,0,0,0,0,0,1,27.2,0
MPLAD101042,Punjab,Jalandhar,MP_114,Vendor_097,4988142.44,4282236.52,0.858483207227739,0,0,0,0,0,-1,72.2,1
MPLAD101043,Bihar,Bhagalpur,MP_070,Vendor_062,459737.2,397783.32,0.8652406635791057,0,0,0,0,0,1,33.4,0
MPLAD101044,Kerala,Kochi,MP_022,Vendor_118,627574.76,181672.15,0.28948288168886843,0,0,0,0,0,1,28.9,0
MPLAD101045,Punjab,Ludhiana,MP_030,Vendor_111,5076650.87,2082957.34,0.4103014749958569,0,0,0,0,0,1,27.4,0
MPLAD101046,Telangana,Hyderabad,MP_041,Vendor_058,1043782.38,0.0,0.0,0,0,0,0,1,1,60.0,1
MPLAD101047,Bihar,Patna,MP_028,Vendor_015,783757.8,0.0,0.0,0,0,0,0,1,1,60.0,1
MPLAD101048,Gujarat,Surat,MP_097,Vendor_036,1811684.6,1554155.5,0.8578510299198878,0,0,0,0,0,-1,57.1,1
MPLAD101049,Assam,Dibrugarh,MP_065,Vendor_030,2774644.39,0.0,0.0,0,0,0,0,1,1,60.0,1
MPLAD101050,Haryana,Faridabad,MP_137,Vendor_037,2528641.76,1499799.83,0.593124678127597,0,0,0,0,0,1,10.5,0
MPLAD101051,Maharashtra,Pune,MP_014,Vendor_053,1915244.36,1224271.79,0.6392248506608316,0,0,0,0,0,1,29.7,0
MPLAD101052,Gujarat,Ahmedabad,MP_002,Vendor_031,3127181.56,0.0,0.0,0,0,0,0,1,1,60.0,1
MPLAD101053,West Bengal,Siliguri,MP_111,Vendor_082,217479.63,61047.58,0.2807048181937775,0,0,0,0,0,1,9.4,0
MPLAD101054,Tamil Nadu,Madurai,MP_125,Vendor_018,1840838.87,1179248.61,0.6406039274909487,0,0,0,0,0,1,7.7,0
MPLAD101055,Odisha,Cuttack,MP_039,Vendor_073,2132405.13,1991594.37,0.9339662252641459,0,0,0,0,0,1,33.3,0
MPLAD101056,Punjab,Jalandhar,MP_045,Vendor_119,21827521.54,13789106.98,0.6317303114204142,0,0,0,0,0,-1,54.2,1
MPLAD101057,Maharashtra,Mumbai,MP_067,Vendor_090,1868535.4,1868535.4,1.0,0,0,0,0,0,1,20.4,0
MPLAD101058,West Bengal,Siliguri,MP_071,Vendor_023,896654.35,482744.57,0.5383842391441027,0,0,0,0,0,1,24.8,0
MPLAD101059,Uttar Pradesh,Varanasi,MP_007,Vendor_102,376289.54,0.0,0.0,0,0,0,0,1,-1,60.0,1
MPLAD101060,Odisha,Bhubaneswar,MP_092,Vendor_088,1487198.07,868372.06,0.5838980546821178,0,0,0,0,0,1,19.9,0
MPLAD101061,Kerala,Thiruvananthapuram,MP_102,Vendor_026,1801921.8,706788.86,0.39224169439539497,0,0,0,0,0,-1,54.0,1
MPLAD101062,Odisha,Rourkela,MP_106,Vendor_057,2469357.93,1932240.98,0.7824872030601088,0,0,0,0,0,1,16.6,0
MPLAD101063,Kerala,Thiruvananthapuram,MP_083,Vendor_063,1249660.23,1249660.23,1.0,0,0,0,0,0,1,26.4,0
MPLAD101064,Tamil Nadu,Madurai,MP_136,Vendor_018,1752412.4,1752412.4,1.0,0,0,0,0,0,-1,41.5,1
MPLAD101065,Kerala,Kochi,MP_082,Vendor_052,608890.91,299153.35,0.49130861552851884,0,0,0,0,0,-1,67.1,1
MPLAD101066,Jharkhand,Ranchi,MP_051,Vendor_064,2907408.87,1573452.64,0.5411872599810841,0,0,0,0,0,1,10.2,0
MPLAD101067,Kerala,Kochi,MP_086,Vendor_038,1790563.28,1583438.98,0.8843245015054704,0,0,0,0,0,-1,46.9,1
MPLAD101068,Maharashtra,Mumbai,MP_069,Vendor_119,4028541.46,2326268.04,0.5774467169068181,0,0,0,0,0,1,13.1,0
MPLAD101069,Rajasthan,Jaipur,MP_121,Vendor_057,711641.64,614041.33,0.8628518842714149,0,0,0,0,0,1,34.5,0
MPLAD101070,Kerala,Thiruvananthapuram,MP_134,Vendor_015,2936197.54,1696982.06,0.577952279055448,0,0,0,0,0,1,10.4,0
MPLAD101071,Odisha,Bhubaneswar,MP_092,Vendor_118,3256239.44,233665.4,0.07175928069957901,0,0,0,0,0,1,25.2,0
MPLAD101072,Haryana,Gurugram,MP_003,Vendor_095,1530860.03,0.0,0.0,0,0,0,0,1,1,60.0,1
MPLAD101073,Haryana,Gurugram,MP_138,Vendor_106,3999135.98,1222537.96,0.30570052284143634,0,0,0,0,0,1,11.2,0
MPLAD101074,Tamil Nadu,Coimbatore,MP_128,Vendor_051,1422808.49,1238055.04,0.8701487576869885,0,0,0,0,0,1,20.9,0
MPLAD101075,Punjab,Ludhiana,MP_149,Vendor_097,1426126.09,0.0,0.0,0,0,0,0,1,-1,75.7,1
MPLAD101076,Punjab,Amritsar,MP_098,Vendor_103,727786.24,713625.77,0.9805430918836828,0,0,0,0,0,1,26.4,0
MPLAD101077,Haryana,Gurugram,MP_138,Vendor_082,470075.47,470075.47,1.0,0,0,0,0,0,1,31.2,0
MPLAD101078,Bihar,Patna,MP_050,Vendor_080,1560820.84,130238.39,0.08344224183987702,0,0,0,0,0,1,23.2,0
MPLAD101079,Rajasthan,Jaipur,MP_004,Vendor_012,936277.58,522582.9,0.5581495393705785,0,0,0,0,0,-1,41.2,1
MPLAD101080,Gujarat,Ahmedabad,MP_100,Vendor_047,648496.07,0.0,0.0,0,1,0,0,1,-1,85.0,1
MPLAD101081,Maharashtra,Pune,MP_127,Vendor_079,2181753.24,0.0,0.0,0,0,0,0,1,1,60.0,1
MPLAD101082,Gujarat,Surat,MP_122,Vendor_015,2106250.74,403658.51,0.19164788993735854,0,0,0,0,0,1,26.4,0
MPLAD101083,Karnataka,Mysuru,MP_062,Vendor_025,460543.7,94117.57,0.20436186620292496,0,0,0,0,0,1,14.8,0
MPLAD101084,Tamil Nadu,Madurai,MP_145,Vendor_024,2376497.21,1861239.32,0.7831859899385281,0,0,0,0,0,1,34.0,0
MPLAD101085,Rajasthan,Jodhpur,MP_099,Vendor_057,2034190.93,0.0,0.0,0,0,0,0,1,1,60.0,1
MPLAD101086,Jharkhand,Ranchi,MP_035,Vendor_104,727697.74,700386.79,0.9624693763649727,0,0,0,0,0,-1,41.9,1
MPLAD101087,Bihar,Gaya,MP_060,Vendor_117,395762.07,339775.24,0.8585341187446285,0,0,0,0,0,1,28.5,0
MPLAD101088,Rajasthan,Jodhpur,MP_063,Vendor_013,2631808.68,712390.54,0.270684774852251,0,0,0,0,0,1,32.5,0
MPLAD101089,Uttar Pradesh,Varanasi,MP_096,Vendor_062,1013956.93,919062.54,0.9064118137641212,0,0,0,0,0,-1,52.0,1
MPLAD101090,Bihar,Gaya,MP_072,Vendor_086,1693960.3,778149.54,0.4593670465594737,0,0,0,0,0,-1,43.4,1
MPLAD101091,Telangana,Hyderabad,MP_041,Vendor_056,436032.57,160325.37,0.36769127131947965,0,0,0,0,0,1,22.9,0
MPLAD101092,Karnataka,Mysuru,MP_034,Vendor_063,2057462.54,1187579.78,0.5772060277704983,0,0,0,0,0,1,15.6,0
MPLAD101093,Gujarat,Surat,MP_122,Vendor_112,843154.95,115041.05,0.13644117252706636,0,0,0,0,0,1,35.1,0
MPLAD101094,Assam,Guwahati,MP_148,Vendor_026,1078511.73,133155.23,0.12346201371402796,0,0,0,0,0,1,37.8,0
MPLAD101095,Chhattisgarh,Bilaspur,MP_103,Vendor_069,1033463.76,859735.49,0.8318970855833396,0,0,0,0,0,1,36.0,0
MPLAD101096,Assam,Dibrugarh,MP_123,Vendor_019,783577.63,393339.56,0.5019790572632861,0,0,0,0,0,1,34.3,0
MPLAD101097,Kerala,Kochi,MP_008,Vendor_046,406085.78,378367.76,0.9317434360789486,0,0,0,0,0,-1,48.0,1
MPLAD101098,Karnataka,Mysuru,MP_019,Vendor_092,2601378.5,0.0,0.0,0,0,0,0,1,1,60.0,1
MPLAD101099,Bihar,Bhagalpur,MP_147,Vendor_095,596313.41,254087.08,0.42609653873120173,0,0,0,0,0,1,16.3,0
MPLAD101100,West Bengal,Kolkata,MP_054,Vendor_047,1742718.89,74965.88,0.04301662214724717,0,1,0,0,0,1,85.0,1
MPLAD101101,Punjab,Ludhiana,MP_030,Vendor_017,675703.46,242534.99,0.358937025422365,0,0,0,0,0,1,36.1,0
MPLAD101102,Punjab,Ludhiana,MP_030,Vendor_026,961309.72,921269.58,0.9583483458380094,0,0,0,0,0,-1,48.5,1
MPLAD101103,Maharashtra,Nashik,MP_011,Vendor_048,436599.27,159514.39,0.36535652017924813,0,0,0,0,0,1,22.8,0
MPLAD101104,Tamil Nadu,Madurai,MP_087,Vendor_038,241376.71,241376.71,1.0,0,0,0,0,0,1,9.5,0
MPLAD101105,Odisha,Cuttack,MP_010,Vendor_101,413944.65,365850.7,0.8838155052855496,0,0,0,0,0,-1,49.3,1
MPLAD101106,Madhya Pradesh,Indore,MP_038,Vendor_059,1924615.88,1756046.59,0.9124140605137271,0,0,0,0,0,1,33.9,0
MPLAD101107,Tamil Nadu,Coimbatore,MP_078,Vendor_002,1774613.18,2404555.73,1.3549745697256683,0,0,1,0,0,1,90.0,1
MPLAD101108,Tamil Nadu,Coimbatore,MP_037,Vendor_099,1811084.84,0.0,0.0,0,0,0,0,1,1,60.0,1
MPLAD101109,Chhattisgarh,Raipur,MP_113,Vendor_003,567299.22,530557.47,0.9352339141238375,0,0,0,0,0,1,34.3,0
MPLAD101110,Chhattisgarh,Bilaspur,MP_058,Vendor_062,4393921.01,1421208.35,0.32344877087355745,0,0,0,0,0,1,15.8,0
MPLAD101111,Gujarat,Ahmedabad,MP_021,Vendor_082,1146952.56,484155.21,0.42212313471796953,0,0,0,0,0,1,21.3,0
MPLAD101112,Assam,Dibrugarh,MP_075,Vendor_046,734435.57,382641.8,0.5210011819008167,0,0,0,0,0,1,22.1,0
MPLAD101113,Assam,Guwahati,MP_133,Vendor_106,544459.37,434286.59,0.7976473800056009,0,0,0,0,0,1,14.0,0
MPLAD101114,Odisha,Cuttack,MP_010,Vendor_072,1419487.24,318187.88,0.22415691457712575,0,0,0,0,0,-1,46.0,1
MPLAD101115,Odisha,Rourkela,MP_106,Vendor_054,216272.66,52311.23,0.2418762963381502,0,0,0,0,0,-1,48.6,1
MPLAD101116,Bihar,Bhagalpur,MP_077,Vendor_003,1870601.49,663917.58,0.3549219775292705,0,0,0,0,0,1,15.8,0
MPLAD101117,Karnataka,Mysuru,MP_034,Vendor_030,978998.57,338203.65,0.3454587783514332,0,0,0,0,0,1,13.5,0
MPLAD101118,Madhya Pradesh,Bhopal,MP_084,Vendor_080,1048107.82,165145.89,0.15756574547836122,0,0,0,0,0,1,38.8,0
MPLAD101119,Maharashtra,Mumbai,MP_067,Vendor_025,653639.97,619283.76,0.9474386335339928,0,0,0,0,0,1,34.0,0
MPLAD101120,Rajasthan,Jaipur,MP_004,Vendor_087,465752.83,187247.74,0.40203242565375286,0,0,0,0,0,1,20.1,0
MPLAD101121,Punjab,Ludhiana,MP_030,Vendor_077,824430.95,157236.02,0.19072066617586347,0,0,0,0,0,1,23.1,0
MPLAD101122,Uttar Pradesh,Lucknow,MP_049,Vendor_085,1674946.97,1674946.97,1.0,0,0,0,0,0,-1,48.7,1
MPLAD101123,Odisha,Cuttack,MP_039,Vendor_045,1364589.97,46044.84,0.033742619403834544,0,1,0,0,0,1,85.0,1
MPLAD101124,Assam,Dibrugarh,MP_117,Vendor_015,2914602.14,1065488.24,0.3655690172518709,0,0,0,0,0,1,16.6,0
MPLAD101125,Gujarat,Ahmedabad,MP_047,Vendor_081,1051605.48,130760.67,0.12434384613514947,0,0,0,0,0,1,34.3,0
MPLAD101126,Kerala,Kochi,MP_022,Vendor_116,897396.33,772953.21,0.8613286952042695,0,0,0,0,0,-1,69.5,1
MPLAD101127,Telangana,Hyderabad,MP_041,Vendor_047,2000000.0,1399703.72,0.69985186,0,0,0,0,0,-1,50.8,1
MPLAD101128,Kerala,Thiruvananthapuram,MP_083,Vendor_052,635095.78,0.0,0.0,0,0,0,0,1,-1,60.0,1
MPLAD101129,Kerala,Thiruvananthapuram,MP_083,Vendor_119,905187.08,290641.33,0.32108426691198466,0,0,0,0,0,-1,39.6,1
MPLAD101130,Gujarat,Ahmedabad,MP_100,Vendor_059,817860.09,0.0,0.0,0,0,0,0,1,1,60.0,1
MPLAD101131,Chhattisgarh,Raipur,MP_020,Vendor_052,2077864.47,1711232.37,0.8235534101028255,0,0,0,0,0,-1,49.4,1
MPLAD101132,Bihar,Gaya,MP_060,Vendor_012,3859547.79,0.0,0.0,0,0,0,0,1,1,60.0,1
MPLAD101133,Maharashtra,Mumbai,MP_105,Vendor_104,1935287.47,1811698.26,0.9361390946224646,0,0,0,0,0,1,19.5,0
MPLAD101134,Tamil Nadu,Coimbatore,MP_128,Vendor_023,745321.68,0.0,0.0,0,0,0,0,1,-1,60.0,1
MPLAD101135,Gujarat,Vadodara,MP_025,Vendor_051,2511486.37,2497174.42,0.994301402479839,0,0,0,0,0,1,30.4,0
MPLAD101136,Assam,Silchar,MP_016,Vendor_042,600694.19,168478.62,0.2804731971854098,0,0,0,0,0,1,25.0,0
MPLAD101137,Rajasthan,Udaipur,MP_023,Vendor_015,4774322.81,4774322.81,1.0,0,0,0,0,0,1,14.3,0
MPLAD101138,Chhattisgarh,Raipur,MP_005,Vendor_055,1673084.7,1812817.18,1.0835178756939203,0,0,1,0,0,1,90.0,1
MPLAD101139,West Bengal,Kolkata,MP_056,Vendor_075,1034483.79,0.0,0.0,0,0,0,0,1,-1,60.0,1
MPLAD101140,Bihar,Bhagalpur,MP_110,Vendor_046,1258613.45,0.0,0.0,0,0,0,0,1,1,60.0,1
MPLAD101141,Gujarat,Vadodara,MP_040,Vendor_102,945940.93,439099.31,0.4641931605602476,0,0,0,0,0,1,25.9,0
MPLAD101142,Andhra Pradesh,Vijayawada,MP_116,Vendor_074,964495.53,0.0,0.0,0,0,0,0,1,1,60.0,1
MPLAD101143,Punjab,Amritsar,MP_064,Vendor_099,2890207.23,1572249.74,0.5439920444735722,0,0,0,0,0,1,20.7,0
MPLAD101144,Gujarat,Ahmedabad,MP_015,Vendor_096,2771244.77,1023443.99,0.36930840648911717,0,0,0,0,0,1,15.1,0
MPLAD101145,Odisha,Cuttack,MP_039,Vendor_072,400013.96,139462.38,0.3486437823319966,0,0,0,0,0,1,30.8,0
MPLAD101146,Kerala,Kochi,MP_073,Vendor_087,2851698.96,3467569.77,1.2159662778710696,0,0,1,0,0,-1,90.0,1
MPLAD101147,Kerala,Thiruvananthapuram,MP_074,Vendor_036,1506906.49,1855601.51,1.2313979150756726,0,0,1,0,0,-1,90.0,1
MPLAD101148,Chhattisgarh,Bilaspur,MP_103,Vendor_077,1699324.42,712477.29,0.4192709064935347,0,0,0,0,0,1,23.6,0
MPLAD101149,Rajasthan,Jaipur,MP_121,Vendor_060,1932720.36,1872681.17,0.9689353973587777,0,0,0,1,0,-1,80.0,1
MPLAD101150,Gujarat,Ahmedabad,MP_095,Vendor_042,1531031.45,1311435.87,0.8565701703906867,0,0,0,0,0,1,27.7,0
MPLAD101151,Chhattisgarh,Raipur,MP_005,Vendor_020,1765186.64,31730.79,0.017975883841948863,0,1,0,0,0,1,85.0,1
MPLAD101152,West Bengal,Kolkata,MP_057,Vendor_065,1720484.77,634257.99,0.3686507437087048,0,0,0,0,0,1,11.7,0
MPLAD101153,Bihar,Patna,MP_028,Vendor_008,625469.15,0.0,0.0,0,1,0,0,1,1,85.0,1
MPLAD101154,Karnataka,Mysuru,MP_062,Vendor_016,1862420.66,1540146.96,0.8269597696580535,0,0,0,0,0,1,35.9,0
MPLAD101155,Odisha,Cuttack,MP_039,Vendor_061,2660727.78,1365638.59,0.513257538131165,0,0,0,0,0,1,20.3,0
MPLAD101156,Rajasthan,Udaipur,MP_052,Vendor_049,1327300.65,0.0,0.0,0,0,0,0,1,1,60.0,1
MPLAD101157,Haryana,Gurugram,MP_003,Vendor_051,524957.62,331308.03,0.631113860200753,0,0,0,0,0,1,9.9,0
MPLAD101158,Kerala,Kozhikode,MP_043,Vendor_010,2616836.37,0.0,0.0,0,0,0,0,1,-1,60.0,1
MPLAD101159,Gujarat,Vadodara,MP_093,Vendor_114,764278.27,502647.28,0.6576757442024356,0,0,0,0,0,1,17.8,0
MPLAD101160,Bihar,Patna,MP_120,Vendor_076,960599.68,437118.48,0.4550474969968759,0,0,0,0,0,1,32.4,0
MPLAD101161,Gujarat,Ahmedabad,MP_100,Vendor_076,538541.79,526433.36,0.9775162666577834,0,0,0,0,0,-1,45.5,1
MPLAD101162,Gujarat,Surat,MP_053,Vendor_039,1000000.0,1000000.0,1.0,0,0,0,0,1,1,60.0,1
MPLAD101163,Maharashtra,Mumbai,MP_067,Vendor_031,3674544.34,0.0,0.0,0,1,0,0,1,1,85.0,1
MPLAD101164,Andhra Pradesh,Guntur,MP_119,Vendor_058,1122168.08,53416.54,0.04760119357520844,0,0,0,0,0,-1,48.6,1
MPLAD101165,West Bengal,Siliguri,MP_032,Vendor_043,487241.99,0.0,0.0,0,0,0,0,1,1,60.0,1
MPLAD101166,Assam,Silchar,MP_088,Vendor_104,763817.15,443481.4,0.5806119959469357,0,0,0,0,0,1,10.1,0
MPLAD101167,Jharkhand,Jamshedpur,MP_118,Vendor_061,13602904.39,3720854.98,0.27353386257241785,0,0,0,0,0,1,34.8,0
MPLAD101168,Assam,Dibrugarh,MP_123,Vendor_052,690794.22,564710.96,0.8174807253019575,0,0,0,0,0,-1,56.1,1
MPLAD101169,Bihar,Bhagalpur,MP_077,Vendor_071,1057223.64,871601.94,0.8244253221579495,0,0,0,0,0,1,28.8,0
MPLAD101170,Jharkhand,Ranchi,MP_109,Vendor_045,957371.37,0.0,0.0,0,0,0,0,1,1,60.0,1
MPLAD101171,Odisha,Rourkela,MP_106,Vendor_008,1442901.56,359052.05,0.24884029510647973,0,0,0,0,0,1,35.0,0
MPLAD101172,Karnataka,Mysuru,MP_034,Vendor_005,648153.44,624372.92,0.9633103544123751,0,0,0,0,0,1,30.3,0
MPLAD101173,Haryana,Faridabad,MP_112,Vendor_085,2607994.25,723047.72,0.2772428351787969,0,0,0,0,0,1,11.1,0
MPLAD101174,Odisha,Cuttack,MP_079,Vendor_063,3391013.13,83624.32,0.024660570983987905,0,1,0,0,0,1,85.0,1
MPLAD101175,Madhya Pradesh,Bhopal,MP_084,Vendor_050,745031.67,723932.74,0.9716804924547704,0,0,0,0,0,1,37.7,0
MPLAD101176,West Bengal,Kolkata,MP_001,Vendor_105,830740.97,742148.11,0.893356818551997,0,0,0,0,0,1,11.0,0
MPLAD101177,Tamil Nadu,Coimbatore,MP_037,Vendor_075,2254685.27,0.0,0.0,0,0,0,0,1,1,60.0,1
MPLAD101178,Gujarat,Surat,MP_122,Vendor_041,2274446.58,0.0,0.0,0,0,0,0,1,1,60.0,1
MPLAD101179,Punjab,Amritsar,MP_064,Vendor_077,713002.74,645368.06,0.9051410657973068,0,0,0,0,0,-1,40.4,1
MPLAD101180,West Bengal,Kolkata,MP_056,Vendor_069,651593.49,572261.54,0.8782493207536497,0,0,0,0,0,1,35.7,0
MPLAD101181,Tamil Nadu,Madurai,MP_145,Vendor_033,1979336.58,1214846.57,0.6137645220501103,0,0,0,0,0,-1,63.0,1
MPLAD101182,West Bengal,Siliguri,MP_032,Vendor_016,501890.54,197030.89,0.3925774133937652,0,0,0,0,0,1,8.6,0
MPLAD101183,West Bengal,Kolkata,MP_057,Vendor_107,729012.93,600728.76,0.8240303227543577,0,0,0,0,0,-1,59.1,1
MPLAD101184,Assam,Dibrugarh,MP_123,Vendor_032,1884778.4,1626836.37,0.8631446381176695,0,0,0,0,0,-1,53.1,1
MPLAD101185,Bihar,Bhagalpur,MP_077,Vendor_068,691708.76,355885.56,0.5145020282813825,0,0,0,0,0,1,25.1,0
MPLAD101186,Jharkhand,Ranchi,MP_107,Vendor_055,931678.61,804337.66,0.863320947123601,0,0,0,0,0,1,19.5,0
MPLAD101187,Maharashtra,Pune,MP_014,Vendor_035,663293.84,585996.36,0.8834641974060847,0,0,0,0,0,-1,46.7,1
MPLAD101188,Kerala,Kochi,MP_108,Vendor_006,1056716.82,992730.76,0.9394482430969537,0,0,0,0,0,1,32.3,0
MPLAD101189,Assam,Silchar,MP_016,Vendor_087,485162.81,158667.79,0.3270402980805557,0,0,0,0,0,1,10.1,0
MPLAD101190,Haryana,Faridabad,MP_137,Vendor_057,773701.78,0.0,0.0,0,0,0,0,1,1,60.0,1
MPLAD101191,West Bengal,Kolkata,MP_056,Vendor_068,1334445.35,0.0,0.0,0,0,0,0,1,1,60.0,1
MPLAD101192,Haryana,Gurugram,MP_003,Vendor_067,607099.96,253758.73,0.4179850876616761,0,0,0,0,0,1,10.1,0
MPLAD101193,Tamil Nadu,Madurai,MP_125,Vendor_094,320056.88,168125.97,0.5253002841244969,0,0,0,0,0,1,4.8,0
MPLAD101194,Gujarat,Ahmedabad,MP_095,Vendor_072,770388.69,477503.83,0.6198219628587747,0,0,0,0,0,-1,44.1,1
MPLAD101195,Chhattisgarh,Bilaspur,MP_080,Vendor_116,878293.85,863821.05,0.9835216881001729,0,0,0,0,0,-1,70.2,1
MPLAD101196,Gujarat,Ahmedabad,MP_027,Vendor_107,989957.3,433020.55,0.437413361162143,0,0,0,0,0,1,36.1,0
MPLAD101197,Kerala,Thiruvananthapuram,MP_102,Vendor_092,1664529.98,0.0,0.0,0,0,0,0,1,-1,60.0,1
MPLAD101198,Rajasthan,Udaipur,MP_052,Vendor_012,1455239.28,1295421.9,0.8901779369231979,0,0,0,0,0,-1,41.1,1
MPLAD101199,Madhya Pradesh,Indore,MP_150,Vendor_066,963844.29,249296.01,0.2586475975284348,0,0,0,0,0,1,20.5,0
MPLAD101200,West Bengal,Kolkata,MP_089,Vendor_101,585416.39,585416.39,1.0,0,0,0,0,0,1,36.3,0
MPLAD101201,Odisha,Cuttack,MP_017,Vendor_119,3102751.34,1866112.24,0.6014378967281342,0,0,0,0,0,1,20.2,0
MPLAD101202,Gujarat,Ahmedabad,MP_047,Vendor_020,1978310.93,648667.02,0.3278893171762439,0,0,0,0,0,1,19.0,0
MPLAD101203,Punjab,Jalandhar,MP_115,Vendor_069,1123199.12,895558.82,0.7973286339469353,0,0,0,0,0,1,36.0,0
MPLAD101204,Assam,Dibrugarh,MP_117,Vendor_090,2020834.03,1888472.82,0.9345016918583858,0,0,0,0,0,1,17.0,0
MPLAD101205,Assam,Dibrugarh,MP_123,Vendor_053,1731173.59,538981.36,0.3113387144497739,0,0,0,0,0,1,19.8,0
MPLAD101206,Punjab,Amritsar,MP_064,Vendor_042,1556185.95,1556185.95,1.0,0,0,0,0,0,-1,49.0,1
MPLAD101207,Assam,Dibrugarh,MP_075,Vendor_117,3619996.6,0.0,0.0,0,1,0,0,1,1,85.0,1
MPLAD101208,Chhattisgarh,Raipur,MP_020,Vendor_067,1592556.28,965501.1,0.6062587000065077,0,0,0,0,0,1,1.4,0
MPLAD101209,Andhra Pradesh,Guntur,MP_119,Vendor_035,752852.56,0.0,0.0,0,0,0,0,1,-1,85.3,1
MPLAD101210,Bihar,Bhagalpur,MP_018,Vendor_005,587386.7,144282.06,0.2456338558567976,0,0,0,0,0,1,12.7,0
MPLAD101211,Punjab,Amritsar,MP_064,Vendor_084,4828034.62,4087230.22,0.8465619121844656,0,0,0,0,0,-1,45.0,1
MPLAD101212,Punjab,Amritsar,MP_064,Vendor_099,2079174.77,2480567.93,1.1930540740449636,0,0,1,0,0,-1,90.0,1
MPLAD101213,Telangana,Hyderabad,MP_140,Vendor_116,1270344.07,1218704.9,0.9593502491021978,0,0,0,0,0,-1,53.5,1
MPLAD101214,Chhattisgarh,Bilaspur,MP_103,Vendor_114,1595472.37,1533323.67,0.9610468340482762,0,0,0,0,0,1,25.1,0
MPLAD101215,Maharashtra,Nashik,MP_068,Vendor_054,1625963.87,0.0,0.0,0,0,0,0,1,-1,60.0,1
MPLAD101216,Karnataka,Mysuru,MP_034,Vendor_062,5204729.46,2674277.07,0.5138167296787794,0,0,0,0,0,1,24.0,0
MPLAD101217,Jharkhand,Jamshedpur,MP_118,Vendor_023,3168225.26,2845688.59,0.8981964211724012,0,0,0,0,0,1,16.6,0
MPLAD101218,Haryana,Faridabad,MP_112,Vendor_088,2441018.41,0.0,0.0,0,1,0,0,1,1,85.0,1
MPLAD101219,Andhra Pradesh,Guntur,MP_119,Vendor_075,2206509.93,1656791.62,0.7508652453696413,0,0,0,0,0,-1,55.1,1
MPLAD101220,Jharkhand,Ranchi,MP_107,Vendor_020,1810427.79,0.0,0.0,0,0,0,0,1,1,60.0,1
MPLAD101221,Gujarat,Vadodara,MP_040,Vendor_097,785061.17,540448.82,0.6884161905498395,0,0,0,0,0,-1,73.3,1
MPLAD101222,Assam,Dibrugarh,MP_117,Vendor_002,2153600.16,0.0,0.0,0,1,0,0,1,1,85.0,1
MPLAD101223,Assam,Dibrugarh,MP_075,Vendor_079,750441.51,749500.3,0.9987457916606985,0,0,0,0,0,-1,40.6,1
MPLAD101224,Odisha,Bhubaneswar,MP_092,Vendor_022,682106.34,593147.01,0.8695814350589383,0,0,0,0,0,1,39.0,0
MPLAD101225,Telangana,Hyderabad,MP_142,Vendor_014,912005.82,494412.83,0.5421158715851178,0,0,0,0,0,1,15.0,0
MPLAD101226,Punjab,Amritsar,MP_098,Vendor_022,2934718.97,0.0,0.0,0,1,0,0,1,1,85.0,1
MPLAD101227,Chhattisgarh,Bilaspur,MP_094,Vendor_119,353993.79,332236.79,0.938538469841519,0,0,0,0,0,1,36.2,0
MPLAD101228,West Bengal,Siliguri,MP_032,Vendor_014,5103111.59,2155442.2,0.42237802603097696,0,0,0,0,0,1,33.7,0
MPLAD101229,Assam,Silchar,MP_088,Vendor_090,2337851.99,0.0,0.0,0,0,0,0,1,1,60.0,1
MPLAD101230,Gujarat,Ahmedabad,MP_100,Vendor_029,1194296.36,66198.67,0.05542901428586787,0,0,0,0,0,-1,39.2,1
MPLAD101231,West Bengal,Kolkata,MP_057,Vendor_026,406369.97,149094.44,0.36689335090385744,0,0,0,0,0,1,34.8,0
MPLAD101232,Chhattisgarh,Raipur,MP_113,Vendor_075,1781821.09,162955.28,0.0914543446109957,0,0,0,0,0,1,32.4,0
MPLAD101233,Tamil Nadu,Madurai,MP_042,Vendor_037,255003.13,157889.53,0.6191670274792314,0,0,0,0,0,1,5.9,0
MPLAD101234,Madhya Pradesh,Bhopal,MP_084,Vendor_060,1081372.5,281820.44,0.2606136553315347,0,0,0,0,0,1,13.0,0
MPLAD101235,Odisha,Cuttack,MP_017,Vendor_079,2222417.03,1013007.56,0.4558134437981697,0,0,0,0,0,1,7.3,0
MPLAD101236,Assam,Guwahati,MP_024,Vendor_015,429956.34,0.0,0.0,0,0,0,0,1,1,60.0,1
MPLAD101237,Karnataka,Hubballi,MP_029,Vendor_087,1458984.99,1349631.98,0.9250485709246399,0,0,0,0,0,-1,48.5,1
MPLAD101238,Haryana,Faridabad,MP_112,Vendor_099,2175217.04,453883.0,0.20866101710935475,0,0,0,0,0,1,36.9,0
MPLAD101239,Rajasthan,Udaipur,MP_052,Vendor_109,1250929.3,0.0,0.0,0,0,0,0,1,1,60.0,1
MPLAD101240,Tamil Nadu,Madurai,MP_042,Vendor_027,2048734.54,1898249.96,0.9265475457840429,0,0,0,0,0,1,7.2,0
MPLAD101241,Chhattisgarh,Raipur,MP_020,Vendor_046,490323.29,412277.51,0.8408279158022456,0,0,0,0,0,1,25.1,0
MPLAD101242,Punjab,Ludhiana,MP_149,Vendor_099,1013482.3,928333.2,0.9159836338532996,0,0,0,0,0,-1,61.4,1
MPLAD101243,West Bengal,Siliguri,MP_032,Vendor_107,1981893.65,0.0,0.0,0,0,0,0,1,1,60.0,1
MPLAD101244,Andhra Pradesh,Guntur,MP_119,Vendor_098,447811.99,115625.18,0.25820027730834094,0,0,0,0,0,1,36.3,0
MPLAD101245,Karnataka,Mysuru,MP_059,Vendor_022,619179.36,537183.79,0.86757379961761,0,0,0,0,0,1,25.1,0
MPLAD101246,Assam,Dibrugarh,MP_131,Vendor_044,1658790.85,698039.59,0.4208122983075292,0,0,0,0,0,1,7.9,0
MPLAD101247,Bihar,Gaya,MP_072,Vendor_092,1176759.05,630257.68,0.5355877059114184,0,0,0,0,0,1,35.7,0
MPLAD101248,Haryana,Faridabad,MP_112,Vendor_006,2539354.8,0.0,0.0,0,0,0,0,1,1,60.0,1
MPLAD101249,Punjab,Ludhiana,MP_124,Vendor_026,700217.2,162953.55,0.23271857646455985,0,0,0,0,0,1,37.6,0
MPLAD101250,Gujarat,Surat,MP_006,Vendor_025,19128654.71,15829916.49,0.827549910330312,0,0,0,0,0,-1,40.4,1
MPLAD101251,Karnataka,Mysuru,MP_059,Vendor_083,1558253.99,713981.22,0.45819309597917346,0,0,0,0,0,1,17.9,0
MPLAD101252,Rajasthan,Udaipur,MP_044,Vendor_004,387822.32,108069.46,0.2786571438178184,0,0,0,0,0,1,18.2,0
MPLAD101253,Punjab,Amritsar,MP_064,Vendor_039,1634901.71,1607804.85,0.9834260005759001,0,0,0,1,0,-1,80.0,1
MPLAD101254,Bihar,Bhagalpur,MP_077,Vendor_088,885536.44,371658.92,0.41969918256554184,0,0,0,0,0,1,8.5,0
MPLAD101255,Punjab,Jalandhar,MP_045,Vendor_112,1040694.54,596125.33,0.572814891485834,0,0,0,0,0,1,12.7,0
MPLAD101256,Assam,Guwahati,MP_133,Vendor_077,1890061.26,822769.55,0.4353136945413082,0,0,0,0,0,1,33.2,0
MPLAD101257,Tamil Nadu,Coimbatore,MP_037,Vendor_036,890250.95,770205.63,0.8651556395418618,0,0,0,0,0,-1,63.4,1
MPLAD101258,Madhya Pradesh,Bhopal,MP_033,Vendor_075,912534.94,819272.87,0.8977989051027461,0,0,0,0,0,-1,53.5,1
MPLAD101259,Tamil Nadu,Madurai,MP_087,Vendor_005,650691.68,185253.22,0.28470199588228945,0,0,0,0,0,1,28.4,0
MPLAD101260,Tamil Nadu,Madurai,MP_145,Vendor_097,3255527.45,242714.06,0.07455445046239742,0,0,0,0,0,-1,58.7,1
MPLAD101261,Assam,Silchar,MP_016,Vendor_080,2181186.61,792750.82,0.3634493336633861,0,0,0,0,0,1,25.7,0
MPLAD101262,Odisha,Cuttack,MP_017,Vendor_094,2756328.74,53364.32,0.01936065144392029,0,1,0,0,0,1,85.0,1
MPLAD101263,Kerala,Kochi,MP_104,Vendor_067,608687.56,0.0,0.0,0,0,0,0,1,1,60.0,1
MPLAD101264,Tamil Nadu,Madurai,MP_136,Vendor_021,601989.27,0.0,0.0,0,0,0,0,1,1,60.0,1
MPLAD101265,Kerala,Thiruvananthapuram,MP_074,Vendor_029,775184.6,667631.15,0.8612544031447478,0,0,0,0,0,1,7.5,0
MPLAD101266,Assam,Dibrugarh,MP_075,Vendor_006,1794418.18,0.0,0.0,0,0,0,0,1,1,60.0,1
MPLAD101267,West Bengal,Kolkata,MP_057,Vendor_017,987015.95,825040.96,0.8358942527727136,0,0,0,0,0,1,27.8,0
MPLAD101268,Madhya Pradesh,Indore,MP_038,Vendor_057,1309127.29,599985.52,0.458309535354656,0,0,0,0,0,1,16.9,0
MPLAD101269,Gujarat,Vadodara,MP_093,Vendor_034,771472.32,771472.32,1.0,0,0,0,0,0,1,21.9,0
MPLAD101270,West Bengal,Siliguri,MP_111,Vendor_007,1763646.2,494671.9,0.28048250266975316,0,0,0,0,0,1,24.7,0
MPLAD101271,Chhattisgarh,Bilaspur,MP_130,Vendor_105,1784536.22,1202675.5,0.6739428914477287,0,0,0,0,0,1,20.6,0
MPLAD101272,Odisha,Cuttack,MP_017,Vendor_058,989124.58,277127.58,0.28017459640928144,0,0,0,0,0,1,7.1,0
MPLAD101273,Maharashtra,Mumbai,MP_105,Vendor_049,1964028.97,572233.94,0.29135717891167356,0,0,0,0,0,1,21.8,0
MPLAD101274,Maharashtra,Pune,MP_127,Vendor_114,2264491.83,2043721.4,0.9025077383476362,0,0,0,0,0,1,13.1,0
MPLAD101275,Chhattisgarh,Bilaspur,MP_094,Vendor_102,3468652.67,768168.96,0.2214603285719005,0,0,0,0,0,1,13.2,0
MPLAD101276,West Bengal,Siliguri,MP_111,Vendor_112,1115323.29,153737.86,0.13784152216529072,0,0,0,0,0,1,12.4,0
MPLAD101277,Kerala,Thiruvananthapuram,MP_134,Vendor_011,2354784.36,903574.56,0.38371860088284265,0,0,0,0,0,-1,42.5,1
MPLAD101278,Karnataka,Mysuru,MP_062,Vendor_030,327450.22,259007.47,0.7909827331922392,0,0,0,0,0,-1,46.6,1
MPLAD101279,Uttar Pradesh,Varanasi,MP_096,Vendor_053,1112003.07,547898.58,0.49271319008139064,0,0,0,0,0,1,24.2,0
MPLAD101280,Madhya Pradesh,Indore,MP_038,Vendor_046,1548477.66,648289.23,0.41866230733997156,0,0,0,0,0,1,22.9,0
MPLAD101281,Assam,Dibrugarh,MP_065,Vendor_045,3784546.29,0.0,0.0,0,0,0,0,1,1,60.0,1
MPLAD101282,Kerala,Kochi,MP_108,Vendor_031,5608031.91,1996728.61,0.3560480115028447,0,0,0,0,0,1,21.8,0
MPLAD101283,Jharkhand,Ranchi,MP_051,Vendor_118,1991565.73,99291.05,0.04985577352749487,0,1,0,0,0,1,85.0,1
MPLAD101284,Punjab,Jalandhar,MP_139,Vendor_061,421394.33,70746.58,0.1678868816293755,0,0,0,0,0,-1,41.6,1
MPLAD101285,Maharashtra,Mumbai,MP_069,Vendor_028,1325644.81,301690.11,0.22757989751417648,0,0,0,0,0,1,34.4,0
MPLAD101286,Maharashtra,Nashik,MP_068,Vendor_056,1892240.57,1885858.37,0.9966271730449158,0,0,0,0,0,1,35.3,0
MPLAD101287,Rajasthan,Udaipur,MP_052,Vendor_029,1297253.55,349502.78,0.26941747817918865,0,0,0,0,0,1,9.5,0
MPLAD101288,Andhra Pradesh,Guntur,MP_119,Vendor_075,1782031.38,1064722.36,0.5974767739499628,0,0,0,0,0,-1,58.3,1
MPLAD101289,Kerala,Kochi,MP_085,Vendor_049,259191.11,231737.98,0.8940815138296989,0,0,0,0,0,1,27.7,0
MPLAD101290,Haryana,Gurugram,MP_138,Vendor_066,2155926.53,288939.67,0.1340211115635745,0,0,0,0,0,1,12.2,0
MPLAD101291,Tamil Nadu,Madurai,MP_087,Vendor_071,1737400.76,1011377.52,0.5821210300379976,0,0,0,0,0,-1,50.5,1
MPLAD101292,Punjab,Jalandhar,MP_114,Vendor_074,2289170.75,0.0,0.0,0,0,0,0,1,1,60.0,1
MPLAD101293,Tamil Nadu,Coimbatore,MP_078,Vendor_059,801904.71,205411.5,0.25615449995299316,0,0,0,0,0,1,38.0,0
MPLAD101294,Maharashtra,Mumbai,MP_069,Vendor_027,4834886.09,4567774.56,0.9447532940739871,0,0,0,0,0,1,32.0,0
MPLAD101295,Rajasthan,Jaipur,MP_004,Vendor_027,1506820.04,0.0,0.0,0,0,0,0,1,1,60.0,1
MPLAD101296,Kerala,Kochi,MP_073,Vendor_078,4612450.43,0.0,0.0,0,1,0,0,1,1,85.0,1
MPLAD101297,Punjab,Amritsar,MP_098,Vendor_075,3709620.0,3639566.16,0.9811156290940851,0,0,0,0,0,-1,47.8,1
MPLAD101298,Andhra Pradesh,Guntur,MP_036,Vendor_119,2390181.26,828369.64,0.346571891371954,0,0,0,0,0,1,35.5,0
MPLAD101299,Gujarat,Ahmedabad,MP_027,Vendor_010,2962534.55,2962534.55,1.0,0,0,0,0,0,-1,46.5,1
MPLAD101300,Telangana,Hyderabad,MP_142,Vendor_093,1766057.87,0.0,0.0,0,0,0,0,1,1,60.0,1
MPLAD101301,Chhattisgarh,Raipur,MP_048,Vendor_049,1784471.32,206227.0,0.11556756204969436,0,0,0,0,0,1,15.9,0
MPLAD101302,Punjab,Jalandhar,MP_144,Vendor_067,828501.44,0.0,0.0,0,0,0,0,1,1,60.0,1
MPLAD101303,Jharkhand,Jamshedpur,MP_031,Vendor_055,1802940.9,0.0,0.0,0,0,0,0,1,1,60.0,1
MPLAD101304,Jharkhand,Jamshedpur,MP_031,Vendor_034,5687163.69,1393409.78,0.24500961392233112,0,0,0,0,0,1,12.8,0
MPLAD101305,Maharashtra,Nashik,MP_068,Vendor_063,983040.54,946601.41,0.9629322204758717,0,0,0,0,0,1,38.9,0
MPLAD101306,Bihar,Patna,MP_120,Vendor_089,958836.01,29807.82,0.031087505776926337,0,1,0,0,0,1,85.0,1
MPLAD101307,Haryana,Faridabad,MP_112,Vendor_011,786535.12,204950.54,0.26057392071697955,0,0,0,0,0,-1,67.9,1
MPLAD101308,Gujarat,Surat,MP_006,Vendor_013,659011.11,519245.22,0.7879157302826048,0,0,0,0,0,1,24.2,0
MPLAD101309,Odisha,Rourkela,MP_090,Vendor_083,226714.56,86441.6,0.3812794378975925,0,0,0,0,0,1,20.6,0
MPLAD101310,Rajasthan,Jaipur,MP_004,Vendor_041,876193.68,728213.42,0.8311101034191436,0,0,0,0,0,1,23.9,0
MPLAD101311,Chhattisgarh,Bilaspur,MP_080,Vendor_091,3176354.65,0.0,0.0,0,0,0,0,1,1,60.0,1
MPLAD101312,Gujarat,Surat,MP_122,Vendor_068,5094371.17,4378933.66,0.8595631362290392,0,0,0,0,0,-1,55.6,1
MPLAD101313,Chhattisgarh,Bilaspur,MP_080,Vendor_097,2357499.55,357989.25,0.15185124849758722,0,0,0,0,0,-1,66.3,1
MPLAD101314,Jharkhand,Ranchi,MP_107,Vendor_059,592418.65,125118.07,0.21119873589394933,0,0,0,0,0,1,16.0,0
MPLAD101315,Kerala,Kochi,MP_086,Vendor_029,1937054.67,1840420.36,0.9501127606274531,0,0,0,0,0,-1,42.2,1
MPLAD101316,Kerala,Thiruvananthapuram,MP_074,Vendor_092,513030.95,189421.82,0.3692210382239122,0,0,0,0,0,1,30.8,0
MPLAD101317,Bihar,Bhagalpur,MP_070,Vendor_064,1479768.52,839433.37,0.5672734340908941,0,0,0,0,0,1,11.2,0
MPLAD101318,Punjab,Jalandhar,MP_139,Vendor_007,792864.48,555005.14,0.7000000050449984,0,0,0,0,0,-1,40.8,1
MPLAD101319,Jharkhand,Jamshedpur,MP_046,Vendor_044,2451417.16,685725.07,0.27972598103213075,0,0,0,0,0,1,15.3,0
MPLAD101320,Punjab,Jalandhar,MP_146,Vendor_078,2005332.69,688438.82,0.34330404298151646,0,0,0,0,0,1,29.7,0
MPLAD101321,Gujarat,Vadodara,MP_025,Vendor_046,2961683.77,2961683.77,1.0,0,0,0,0,0,-1,46.2,1
MPLAD101322,Punjab,Amritsar,MP_012,Vendor_044,648234.08,648234.08,1.0,0,0,0,0,0,1,34.9,0
MPLAD101323,Punjab,Ludhiana,MP_149,Vendor_062,1486667.61,716932.99,0.4822416155283022,0,0,0,0,0,1,35.5,0
MPLAD101324,Rajasthan,Jaipur,MP_004,Vendor_118,694378.6,569484.73,0.8201357731934711,0,0,0,0,0,1,25.5,0
MPLAD101325,Punjab,Ludhiana,MP_030,Vendor_041,3473894.4,1792505.56,0.5159931056050524,0,0,0,0,0,1,29.2,0
MPLAD101326,Maharashtra,Mumbai,MP_069,Vendor_087,2656533.77,1495115.69,0.5628069580308779,0,0,0,0,0,1,27.2,0
MPLAD101327,Kerala,Kochi,MP_086,Vendor_103,1506430.02,0.0,0.0,0,0,0,0,1,-1,60.0,1
MPLAD101328,Uttar Pradesh,Lucknow,MP_049,Vendor_099,4857369.7,4857369.7,1.0,0,0,0,0,0,-1,69.3,1
MPLAD101329,Punjab,Amritsar,MP_012,Vendor_068,1297476.46,0.0,0.0,0,0,0,0,1,-1,60.0,1
MPLAD101330,Haryana,Faridabad,MP_055,Vendor_103,990313.63,405675.88,0.4096438418200909,0,0,0,0,0,1,30.6,0
MPLAD101331,Jharkhand,Ranchi,MP_109,Vendor_068,3458802.34,1560172.31,0.45107298903932164,0,0,0,0,0,1,19.7,0
MPLAD101332,Kerala,Kochi,MP_108,Vendor_044,539550.08,151656.07,0.2810787647367229,0,0,0,0,0,1,26.5,0
MPLAD101333,Tamil Nadu,Madurai,MP_145,Vendor_044,1570936.92,0.0,0.0,0,0,0,0,1,1,60.0,1
MPLAD101334,Chhattisgarh,Raipur,MP_113,Vendor_044,2306712.33,705905.77,0.30602245491096847,0,0,0,0,0,1,2.6,0
MPLAD101335,Tamil Nadu,Coimbatore,MP_128,Vendor_037,2117400.84,637485.22,0.3010696925953803,0,0,0,0,0,1,18.6,0
MPLAD101336,Maharashtra,Nashik,MP_068,Vendor_104,454027.85,184391.19,0.4061230825377783,0,0,0,0,0,1,11.5,0
MPLAD101337,Kerala,Kochi,MP_085,Vendor_058,1148979.1,645780.4,0.5620471251391779,0,0,0,0,0,-1,44.0,1
MPLAD101338,Telangana,Hyderabad,MP_140,Vendor_101,1923797.78,1781966.06,0.9262751410389922,0,0,0,0,0,-1,48.4,1
MPLAD101339,Assam,Guwahati,MP_148,Vendor_100,1120615.81,0.0,0.0,0,0,0,0,1,1,60.0,1
MPLAD101340,Assam,Dibrugarh,MP_065,Vendor_106,3177710.39,2961990.57,0.9321147009875874,0,0,0,0,0,-1,40.4,1
MPLAD101341,West Bengal,Kolkata,MP_001,Vendor_091,2360440.85,2203745.88,0.9336162268162745,0,0,0,0,0,1,31.3,0
MPLAD101342,Gujarat,Surat,MP_097,Vendor_015,1571489.24,391342.98,0.24902682757153335,0,0,0,0,0,-1,43.7,1
MPLAD101343,Haryana,Gurugram,MP_091,Vendor_017,5214269.11,1546210.47,0.29653445907397746,0,0,0,0,0,1,32.0,0
MPLAD101344,West Bengal,Kolkata,MP_054,Vendor_103,1337974.88,0.0,0.0,0,0,0,0,1,1,60.0,1
MPLAD101345,Bihar,Bhagalpur,MP_018,Vendor_072,600711.77,556959.8,0.9271664512250193,0,0,0,0,0,-1,39.5,1
MPLAD101346,Kerala,Thiruvananthapuram,MP_074,Vendor_064,551211.77,524564.5,0.9516569285158769,0,0,0,0,0,1,38.9,0
MPLAD101347,Assam,Dibrugarh,MP_117,Vendor_003,3571471.43,1556653.11,0.43585764033397295,0,0,0,0,0,1,12.9,0
MPLAD101348,Gujarat,Surat,MP_122,Vendor_022,731252.36,597316.17,0.8168399894121368,0,0,0,0,0,1,34.8,0
MPLAD101349,Rajasthan,Udaipur,MP_044,Vendor_109,1781678.28,1524592.86,0.8557060368946071,0,0,0,0,0,-1,50.8,1
MPLAD101350,Punjab,Ludhiana,MP_149,Vendor_008,1798810.95,1543848.81,0.8582607360712364,0,0,0,0,0,-1,48.9,1
MPLAD101351,Gujarat,Surat,MP_006,Vendor_115,877421.71,803542.45,0.9157995988040916,0,0,0,0,0,-1,45.5,1
MPLAD101352,Odisha,Cuttack,MP_017,Vendor_114,1791513.23,850268.34,0.47460902088900564,0,0,0,0,0,1,12.0,0
MPLAD101353,Andhra Pradesh,Guntur,MP_119,Vendor_008,881960.98,188268.88,0.2134662238685435,0,0,0,0,0,-1,44.2,1
MPLAD101354,Chhattisgarh,Raipur,MP_005,Vendor_090,2631681.0,0.0,0.0,0,0,0,0,1,-1,60.0,1
MPLAD101355,Gujarat,Ahmedabad,MP_047,Vendor_109,2380403.8,884137.97,0.3714235248658232,0,0,0,0,0,1,16.7,0
MPLAD101356,West Bengal,Kolkata,MP_056,Vendor_088,1779732.34,755501.93,0.4245031193847947,0,0,0,0,0,1,7.8,0
MPLAD101357,Tamil Nadu,Coimbatore,MP_128,Vendor_035,7185638.63,1156910.45,0.16100314941665803,0,0,0,0,0,-1,51.1,1
MPLAD101358,Punjab,Ludhiana,MP_124,Vendor_092,1759622.71,1561348.49,0.8873200380552033,0,0,0,0,0,1,30.1,0
MPLAD101359,Tamil Nadu,Madurai,MP_042,Vendor_082,674272.13,252270.82,0.3741379908435486,0,0,0,0,0,1,9.5,0
MPLAD101360,Rajasthan,Udaipur,MP_023,Vendor_093,458898.77,36625.75,0.0798122644782857,0,0,0,0,0,1,28.8,0
MPLAD101361,Jharkhand,Ranchi,MP_109,Vendor_024,575588.27,203038.39,0.35274935328338086,0,0,0,0,0,1,0.3,0
MPLAD101362,Odisha,Cuttack,MP_079,Vendor_067,2174190.11,517301.75,0.23792848087235574,0,0,0,0,0,1,5.9,0
MPLAD101363,Assam,Guwahati,MP_148,Vendor_091,1282414.39,1108452.78,0.8643483640260775,0,0,0,0,0,-1,50.9,1
MPLAD101364,Odisha,Bhubaneswar,MP_092,Vendor_076,1262564.18,1234073.8,0.9774345095074692,0,0,0,0,0,-1,45.3,1
MPLAD101365,Uttar Pradesh,Lucknow,MP_049,Vendor_084,1788720.38,723603.73,0.40453708589153553,0,0,0,0,0,-1,45.6,1
MPLAD101366,Assam,Silchar,MP_088,Vendor_097,1822915.79,258116.45,0.1415953778095257,0,0,0,0,0,-1,53.8,1
MPLAD101367,Chhattisgarh,Bilaspur,MP_130,Vendor_119,286044.47,0.0,0.0,0,0,0,0,1,1,60.0,1
MPLAD101368,Jharkhand,Ranchi,MP_035,Vendor_108,984324.5,0.0,0.0,0,0,0,0,1,1,60.0,1
MPLAD101369,Punjab,Amritsar,MP_098,Vendor_069,1499898.44,0.0,0.0,0,0,0,0,1,1,60.0,1
MPLAD101370,Gujarat,Ahmedabad,MP_002,Vendor_100,512089.22,65516.78,0.12794016636397854,0,0,0,0,0,-1,45.2,1
MPLAD101371,Kerala,Kochi,MP_022,Vendor_094,1029232.77,1002262.98,0.9737962191001749,0,0,0,0,0,-1,42.4,1
MPLAD101372,Jharkhand,Jamshedpur,MP_046,Vendor_067,1728595.27,701273.45,0.4056897887959626,0,0,0,0,0,1,7.3,0
MPLAD101373,Jharkhand,Jamshedpur,MP_031,Vendor_119,2441934.81,438658.17,0.17963549567484152,0,0,0,0,0,1,23.8,0
MPLAD101374,Jharkhand,Ranchi,MP_107,Vendor_052,2760523.35,471517.73,0.17080736882736383,0,0,0,0,0,-1,49.6,1
MPLAD101375,Madhya Pradesh,Indore,MP_038,Vendor_058,819821.66,718238.94,0.8760916855990362,0,0,0,0,0,-1,41.8,1
MPLAD101376,Maharashtra,Nashik,MP_068,Vendor_047,580986.25,0.0,0.0,0,0,0,0,1,-1,60.0,1
MPLAD101377,Jharkhand,Ranchi,MP_109,Vendor_069,917838.8,346356.79,0.3773612425188388,0,0,0,0,0,1,8.1,0
MPLAD101378,Jharkhand,Ranchi,MP_035,Vendor_048,2304571.09,1499670.7,0.6507374437297138,0,0,0,0,0,1,37.4,0
MPLAD101379,West Bengal,Siliguri,MP_111,Vendor_077,1778138.07,1681984.48,0.9459245647892798,0,0,0,0,0,1,23.1,0
MPLAD101380,Rajasthan,Udaipur,MP_052,Vendor_058,1178205.04,0.0,0.0,0,0,0,0,1,1,60.0,1
MPLAD101381,Assam,Guwahati,MP_133,Vendor_052,3486289.67,3442249.73,0.9873676761919786,0,0,0,0,0,-1,86.8,1
MPLAD101382,Assam,Silchar,MP_076,Vendor_049,811735.76,244424.43,0.3011132957848253,0,0,0,0,0,1,11.9,0
MPLAD101383,Assam,Silchar,MP_016,Vendor_069,1024211.74,384363.94,0.37527781120728027,0,0,0,0,0,1,26.3,0
MPLAD101384,Kerala,Thiruvananthapuram,MP_134,Vendor_114,1536766.73,0.0,0.0,0,0,0,0,1,1,60.0,1
MPLAD101385,Uttar Pradesh,Lucknow,MP_049,Vendor_031,673047.77,384624.52,0.5714668960273057,0,0,0,0,0,-1,53.6,1
MPLAD101386,Tamil Nadu,Coimbatore,MP_037,Vendor_029,1310146.9,750216.41,0.5726200703142527,0,0,0,0,0,1,24.7,0
MPLAD101387,Jharkhand,Ranchi,MP_051,Vendor_063,332227.59,297806.42,0.8963928010915648,0,0,0,0,0,1,19.6,0
MPLAD101388,Chhattisgarh,Bilaspur,MP_130,Vendor_112,1824808.47,68518.89,0.037548537902172274,0,1,0,0,0,1,85.0,1
MPLAD101389,Kerala,Thiruvananthapuram,MP_083,Vendor_064,1186571.08,612290.28,0.5160165204768011,0,0,0,0,0,1,31.9,0
MPLAD101390,Rajasthan,Udaipur,MP_052,Vendor_049,2320404.92,10900.52,0.004697680092834832,0,1,0,0,0,1,85.0,1
MPLAD101391,Gujarat,Vadodara,MP_040,Vendor_064,453128.47,353243.08,0.7795649653176726,0,0,0,0,0,-1,40.7,1
MPLAD101392,Gujarat,Ahmedabad,MP_100,Vendor_099,1983115.11,52359.41,0.02640260756220046,0,1,0,0,0,-1,85.0,1
MPLAD101393,Kerala,Thiruvananthapuram,MP_074,Vendor_055,1473148.08,0.0,0.0,0,1,0,0,1,1,85.0,1
MPLAD101394,Gujarat,Vadodara,MP_025,Vendor_083,986730.2,356470.39,0.3612642949410082,0,0,0,0,0,1,26.4,0
MPLAD101395,West Bengal,Siliguri,MP_032,Vendor_095,1105825.39,95977.94,0.08679303339200777,0,0,0,0,0,-1,41.2,1
MPLAD101396,Jharkhand,Jamshedpur,MP_031,Vendor_054,1091255.68,974096.96,0.8926386160940761,0,0,0,0,0,-1,69.4,1
MPLAD101397,Bihar,Patna,MP_050,Vendor_029,1134216.81,0.0,0.0,0,1,0,0,1,1,85.0,1
MPLAD101398,Rajasthan,Udaipur,MP_052,Vendor_063,1117032.14,340469.22,0.30479805173734753,0,0,0,0,0,1,8.8,0
MPLAD101399,Rajasthan,Jaipur,MP_121,Vendor_017,1350985.27,330653.77,0.24475009264904865,0,0,0,0,0,1,30.1,0
MPLAD101400,Punjab,Jalandhar,MP_144,Vendor_019,646377.45,0.0,0.0,0,0,0,0,1,1,60.0,1
MPLAD101401,West Bengal,Kolkata,MP_056,Vendor_053,903050.97,903050.97,1.0,0,0,0,0,0,1,21.0,0
MPLAD101402,Assam,Dibrugarh,MP_131,Vendor_002,3639300.81,1499186.46,0.4119435403307593,0,0,0,0,0,1,23.4,0
MPLAD101403,Punjab,Jalandhar,MP_115,Vendor_007,1690969.86,883065.55,0.5222242991368279,0,0,0,0,0,-1,43.9,1
MPLAD101404,Tamil Nadu,Madurai,MP_042,Vendor_069,628504.88,195871.85,0.3116473017679672,0,0,0,0,0,1,25.9,0
MPLAD101405,Kerala,Kozhikode,MP_043,Vendor_071,4907773.4,0.0,0.0,0,0,0,0,1,-1,60.0,1
MPLAD101406,Madhya Pradesh,Indore,MP_038,Vendor_106,1276195.71,0.0,0.0,0,0,0,0,1,1,60.0,1
MPLAD101407,Chhattisgarh,Bilaspur,MP_094,Vendor_027,441271.2,206101.74,0.4670636560917639,0,0,0,0,0,1,16.4,0
MPLAD101408,Maharashtra,Pune,MP_127,Vendor_033,296859.6,0.0,0.0,0,0,0,0,1,-1,60.0,1
MPLAD101409,Odisha,Cuttack,MP_079,Vendor_061,1445068.68,1249846.33,0.8649044486937466,0,0,0,0,0,-1,51.5,1
MPLAD101410,Tamil Nadu,Madurai,MP_087,Vendor_112,825716.24,796377.45,0.9644686775205003,0,0,0,0,0,1,13.2,0
MPLAD101411,Tamil Nadu,Madurai,MP_125,Vendor_083,1725115.56,181446.73,0.1051794640354412,0,0,0,0,0,1,15.5,0
MPLAD101412,Haryana,Gurugram,MP_091,Vendor_065,1442764.13,0.0,0.0,0,0,0,0,1,1,60.0,1
MPLAD101413,Gujarat,Surat,MP_122,Vendor_111,1623746.3,0.0,0.0,0,0,0,0,1,1,60.0,1
MPLAD101414,Odisha,Rourkela,MP_106,Vendor_111,3529043.06,3209997.57,0.9095943334848399,0,0,0,0,0,1,33.7,0
MPLAD101415,Gujarat,Vadodara,MP_040,Vendor_083,452828.38,282897.23,0.6247338782078985,0,0,0,0,0,1,36.9,0
MPLAD101416,Gujarat,Vadodara,MP_040,Vendor_062,2683614.02,937476.9,0.3493337316817267,0,0,0,0,0,1,30.1,0
MPLAD101417,Kerala,Thiruvananthapuram,MP_134,Vendor_054,903196.74,0.0,0.0,0,0,0,0,1,-1,60.0,1
MPLAD101418,Assam,Dibrugarh,MP_131,Vendor_007,872186.45,205099.64,0.23515572845691426,0,0,0,0,0,1,25.2,0
MPLAD101419,Jharkhand,Jamshedpur,MP_118,Vendor_063,1089053.47,1020389.01,0.9369503317408282,0,0,0,0,0,1,17.6,0
MPLAD101420,West Bengal,Kolkata,MP_056,Vendor_030,1412001.85,140141.76,0.09925040820590993,0,0,0,0,0,1,17.1,0
MPLAD101421,Madhya Pradesh,Bhopal,MP_084,Vendor_064,817531.0,471333.23,0.5765325473896402,0,0,0,0,0,1,14.9,0
MPLAD101422,Chhattisgarh,Bilaspur,MP_081,Vendor_047,804217.24,319180.6,0.39688355847730894,0,0,0,0,0,-1,69.1,1
MPLAD101423,Telangana,Hyderabad,MP_041,Vendor_067,1795800.13,691104.58,0.38484493260394187,0,0,0,0,0,1,21.7,0
MPLAD101424,Assam,Guwahati,MP_148,Vendor_027,527870.5,0.0,0.0,0,0,0,0,1,1,60.0,1
MPLAD101425,Gujarat,Ahmedabad,MP_002,Vendor_026,2907015.53,1414533.35,0.48659298012074953,0,0,0,0,0,-1,45.4,1
MPLAD101426,Gujarat,Vadodara,MP_093,Vendor_119,1884042.48,1042800.63,0.5534910391192454,0,0,0,0,0,-1,46.0,1
MPLAD101427,Jharkhand,Ranchi,MP_109,Vendor_011,241565.26,122287.93,0.5062314423853826,0,0,0,0,0,-1,45.3,1
MPLAD101428,Kerala,Thiruvananthapuram,MP_083,Vendor_090,862049.49,0.0,0.0,0,0,0,0,1,-1,60.0,1
MPLAD101429,Gujarat,Ahmedabad,MP_027,Vendor_092,1472635.9,1296567.79,0.8804401617534926,0,0,0,0,0,1,29.8,0
MPLAD101430,Karnataka,Mysuru,MP_059,Vendor_007,884235.55,0.0,0.0,0,0,0,0,1,1,60.0,1
MPLAD101431,Punjab,Ludhiana,MP_030,Vendor_033,5880221.79,2190591.68,0.372535553629177,0,0,0,0,0,-1,39.0,1
MPLAD101432,Kerala,Kochi,MP_086,Vendor_013,2109213.43,1514630.3,0.7181019608812181,0,0,0,0,0,1,31.1,0
MPLAD101433,West Bengal,Kolkata,MP_009,Vendor_102,210239.98,0.0,0.0,0,0,0,0,1,1,60.0,1
MPLAD101434,Tamil Nadu,Coimbatore,MP_128,Vendor_109,1886279.71,1568650.91,0.8316109756595961,0,0,0,0,0,1,24.2,0
MPLAD101435,Gujarat,Vadodara,MP_040,Vendor_054,2524746.48,1147157.97,0.45436560822534544,0,0,0,0,0,-1,60.8,1
MPLAD101436,Telangana,Hyderabad,MP_142,Vendor_009,2500000.0,2500000.0,1.0,0,0,0,0,1,1,60.0,1
MPLAD101437,Odisha,Cuttack,MP_079,Vendor_089,1267134.07,1240886.53,0.979285901451612,0,0,0,0,0,-1,52.0,1
MPLAD101438,Kerala,Kochi,MP_008,Vendor_068,1645182.61,497077.27,0.30214109180256893,0,0,0,0,0,-1,43.1,1
MPLAD101439,Kerala,Thiruvananthapuram,MP_074,Vendor_016,2223259.68,858146.17,0.38598557681754925,0,0,0,0,0,1,11.3,0
MPLAD101440,Chhattisgarh,Bilaspur,MP_058,Vendor_089,940122.55,1194984.28,1.2710941568202996,0,0,1,0,0,-1,90.0,1
MPLAD101441,Tamil Nadu,Chennai,MP_135,Vendor_081,1546986.11,764650.04,0.4942837140276586,0,0,0,0,0,1,26.8,0
MPLAD101442,Andhra Pradesh,Vijayawada,MP_116,Vendor_021,730080.4,116959.85,0.16020132851121602,0,0,0,0,0,1,24.5,0
MPLAD101443,Chhattisgarh,Bilaspur,MP_094,Vendor_072,2136266.55,608432.31,0.2848110457002663,0,0,0,0,0,1,32.0,0
MPLAD101444,Odisha,Rourkela,MP_090,Vendor_060,466638.18,70719.53,0.15155110111221504,0,0,0,0,0,1,13.8,0
MPLAD101445,Punjab,Jalandhar,MP_114,Vendor_002,848379.0,596684.74,0.7033233260134916,0,0,0,0,0,1,24.8,0
MPLAD101446,Assam,Silchar,MP_076,Vendor_099,1039861.89,340938.79,0.3278693000279104,0,0,0,0,0,1,21.5,0
MPLAD101447,Assam,Dibrugarh,MP_075,Vendor_003,585769.48,132072.61,0.22546857511251694,0,0,0,0,0,1,20.2,0
MPLAD101448,Gujarat,Ahmedabad,MP_047,Vendor_101,1861991.0,1771717.99,0.9515180202267358,0,0,0,0,0,1,30.0,0
MPLAD101449,West Bengal,Kolkata,MP_009,Vendor_101,769723.35,0.0,0.0,0,0,0,0,1,1,60.0,1
MPLAD101450,Maharashtra,Mumbai,MP_067,Vendor_051,504953.21,504953.21,1.0,0,0,0,0,0,1,12.6,0
MPLAD101451,Chhattisgarh,Bilaspur,MP_058,Vendor_097,1293164.46,450344.27,0.34824980420510476,0,0,0,0,0,-1,70.7,1
MPLAD101452,Chhattisgarh,Raipur,MP_005,Vendor_101,1943700.22,1886501.26,0.9705721286588114,0,0,0,0,0,1,22.8,0
MPLAD101453,Punjab,Amritsar,MP_098,Vendor_051,1235673.65,1213442.9,0.9820092060715222,0,0,0,0,0,1,27.9,0
MPLAD101454,Karnataka,Mysuru,MP_059,Vendor_034,3000000.0,0.0,0.0,0,0,0,0,1,1,60.0,1
MPLAD101455,Kerala,Thiruvananthapuram,MP_102,Vendor_085,424713.87,373323.72,0.8790005374677309,0,0,0,0,0,1,28.3,0
MPLAD101456,Chhattisgarh,Bilaspur,MP_130,Vendor_023,1540479.52,1540479.52,1.0,0,0,0,0,0,1,17.6,0
MPLAD101457,Punjab,Amritsar,MP_098,Vendor_079,2804716.92,2804716.92,1.0,0,0,0,0,0,1,32.2,0
MPLAD101458,Chhattisgarh,Bilaspur,MP_094,Vendor_029,2447298.49,796376.53,0.3254104610672154,0,0,0,0,0,1,22.8,0
MPLAD101459,Gujarat,Surat,MP_097,Vendor_004,2280706.26,0.0,0.0,0,0,0,0,1,1,60.0,1
MPLAD101460,Rajasthan,Jaipur,MP_004,Vendor_110,1508376.03,526061.07,0.34875989775573396,0,0,0,0,0,1,21.7,0
MPLAD101461,Punjab,Jalandhar,MP_146,Vendor_106,831055.28,791234.99,0.9520846675807173,0,0,0,0,0,-1,39.5,1
MPLAD101462,Kerala,Kochi,MP_085,Vendor_089,756155.37,0.0,0.0,0,0,0,0,1,-1,66.2,1
MPLAD101463,Bihar,Bhagalpur,MP_077,Vendor_044,1016667.74,0.0,0.0,0,0,0,0,1,1,60.0,1
MPLAD101464,Rajasthan,Udaipur,MP_044,Vendor_018,1991092.98,823295.1,0.4134890275189459,0,0,0,0,0,1,4.2,0
MPLAD101465,West Bengal,Kolkata,MP_054,Vendor_020,569897.17,563497.49,0.9887704653806229,0,0,0,0,0,1,36.5,0
MPLAD101466,Gujarat,Ahmedabad,MP_021,Vendor_110,538385.21,0.0,0.0,0,0,0,0,1,1,60.0,1
MPLAD101467,Bihar,Bhagalpur,MP_147,Vendor_010,2000000.0,0.0,0.0,0,1,0,0,1,1,85.0,1
MPLAD101468,Gujarat,Surat,MP_097,Vendor_085,2143866.28,0.0,0.0,0,0,0,0,1,1,60.0,1
MPLAD101469,Kerala,Kochi,MP_008,Vendor_070,488903.56,289441.24,0.5920211339839702,0,0,0,0,0,-1,39.1,1
MPLAD101470,Telangana,Hyderabad,MP_143,Vendor_050,339110.58,0.0,0.0,0,0,0,0,1,1,60.0,1
MPLAD101471,Jharkhand,Jamshedpur,MP_031,Vendor_023,2786026.0,2430381.69,0.8723470958275336,0,0,0,0,0,1,33.8,0
MPLAD101472,West Bengal,Kolkata,MP_054,Vendor_074,1574983.89,1266284.99,0.8039986935993358,0,0,0,0,0,-1,61.7,1
MPLAD101473,Punjab,Jalandhar,MP_045,Vendor_062,2156839.64,671409.55,0.31129321695886486,0,0,0,0,0,1,26.7,0
MPLAD101474,Punjab,Ludhiana,MP_101,Vendor_037,1489266.8,741388.66,0.4978212500271946,0,0,0,0,0,1,11.9,0
MPLAD101475,Rajasthan,Udaipur,MP_044,Vendor_035,750812.82,829719.47,1.1050949689431249,0,0,1,0,0,-1,90.0,1
MPLAD101476,Karnataka,Mysuru,MP_034,Vendor_109,1313136.64,1307868.64,0.9959882316588166,0,0,0,0,0,-1,56.8,1
MPLAD101477,Gujarat,Vadodara,MP_093,Vendor_114,2641688.35,1311597.86,0.4964998463955826,0,0,0,0,0,-1,43.3,1
MPLAD101478,Maharashtra,Nashik,MP_011,Vendor_076,1750623.4,172006.03,0.09825415906128068,0,0,0,0,0,1,16.6,0
MPLAD101479,West Bengal,Siliguri,MP_071,Vendor_053,620598.33,599814.4,0.9665098518714996,0,0,0,0,0,1,12.8,0
MPLAD101480,Jharkhand,Jamshedpur,MP_118,Vendor_109,1434706.78,709097.68,0.4942457161873871,0,0,0,0,0,1,15.7,0
MPLAD101481,Karnataka,Mysuru,MP_059,Vendor_106,3989216.25,1740078.16,0.43619549579444333,0,0,0,0,0,1,22.3,0
MPLAD101482,Gujarat,Ahmedabad,MP_002,Vendor_036,2729307.93,73734.06,0.027015661805518586,0,1,0,0,0,-1,85.0,1
MPLAD101483,Tamil Nadu,Madurai,MP_087,Vendor_097,1325738.7,1206899.76,0.9103602089914099,0,0,0,0,0,-1,56.5,1
MPLAD101484,Maharashtra,Nashik,MP_011,Vendor_037,886915.25,0.0,0.0,0,1,0,0,1,1,85.0,1
MPLAD101485,Chhattisgarh,Bilaspur,MP_130,Vendor_003,1042797.08,461169.74,0.4422430296793696,0,0,0,0,0,1,12.0,0
MPLAD101486,Andhra Pradesh,Guntur,MP_036,Vendor_064,1699123.82,668216.96,0.39327149212704227,0,0,0,0,0,1,29.7,0
MPLAD101487,Tamil Nadu,Madurai,MP_125,Vendor_072,328975.05,101603.17,0.30884764665283887,0,0,0,0,0,1,13.7,0
MPLAD101488,Gujarat,Ahmedabad,MP_027,Vendor_016,3353335.27,1577382.68,0.4703921776363268,0,0,0,0,0,1,22.0,0
MPLAD101489,Rajasthan,Jodhpur,MP_063,Vendor_093,976580.19,847324.28,0.8676443457244408,0,0,0,0,0,1,20.0,0
MPLAD101490,West Bengal,Kolkata,MP_054,Vendor_051,307448.23,166611.92,0.5419186182987621,0,0,0,0,0,1,36.1,0
MPLAD101491,Maharashtra,Nashik,MP_011,Vendor_033,1005886.33,40242.06,0.04000656813777358,0,1,0,0,0,-1,85.0,1
MPLAD101492,Gujarat,Vadodara,MP_093,Vendor_072,314017.43,253502.02,0.8072864617737939,0,0,0,0,0,1,23.9,0
MPLAD101493,Karnataka,Mysuru,MP_034,Vendor_074,1876776.96,0.0,0.0,0,1,0,0,1,1,85.0,1
MPLAD101494,Kerala,Thiruvananthapuram,MP_102,Vendor_071,238470.51,0.0,0.0,0,0,0,0,1,1,60.0,1
MPLAD101495,Kerala,Kozhikode,MP_043,Vendor_052,411687.19,292962.98,0.7116154865056646,0,0,0,0,0,-1,73.7,1
MPLAD101496,Kerala,Kochi,MP_104,Vendor_079,1787453.36,1612565.25,0.9021579449770929,0,0,0,0,0,-1,43.2,1
MPLAD101497,West Bengal,Kolkata,MP_056,Vendor_075,331628.76,0.0,0.0,0,0,0,0,1,1,60.0,1
MPLAD101498,Bihar,Bhagalpur,MP_070,Vendor_056,1591581.64,363866.34,0.2286193374283961,0,0,0,0,0,1,12.9,0
MPLAD101499,Gujarat,Vadodara,MP_093,Vendor_100,505561.84,458704.84,0.9073169762971034,0,0,0,0,0,1,27.7,0
MPLAD101500,West Bengal,Kolkata,MP_009,Vendor_063,1444730.98,693975.54,0.4803493173518021,0,0,0,0,0,1,7.0,0
MPLAD101501,West Bengal,Siliguri,MP_111,Vendor_002,684208.04,259040.14,0.37859850346102336,0,0,0,0,0,1,29.3,0
MPLAD101502,Assam,Silchar,MP_129,Vendor_045,340242.35,99226.45,0.2916346245551149,0,0,0,0,0,1,13.9,0
MPLAD101503,Tamil Nadu,Coimbatore,MP_078,Vendor_029,1533028.41,0.0,0.0,0,0,0,0,1,1,60.0,1
MPLAD101504,Gujarat,Vadodara,MP_093,Vendor_030,2140074.89,2004930.95,0.9368508360938714,0,0,0,0,0,1,20.8,0
MPLAD101505,Punjab,Ludhiana,MP_030,Vendor_022,582749.78,0.0,0.0,0,0,0,0,1,1,60.0,1
MPLAD101506,Jharkhand,Jamshedpur,MP_118,Vendor_085,669913.1,669913.1,1.0,0,0,0,0,0,1,18.0,0
MPLAD101507,Kerala,Kochi,MP_008,Vendor_050,2028470.14,637966.1,0.3145060345822986,0,0,0,0,0,-1,40.4,1
MPLAD101508,Tamil Nadu,Coimbatore,MP_037,Vendor_095,782513.72,489124.38,0.6250681202113619,0,0,0,0,0,1,25.4,0
MPLAD101509,Rajasthan,Udaipur,MP_044,Vendor_044,473469.16,423941.35,0.8953937992497758,0,0,0,0,0,1,32.9,0
MPLAD101510,Assam,Dibrugarh,MP_075,Vendor_020,1024054.42,425177.82,0.41519064973129066,0,0,0,0,0,1,16.8,0
MPLAD101511,Bihar,Bhagalpur,MP_018,Vendor_025,1869650.33,885785.73,0.47377079862842586,0,0,0,0,0,1,8.3,0
MPLAD101512,Kerala,Kochi,MP_085,Vendor_060,670135.24,589305.31,0.879382660132901,0,0,0,0,0,-1,63.3,1
MPLAD101513,Gujarat,Surat,MP_097,Vendor_063,2954641.9,1067108.35,0.36116334436332204,0,0,0,0,0,1,8.1,0
MPLAD101514,Maharashtra,Mumbai,MP_069,Vendor_067,859677.16,255898.32,0.2976679292026323,0,0,0,0,0,1,5.8,0
MPLAD101515,Bihar,Patna,MP_028,Vendor_083,689727.03,689727.03,1.0,0,0,0,0,0,1,28.0,0
MPLAD101516,Kerala,Kochi,MP_082,Vendor_047,1606576.12,0.0,0.0,0,0,0,0,1,-1,60.0,1
MPLAD101517,Rajasthan,Udaipur,MP_044,Vendor_072,1060334.45,1034525.55,0.9756596609682917,0,0,0,0,0,-1,67.7,1
MPLAD101518,Maharashtra,Mumbai,MP_069,Vendor_051,22401903.91,0.0,0.0,0,1,0,0,1,1,85.0,1
MPLAD101519,Maharashtra,Nashik,MP_068,Vendor_062,4449595.66,1510592.44,0.3394898223179227,0,0,0,0,0,1,20.2,0
MPLAD101520,Jharkhand,Ranchi,MP_035,Vendor_009,1468162.75,0.0,0.0,0,0,0,0,1,1,60.0,1
MPLAD101521,Gujarat,Ahmedabad,MP_100,Vendor_093,1503810.85,406586.41,0.27037071184850137,0,0,0,0,0,1,38.8,0
MPLAD101522,Maharashtra,Nashik,MP_011,Vendor_110,527009.83,0.0,0.0,0,0,0,0,1,1,60.0,1
MPLAD101523,Punjab,Jalandhar,MP_146,Vendor_060,3417026.96,0.0,0.0,0,1,0,0,1,1,85.0,1
MPLAD101524,Madhya Pradesh,Indore,MP_150,Vendor_069,1603570.65,341770.09,0.21313067185409015,0,0,0,0,0,1,18.4,0
MPLAD101525,Chhattisgarh,Bilaspur,MP_103,Vendor_060,1365364.2,1365364.2,1.0,0,0,0,0,0,1,12.4,0
MPLAD101526,Bihar,Gaya,MP_060,Vendor_005,1140362.2,1140362.2,1.0,0,0,0,0,0,1,33.5,0
MPLAD101527,Maharashtra,Mumbai,MP_069,Vendor_035,2130068.85,541739.51,0.25432957718714116,0,0,0,0,0,1,38.0,0
MPLAD101528,Tamil Nadu,Madurai,MP_042,Vendor_011,433950.74,433950.74,1.0,0,0,0,0,0,-1,51.7,1
MPLAD101529,West Bengal,Kolkata,MP_001,Vendor_047,548167.54,249725.32,0.4555638591807169,0,0,0,0,0,1,35.1,0
MPLAD101530,Gujarat,Ahmedabad,MP_002,Vendor_108,1567831.52,0.0,0.0,0,0,0,0,1,1,60.0,1
MPLAD101531,West Bengal,Kolkata,MP_057,Vendor_034,1004890.28,936670.88,0.93211258845095,0,0,0,0,0,1,20.7,0
MPLAD101532,Odisha,Cuttack,MP_079,Vendor_066,2858471.04,1707264.2,0.5972648230852813,0,0,0,0,0,1,14.0,0
MPLAD101533,Maharashtra,Mumbai,MP_105,Vendor_118,1701674.51,0.0,0.0,0,1,0,0,1,1,85.0,1
MPLAD101534,Tamil Nadu,Coimbatore,MP_128,Vendor_033,741884.52,0.0,0.0,0,0,0,0,1,1,60.0,1
MPLAD101535,Kerala,Kochi,MP_104,Vendor_052,2288621.35,0.0,0.0,0,0,0,0,1,-1,63.4,1
MPLAD101536,Gujarat,Vadodara,MP_025,Vendor_027,2853588.33,0.0,0.0,0,1,0,0,1,1,85.0,1
MPLAD101537,Haryana,Panipat,MP_026,Vendor_057,1271309.6,0.0,0.0,0,0,0,0,1,1,60.0,1
MPLAD101538,Gujarat,Surat,MP_006,Vendor_090,1898944.95,0.0,0.0,0,0,0,0,1,-1,60.0,1
MPLAD101539,Assam,Dibrugarh,MP_065,Vendor_009,2131554.15,0.0,0.0,0,0,0,0,1,1,60.0,1
MPLAD101540,Punjab,Ludhiana,MP_101,Vendor_045,1359683.53,0.0,0.0,0,0,0,0,1,1,60.0,1
MPLAD101541,Kerala,Thiruvananthapuram,MP_074,Vendor_049,528901.82,446390.45,0.8439949214014806,0,0,0,0,0,1,10.3,0
MPLAD101542,Uttar Pradesh,Varanasi,MP_096,Vendor_056,1169192.01,165715.14,0.14173475236116265,0,0,0,0,0,1,29.2,0
MPLAD101543,Gujarat,Surat,MP_053,Vendor_045,1045111.93,443188.17,0.4240580910792971,0,0,0,0,0,1,10.4,0
MPLAD101544,Punjab,Ludhiana,MP_030,Vendor_053,2229678.38,740997.29,0.3323337108377039,0,0,0,0,0,1,22.7,0
MPLAD101545,Assam,Guwahati,MP_133,Vendor_073,331544.27,328952.31,0.9921821601682332,0,0,0,0,0,1,20.9,0
MPLAD101546,Assam,Dibrugarh,MP_117,Vendor_064,494352.05,331539.77,0.6706551940059721,0,0,0,0,0,1,30.2,0
MPLAD101547,Rajasthan,Jodhpur,MP_063,Vendor_089,2457011.52,642000.34,0.26129317456354456,0,0,0,0,0,1,27.8,0
MPLAD101548,Chhattisgarh,Raipur,MP_005,Vendor_034,2188953.49,2014388.43,0.9202518185984846,0,0,0,0,0,1,18.9,0
MPLAD101549,Kerala,Kochi,MP_086,Vendor_028,2149681.36,1936039.47,0.9006169500395166,0,0,0,0,0,1,36.3,0
MPLAD101550,Jharkhand,Ranchi,MP_051,Vendor_092,1210383.42,543658.45,0.44916217540388975,0,0,0,0,0,1,23.4,0
MPLAD101551,Bihar,Gaya,MP_060,Vendor_033,539766.97,171121.03,0.31702760544981107,0,0,0,0,0,1,34.5,0
MPLAD101552,Punjab,Jalandhar,MP_045,Vendor_014,339813.76,49617.34,0.14601333389207075,0,0,0,0,0,1,21.7,0
MPLAD101553,Maharashtra,Mumbai,MP_069,Vendor_063,743108.08,287271.35,0.38658084568263607,0,0,0,0,0,1,6.4,0
MPLAD101554,Karnataka,Mysuru,MP_034,Vendor_098,325366.46,140376.32,0.43144065924926617,0,0,0,0,0,1,23.0,0
MPLAD101555,Gujarat,Surat,MP_053,Vendor_101,729711.12,442761.91,0.6067632764045037,0,0,0,0,0,1,9.3,0
MPLAD101556,Chhattisgarh,Bilaspur,MP_130,Vendor_109,935446.22,0.0,0.0,0,0,0,0,1,1,60.0,1
MPLAD101557,Punjab,Jalandhar,MP_144,Vendor_079,1941860.23,1561553.22,0.8041532525747231,0,0,0,0,0,1,31.8,0
MPLAD101558,Gujarat,Surat,MP_053,Vendor_052,745832.74,634921.79,0.8512924627041715,0,0,0,0,0,-1,50.9,1
MPLAD101559,Odisha,Cuttack,MP_039,Vendor_106,522641.67,458471.69,0.8772199315833351,0,0,0,0,0,1,24.9,0
MPLAD101560,Assam,Dibrugarh,MP_123,Vendor_081,829152.67,0.0,0.0,0,0,0,0,1,-1,60.0,1
MPLAD101561,Odisha,Bhubaneswar,MP_092,Vendor_100,625532.89,183109.5,0.29272561511513806,0,0,0,0,0,1,18.1,0
MPLAD101562,Chhattisgarh,Bilaspur,MP_130,Vendor_087,551814.8,108543.36,0.19670251685891715,0,0,0,0,0,1,30.1,0
MPLAD101563,Tamil Nadu,Chennai,MP_135,Vendor_083,2153349.29,1752799.25,0.8139874279290751,0,0,0,0,0,-1,42.9,1
MPLAD101564,Andhra Pradesh,Vijayawada,MP_116,Vendor_095,2807359.79,0.0,0.0,0,0,0,0,1,-1,60.0,1
MPLAD101565,Karnataka,Mysuru,MP_034,Vendor_014,443631.3,0.0,0.0,0,0,0,0,1,1,60.0,1
MPLAD101566,West Bengal,Kolkata,MP_089,Vendor_041,5648454.57,5104881.66,0.9037660826933056,0,0,0,0,0,1,20.6,0
MPLAD101567,Assam,Dibrugarh,MP_065,Vendor_087,834166.34,0.0,0.0,0,1,0,0,1,1,85.0,1
MPLAD101568,Punjab,Ludhiana,MP_030,Vendor_045,612855.1,573065.61,0.9350752078264504,0,0,0,0,0,1,32.2,0
MPLAD101569,Tamil Nadu,Madurai,MP_145,Vendor_006,2308466.8,1075594.86,0.4659347320914471,0,0,0,0,0,1,14.2,0
MPLAD101570,Madhya Pradesh,Indore,MP_150,Vendor_031,623799.6,197065.08,0.31591087907077847,0,0,0,0,0,1,19.7,0
MPLAD101571,Maharashtra,Mumbai,MP_061,Vendor_043,925084.92,53125.08,0.0574272467872463,0,0,0,0,0,1,17.1,0
MPLAD101572,Madhya Pradesh,Bhopal,MP_033,Vendor_063,6386936.57,3310663.09,0.5183491418327957,0,0,0,0,0,1,20.2,0
MPLAD101573,Haryana,Gurugram,MP_091,Vendor_109,637462.54,312400.63,0.49006900076042115,0,0,0,0,0,1,7.7,0
MPLAD101574,Chhattisgarh,Raipur,MP_005,Vendor_055,265232.15,0.0,0.0,0,0,0,0,1,1,60.0,1
MPLAD101575,Kerala,Kochi,MP_085,Vendor_012,2434575.73,1081850.42,0.44436917967632905,0,0,0,0,0,1,30.5,0
MPLAD101576,Rajasthan,Udaipur,MP_023,Vendor_017,725843.49,0.0,0.0,0,0,0,0,1,1,60.0,1
MPLAD101577,Bihar,Bhagalpur,MP_018,Vendor_011,1127860.26,357927.8,0.3173511938438189,0,0,0,0,0,-1,41.3,1
MPLAD101578,West Bengal,Kolkata,MP_057,Vendor_065,875819.09,651881.13,0.7443102547582059,0,0,0,0,0,1,13.8,0
MPLAD101579,Kerala,Thiruvananthapuram,MP_102,Vendor_099,911417.56,470293.44,0.5160021713867352,0,0,0,0,0,1,36.6,0
MPLAD101580,Punjab,Ludhiana,MP_101,Vendor_108,1614631.42,1444632.31,0.8947133643664633,0,0,0,0,0,1,19.5,0
MPLAD101581,Haryana,Faridabad,MP_112,Vendor_036,2351603.34,610236.84,0.25949820261779355,0,0,0,0,0,1,23.4,0
MPLAD101582,West Bengal,Kolkata,MP_001,Vendor_002,1532000.8,485080.59,0.3166320735602749,0,0,0,0,0,1,14.6,0
MPLAD101583,Kerala,Thiruvananthapuram,MP_134,Vendor_054,2097877.87,2055583.88,0.979839631941968,0,0,0,0,0,-1,47.3,1
MPLAD101584,Punjab,Ludhiana,MP_030,Vendor_064,4907895.93,4522782.28,0.9215318222935507,0,0,0,0,0,-1,48.0,1
MPLAD101585,Chhattisgarh,Bilaspur,MP_058,Vendor_096,2396839.61,166206.04,0.06934383064538892,0,0,0,0,0,1,20.3,0
MPLAD101586,Karnataka,Mysuru,MP_019,Vendor_099,1261514.69,1261514.69,1.0,0,0,0,0,0,-1,41.9,1
MPLAD101587,Rajasthan,Udaipur,MP_023,Vendor_108,1188219.39,1025232.49,0.8628309709707734,0,0,0,0,0,1,21.0,0
MPLAD101588,Punjab,Jalandhar,MP_114,Vendor_110,695945.86,0.0,0.0,0,0,0,0,1,1,60.0,1
MPLAD101589,Rajasthan,Jaipur,MP_004,Vendor_032,311078.11,411515.09,1.3228673981592598,0,0,1,0,0,-1,90.0,1
MPLAD101590,Gujarat,Vadodara,MP_025,Vendor_044,4316036.77,0.0,0.0,0,0,0,0,1,-1,60.0,1
MPLAD101591,Chhattisgarh,Raipur,MP_113,Vendor_120,516421.06,555809.43,1.0762718119977526,0,0,1,0,0,1,90.0,1
MPLAD101592,Tamil Nadu,Madurai,MP_042,Vendor_059,388482.22,0.0,0.0,0,0,0,0,1,1,60.0,1
MPLAD101593,Bihar,Bhagalpur,MP_077,Vendor_077,1501644.65,0.0,0.0,0,0,0,0,1,1,60.0,1
MPLAD101594,West Bengal,Kolkata,MP_056,Vendor_003,1731890.44,1639812.24,0.9468337038687044,0,0,0,0,0,1,27.4,0
MPLAD101595,Punjab,Amritsar,MP_012,Vendor_096,1785233.8,757287.78,0.4241952958766521,0,0,0,0,0,1,13.0,0
MPLAD101596,Kerala,Thiruvananthapuram,MP_102,Vendor_054,1553886.11,308020.3,0.1982257888900236,0,0,0,0,0,-1,45.1,1
MPLAD101597,Assam,Silchar,MP_129,Vendor_052,2911574.21,2911574.21,1.0,0,0,0,0,0,-1,63.9,1
MPLAD101598,Assam,Dibrugarh,MP_117,Vendor_015,1889092.06,525024.5,0.2779242531991797,0,0,0,0,0,1,12.3,0
MPLAD101599,Maharashtra,Mumbai,MP_061,Vendor_027,1888898.71,0.0,0.0,0,0,0,0,1,1,60.0,1
MPLAD101600,Kerala,Thiruvananthapuram,MP_083,Vendor_079,816552.53,588458.07,0.7206616211206889,0,0,0,0,0,1,37.3,0
MPLAD101601,Jharkhand,Ranchi,MP_051,Vendor_066,1697869.1,1480489.47,0.8719691465025189,0,0,0,0,0,1,8.6,0
MPLAD101602,Odisha,Cuttack,MP_079,Vendor_097,2656517.74,1198175.94,0.4510325385592945,0,0,0,0,0,-1,57.4,1
MPLAD101603,Uttar Pradesh,Lucknow,MP_049,Vendor_082,2173633.52,699857.13,0.32197567969047514,0,0,0,0,0,-1,41.2,1
MPLAD101604,Andhra Pradesh,Guntur,MP_036,Vendor_074,1262567.22,421905.46,0.3341647504518611,0,0,0,0,0,1,32.2,0
MPLAD101605,Punjab,Jalandhar,MP_114,Vendor_039,1253512.89,1230912.96,0.9819707238910005,0,0,0,0,0,-1,48.2,1
MPLAD101606,Uttar Pradesh,Lucknow,MP_049,Vendor_073,696509.56,291068.64,0.41789611617104006,0,0,0,0,0,-1,72.7,1
MPLAD101607,Assam,Guwahati,MP_148,Vendor_039,344509.88,159805.45,0.4638631844172365,0,0,0,0,0,1,9.7,0
MPLAD101608,Kerala,Thiruvananthapuram,MP_083,Vendor_027,712849.46,0.0,0.0,0,0,0,0,1,1,60.0,1
MPLAD101609,Haryana,Gurugram,MP_091,Vendor_050,1792035.6,0.0,0.0,0,0,0,0,1,1,60.0,1
MPLAD101610,West Bengal,Kolkata,MP_057,Vendor_023,937040.15,535051.29,0.5710014560208546,0,0,0,0,0,1,14.5,0
MPLAD101611,Haryana,Faridabad,MP_055,Vendor_067,2446153.97,0.0,0.0,0,0,0,0,1,1,60.0,1
MPLAD101612,Kerala,Thiruvananthapuram,MP_134,Vendor_038,1479962.64,1474965.29,0.9966233269239825,0,0,0,0,0,1,35.7,0
MPLAD101613,Haryana,Gurugram,MP_126,Vendor_022,794910.66,0.0,0.0,0,0,0,0,1,1,60.0,1
MPLAD101614,Jharkhand,Ranchi,MP_035,Vendor_044,872216.82,316159.87,0.3624785291345333,0,0,0,0,0,-1,42.8,1
MPLAD101615,Assam,Silchar,MP_076,Vendor_070,5490203.21,233950.73,0.04261239904087266,0,1,0,0,0,1,85.0,1
MPLAD101616,Jharkhand,Ranchi,MP_109,Vendor_051,2000000.0,2000000.0,1.0,0,0,0,0,1,1,60.0,1
MPLAD101617,Bihar,Gaya,MP_072,Vendor_099,1702831.41,243221.81,0.14283375827557704,0,0,0,0,0,-1,40.8,1
MPLAD101618,Maharashtra,Nashik,MP_011,Vendor_051,1650220.15,0.0,0.0,0,0,0,0,1,1,60.0,1
MPLAD101619,Odisha,Cuttack,MP_079,Vendor_041,532654.85,273603.01,0.5136590983823766,0,0,0,0,0,1,11.4,0
MPLAD101620,Assam,Guwahati,MP_148,Vendor_016,1826797.16,2471091.76,1.3526908263860011,0,0,1,0,0,1,90.0,1
MPLAD101621,Assam,Dibrugarh,MP_075,Vendor_102,324049.74,160952.02,0.4966892428304371,0,0,0,0,0,1,10.5,0
MPLAD101622,Chhattisgarh,Bilaspur,MP_103,Vendor_088,1989376.12,1052787.2,0.5292047036334184,0,0,0,0,0,1,21.8,0
MPLAD101623,Kerala,Kochi,MP_082,Vendor_013,1066610.77,489921.12,0.45932512007168275,0,0,0,0,0,-1,42.4,1
MPLAD101624,Madhya Pradesh,Indore,MP_150,Vendor_118,1719773.22,0.0,0.0,0,0,0,0,1,1,60.0,1
MPLAD101625,Tamil Nadu,Madurai,MP_087,Vendor_032,729995.0,627448.18,0.8595239419448079,0,0,0,0,0,1,12.5,0
MPLAD101626,Tamil Nadu,Madurai,MP_136,Vendor_019,358409.35,151288.65,0.4221113372181836,0,0,0,0,0,-1,40.0,1
MPLAD101627,Gujarat,Ahmedabad,MP_047,Vendor_049,1504001.0,0.0,0.0,0,0,0,0,1,1,60.0,1
MPLAD101628,Jharkhand,Jamshedpur,MP_118,Vendor_069,1807619.57,682466.85,0.37755004500200223,0,0,0,0,0,1,25.8,0
MPLAD101629,Kerala,Kochi,MP_082,Vendor_048,966085.15,950150.04,0.9835054808574586,0,0,0,0,0,1,37.0,0
MPLAD101630,Haryana,Gurugram,MP_091,Vendor_037,2339655.44,2339655.44,1.0,0,0,0,0,0,1,38.7,0
MPLAD101631,Haryana,Gurugram,MP_138,Vendor_014,549256.9,234611.45,0.4271433822679333,0,0,0,0,0,1,7.2,0
MPLAD101632,Telangana,Hyderabad,MP_142,Vendor_035,914167.72,499474.88,0.546371162613355,0,0,0,0,0,-1,57.7,1
MPLAD101633,Gujarat,Ahmedabad,MP_021,Vendor_031,565150.46,660233.76,1.1682442229632088,0,0,1,0,0,-1,90.0,1
MPLAD101634,Kerala,Kochi,MP_073,Vendor_054,829438.09,0.0,0.0,0,0,0,0,1,-1,60.0,1
MPLAD101635,Tamil Nadu,Madurai,MP_125,Vendor_081,1745429.97,0.0,0.0,0,0,0,0,1,1,60.0,1
MPLAD101636,Bihar,Gaya,MP_072,Vendor_062,1000000.0,0.0,0.0,0,0,0,0,1,1,60.0,1
MPLAD101637,Gujarat,Surat,MP_006,Vendor_035,2803800.21,1277273.42,0.45555079689504696,0,0,0,0,0,-1,49.3,1
MPLAD101638,Maharashtra,Mumbai,MP_069,Vendor_034,885765.7,116373.42,0.13138171866442785,0,0,0,0,0,1,4.8,0
MPLAD101639,Assam,Dibrugarh,MP_131,Vendor_035,948544.69,948544.69,1.0,0,0,0,0,0,-1,58.9,1
MPLAD101640,Odisha,Bhubaneswar,MP_092,Vendor_109,1225389.57,542449.97,0.4426755239968298,0,0,0,0,0,1,20.7,0
MPLAD101641,Tamil Nadu,Coimbatore,MP_078,Vendor_089,2369600.73,2369600.73,1.0,0,0,0,0,0,1,30.4,0
MPLAD101642,Maharashtra,Nashik,MP_011,Vendor_073,1209747.57,268813.47,0.22220624919296175,0,0,0,0,0,1,13.3,0
MPLAD101643,Gujarat,Ahmedabad,MP_002,Vendor_056,1763785.37,366135.35,0.20758497957152233,0,0,0,0,0,1,20.4,0
MPLAD101644,Assam,Silchar,MP_088,Vendor_055,218625.86,87299.01,0.3993077946039869,0,0,0,0,0,1,17.2,0
MPLAD101645,Punjab,Jalandhar,MP_146,Vendor_073,5731875.57,2948491.74,0.5144026076616315,0,0,0,0,0,1,25.1,0
MPLAD101646,Chhattisgarh,Raipur,MP_113,Vendor_029,885958.17,286475.73,0.3233513044978184,0,0,0,0,0,1,21.0,0
MPLAD101647,Kerala,Kochi,MP_073,Vendor_038,1434758.64,1165233.26,0.8121458393866163,0,0,0,0,0,1,19.9,0
MPLAD101648,Punjab,Jalandhar,MP_144,Vendor_068,988827.03,980947.94,0.992031882461789,0,0,0,0,0,-1,62.6,1
MPLAD101649,Bihar,Bhagalpur,MP_077,Vendor_117,1473871.17,820303.16,0.5565636784930125,0,0,0,0,0,1,5.5,0
MPLAD101650,Assam,Dibrugarh,MP_065,Vendor_037,368159.55,78169.52,0.21232511828091927,0,0,0,0,0,-1,48.9,1
MPLAD101651,Bihar,Bhagalpur,MP_110,Vendor_014,5039936.32,3242014.86,0.6432650442694482,0,0,0,0,0,1,10.6,0
MPLAD101652,West Bengal,Kolkata,MP_056,Vendor_006,693610.5,601600.28,0.8673459816424348,0,0,0,0,0,1,33.9,0
MPLAD101653,Gujarat,Ahmedabad,MP_015,Vendor_108,354687.21,160738.91,0.45318496260409274,0,0,0,0,0,1,13.3,0
MPLAD101654,Jharkhand,Ranchi,MP_107,Vendor_033,1464199.27,359860.67,0.24577301558141057,0,0,0,0,0,1,26.0,0
MPLAD101655,Gujarat,Vadodara,MP_093,Vendor_073,344494.89,329959.89,0.9578077921562204,0,0,0,0,0,1,32.4,0
MPLAD101656,Bihar,Patna,MP_050,Vendor_062,1894546.48,0.0,0.0,0,0,0,0,1,1,60.0,1
MPLAD101657,West Bengal,Siliguri,MP_032,Vendor_031,1542974.86,1407952.76,0.9124923525973715,0,0,0,0,0,1,29.2,0
MPLAD101658,Punjab,Ludhiana,MP_149,Vendor_016,1487595.46,0.0,0.0,0,1,0,0,1,1,85.0,1
MPLAD101659,Chhattisgarh,Bilaspur,MP_081,Vendor_073,489851.33,204311.19,0.41708816019750317,0,0,0,0,0,1,13.2,0
MPLAD101660,Gujarat,Vadodara,MP_093,Vendor_001,5318872.79,4596749.04,0.8642336866266734,0,0,0,0,0,1,15.4,0
MPLAD101661,West Bengal,Siliguri,MP_111,Vendor_095,1614980.4,883081.61,0.5468063946782264,0,0,0,0,0,-1,39.3,1
MPLAD101662,Maharashtra,Pune,MP_127,Vendor_020,712513.49,0.0,0.0,0,0,0,0,1,1,60.0,1
MPLAD101663,Gujarat,Ahmedabad,MP_002,Vendor_082,1332943.74,359949.74,0.2700412096912657,0,0,0,0,0,-1,42.3,1
MPLAD101664,Assam,Dibrugarh,MP_065,Vendor_103,1277731.81,1248764.09,0.9773287948431056,0,0,0,0,0,1,39.0,0
MPLAD101665,Bihar,Bhagalpur,MP_077,Vendor_031,656156.51,622780.19,0.9491335992383889,0,0,0,0,0,-1,39.7,1
MPLAD101666,Madhya Pradesh,Indore,MP_150,Vendor_015,2804603.79,2776829.82,0.9900970076061973,0,0,0,0,0,-1,53.9,1
MPLAD101667,Maharashtra,Mumbai,MP_105,Vendor_108,498360.19,139121.41,0.27915835331871114,0,0,0,0,0,1,10.5,0
MPLAD101668,Kerala,Thiruvananthapuram,MP_134,Vendor_082,766697.51,636774.06,0.8305414478260142,0,0,0,0,0,-1,46.6,1
MPLAD101669,Kerala,Kochi,MP_073,Vendor_012,1455440.34,0.0,0.0,0,0,0,0,1,1,60.0,1
MPLAD101670,Gujarat,Surat,MP_097,Vendor_036,1138155.8,43761.08,0.03844911215142953,0,0,0,0,0,1,36.8,0
MPLAD101671,Rajasthan,Jaipur,MP_121,Vendor_065,311754.71,129599.55,0.4157099984151001,0,0,0,0,0,1,10.8,0
MPLAD101672,Punjab,Amritsar,MP_064,Vendor_104,568304.0,560539.77,0.986337893099468,0,0,0,0,0,-1,49.2,1
MPLAD101673,Kerala,Kochi,MP_082,Vendor_033,1794141.32,1618663.54,0.9021940033129608,0,0,0,0,0,-1,53.5,1
MPLAD101674,Telangana,Hyderabad,MP_041,Vendor_090,837392.58,0.0,0.0,0,0,0,0,1,1,60.0,1
MPLAD101675,Odisha,Rourkela,MP_013,Vendor_115,1501955.4,0.0,0.0,0,0,0,0,1,1,60.0,1
MPLAD101676,Uttar Pradesh,Lucknow,MP_049,Vendor_064,796405.0,318618.5,0.40007094380371794,0,0,0,0,0,1,36.8,0
MPLAD101677,Punjab,Jalandhar,MP_146,Vendor_044,1722511.67,911562.48,0.5292054015517933,0,0,0,0,0,-1,54.5,1
MPLAD101678,Gujarat,Ahmedabad,MP_095,Vendor_074,1468927.3,0.0,0.0,0,0,0,0,1,-1,60.0,1
MPLAD101679,Kerala,Kochi,MP_008,Vendor_113,4135036.78,1982418.17,0.4794197187285962,0,0,0,0,0,1,36.3,0
MPLAD101680,Gujarat,Ahmedabad,MP_047,Vendor_021,811832.14,324285.58,0.39944905359376387,0,0,0,0,0,1,17.5,0
MPLAD101681,Gujarat,Ahmedabad,MP_100,Vendor_081,1005174.47,925518.52,0.9207541055036943,0,0,0,0,0,-1,72.9,1
MPLAD101682,Gujarat,Vadodara,MP_040,Vendor_051,2440528.46,1216510.43,0.4984618905038296,0,0,0,0,0,1,20.1,0
MPLAD101683,Jharkhand,Ranchi,MP_035,Vendor_031,1823418.08,644527.72,0.3534722656693192,0,0,0,0,0,1,13.6,0
MPLAD101684,Telangana,Hyderabad,MP_142,Vendor_096,2543149.74,472212.0,0.18567998280746142,0,0,0,0,0,1,22.4,0
MPLAD101685,Tamil Nadu,Chennai,MP_135,Vendor_017,1026271.74,227513.38,0.22168921849100123,0,0,0,0,0,1,12.0,0
MPLAD101686,Kerala,Thiruvananthapuram,MP_074,Vendor_030,1169967.6,647116.08,0.5531059834477466,0,0,0,0,0,1,6.7,0
MPLAD101687,Rajasthan,Jodhpur,MP_063,Vendor_075,2568198.49,1758436.64,0.6846965477345172,0,0,0,0,0,-1,46.0,1
MPLAD101688,Telangana,Hyderabad,MP_041,Vendor_105,2163908.28,1928213.32,0.8910790433317258,0,0,0,0,0,-1,57.2,1
MPLAD101689,West Bengal,Kolkata,MP_089,Vendor_033,1199994.58,0.0,0.0,0,0,0,0,1,-1,60.0,1
MPLAD101690,West Bengal,Kolkata,MP_057,Vendor_039,1404060.84,659829.16,0.4699434249587076,0,0,0,0,0,-1,48.7,1
MPLAD101691,Chhattisgarh,Bilaspur,MP_094,Vendor_049,421807.49,190883.04,0.45253591869599097,0,0,0,0,0,1,17.8,0
MPLAD101692,Punjab,Jalandhar,MP_045,Vendor_106,1583123.23,340630.41,0.21516354731273823,0,0,0,0,0,1,27.2,0
MPLAD101693,Rajasthan,Udaipur,MP_052,Vendor_033,532354.4,446726.34,0.8391521512736628,0,0,0,0,0,1,32.8,0
MPLAD101694,Tamil Nadu,Coimbatore,MP_078,Vendor_077,1245504.0,700552.38,0.562464978032989,0,0,0,0,0,1,19.0,0
MPLAD101695,Punjab,Jalandhar,MP_114,Vendor_061,7457898.45,0.0,0.0,0,0,0,0,1,-1,60.6,1
MPLAD101696,Odisha,Cuttack,MP_079,Vendor_011,1866967.37,1698673.07,0.9098568605406318,0,0,0,0,0,-1,62.7,1
MPLAD101697,Jharkhand,Jamshedpur,MP_046,Vendor_089,3081366.02,3018404.2,0.9795669129888049,0,0,0,0,0,1,32.9,0
MPLAD101698,Kerala,Kochi,MP_108,Vendor_032,1752843.94,0.0,0.0,0,0,0,0,1,-1,60.0,1
MPLAD101699,Uttar Pradesh,Varanasi,MP_007,Vendor_011,1157828.11,547557.01,0.47291735730962686,0,0,0,0,0,-1,90.9,1
MPLAD101700,Odisha,Rourkela,MP_106,Vendor_011,345957.36,0.0,0.0,0,0,0,0,1,-1,60.0,1
MPLAD101701,Kerala,Kochi,MP_082,Vendor_096,2959286.4,0.0,0.0,0,0,0,0,1,1,60.0,1
MPLAD101702,Bihar,Bhagalpur,MP_077,Vendor_019,1227432.1,485829.33,0.39580953602239993,0,0,0,0,0,1,24.1,0
MPLAD101703,Haryana,Gurugram,MP_003,Vendor_002,1977254.62,406075.04,0.20537316534377345,0,0,0,0,0,1,20.1,0
MPLAD101704,Assam,Dibrugarh,MP_117,Vendor_015,1907612.92,835938.38,0.4382117416147507,0,0,0,0,0,1,32.5,0
MPLAD101705,Assam,Guwahati,MP_148,Vendor_032,2649926.71,2160348.73,0.8152484828533239,0,0,0,0,0,1,30.3,0
MPLAD101706,Punjab,Amritsar,MP_098,Vendor_074,3000000.0,1545574.82,0.5151916066666666,0,0,0,0,0,-1,39.8,1
MPLAD101707,West Bengal,Kolkata,MP_089,Vendor_056,3397797.9,2705990.91,0.7963954860293486,0,0,0,0,0,1,25.9,0
MPLAD101708,Odisha,Rourkela,MP_106,Vendor_083,838242.91,0.0,0.0,0,0,0,0,1,1,60.0,1
MPLAD101709,Kerala,Thiruvananthapuram,MP_134,Vendor_010,646834.48,251361.15,0.38860196506531314,0,0,0,0,0,1,14.7,0
MPLAD101710,Odisha,Rourkela,MP_106,Vendor_013,774281.6,234947.37,0.3034391751011518,0,0,0,0,0,1,23.6,0
MPLAD101711,Jharkhand,Ranchi,MP_109,Vendor_120,1062104.14,335583.22,0.3159607493856488,0,0,0,0,0,1,9.2,0
MPLAD101712,Tamil Nadu,Coimbatore,MP_078,Vendor_040,1723361.52,1599629.88,0.928203317432781,0,0,0,0,0,1,22.1,0
MPLAD101713,Kerala,Kochi,MP_073,Vendor_078,693145.55,287145.91,0.41426495488573783,0,0,0,0,0,1,25.6,0
MPLAD101714,Tamil Nadu,Madurai,MP_042,Vendor_019,2075335.99,1317746.77,0.6349558704467897,0,0,0,0,0,1,20.8,0
MPLAD101715,Kerala,Kochi,MP_082,Vendor_073,434199.86,0.0,0.0,0,0,0,0,1,1,60.0,1
MPLAD101716,Chhattisgarh,Bilaspur,MP_058,Vendor_117,2252475.97,2252475.97,1.0,0,0,0,0,0,-1,40.8,1
MPLAD101717,Gujarat,Surat,MP_097,Vendor_032,809897.14,366817.59,0.4529187373102713,0,0,0,0,0,1,15.2,0
MPLAD101718,Assam,Dibrugarh,MP_117,Vendor_074,457322.87,179913.87,0.3934066756818875,0,0,0,0,0,1,17.0,0
MPLAD101719,Madhya Pradesh,Indore,MP_150,Vendor_055,938236.86,0.0,0.0,0,0,0,0,1,1,60.0,1
MPLAD101720,Tamil Nadu,Coimbatore,MP_128,Vendor_020,961193.26,0.0,0.0,0,0,0,0,1,1,60.0,1
MPLAD101721,Punjab,Jalandhar,MP_115,Vendor_026,518921.78,347612.93,0.6698753904682898,0,0,0,0,0,-1,48.5,1
MPLAD101722,Madhya Pradesh,Indore,MP_150,Vendor_113,2339223.73,1957468.38,0.836802549023389,0,0,0,0,0,-1,57.0,1
MPLAD101723,Jharkhand,Jamshedpur,MP_118,Vendor_090,1011074.58,822219.86,0.8132138580716766,0,0,0,0,0,-1,43.1,1
MPLAD101724,Chhattisgarh,Bilaspur,MP_094,Vendor_065,1939604.34,726391.99,0.37450524058942863,0,0,0,0,0,1,20.1,0
MPLAD101725,Tamil Nadu,Chennai,MP_066,Vendor_116,1453973.84,580600.25,0.39931959848741155,0,0,0,0,0,-1,43.7,1
MPLAD101726,Kerala,Thiruvananthapuram,MP_083,Vendor_056,5685902.45,184111.09,0.032380275887427507,0,1,0,0,0,1,85.0,1
MPLAD101727,Haryana,Gurugram,MP_091,Vendor_013,2233049.78,911526.82,0.40819816385821905,0,0,0,0,0,1,11.0,0
MPLAD101728,Punjab,Amritsar,MP_098,Vendor_068,869495.3,284463.57,0.32715941075242155,0,0,0,0,0,1,34.9,0
MPLAD101729,Kerala,Kozhikode,MP_043,Vendor_032,503736.5,0.0,0.0,0,0,0,0,1,1,60.0,1
MPLAD101730,Rajasthan,Jodhpur,MP_099,Vendor_112,883067.32,229602.1,0.26000520549214756,0,0,0,0,0,1,27.4,0
MPLAD101731,Odisha,Cuttack,MP_079,Vendor_028,1707238.05,1864615.77,1.0921826455308912,0,0,1,0,0,-1,90.0,1
MPLAD101732,Telangana,Hyderabad,MP_143,Vendor_020,3531041.59,3316412.41,0.9392164678524787,0,0,0,0,0,1,21.8,0
MPLAD101733,Jharkhand,Jamshedpur,MP_046,Vendor_013,2357122.53,2357122.53,1.0,0,0,0,0,0,1,30.1,0
MPLAD101734,Tamil Nadu,Madurai,MP_145,Vendor_101,1171078.24,637794.68,0.5446217496108544,0,0,0,0,0,1,31.5,0
MPLAD101735,Gujarat,Surat,MP_053,Vendor_060,394796.21,0.0,0.0,0,1,0,0,1,1,85.0,1
MPLAD101736,Gujarat,Ahmedabad,MP_047,Vendor_069,500000.0,161708.82,0.32341764,0,0,0,0,0,1,21.5,0
MPLAD101737,Jharkhand,Ranchi,MP_107,Vendor_024,906832.28,192846.9,0.2126599419244317,0,0,0,0,0,1,2.1,0
MPLAD101738,Tamil Nadu,Coimbatore,MP_037,Vendor_099,2141190.6,1820990.62,0.8504570401159056,0,0,0,0,0,1,21.6,0
MPLAD101739,Punjab,Ludhiana,MP_141,Vendor_045,545294.46,237154.58,0.43491103870741693,0,0,0,0,0,-1,41.8,1
MPLAD101740,Bihar,Patna,MP_028,Vendor_036,1877528.22,1877528.22,1.0,0,0,0,0,0,-1,41.6,1
MPLAD101741,Haryana,Faridabad,MP_112,Vendor_036,2302327.23,807043.64,0.35053385525914144,0,0,0,0,0,1,19.1,0
MPLAD101742,Bihar,Patna,MP_050,Vendor_094,1421546.61,648133.51,0.4559354617292499,0,0,0,0,0,1,20.0,0
MPLAD101743,West Bengal,Siliguri,MP_111,Vendor_075,1371922.83,0.0,0.0,0,0,0,0,1,-1,60.0,1
MPLAD101744,Kerala,Thiruvananthapuram,MP_134,Vendor_015,4681640.26,4681640.26,1.0,0,0,0,0,0,1,18.7,0
MPLAD101745,Andhra Pradesh,Guntur,MP_119,Vendor_095,365319.87,76352.0,0.20900040285243723,0,0,0,0,0,-1,39.8,1
MPLAD101746,Punjab,Amritsar,MP_064,Vendor_057,311817.9,70738.72,0.2268590738376469,0,0,0,0,0,1,13.9,0
MPLAD101747,Tamil Nadu,Chennai,MP_066,Vendor_120,930168.8,0.0,0.0,0,0,0,0,1,1,60.0,1
MPLAD101748,Punjab,Ludhiana,MP_101,Vendor_118,1332808.41,541710.05,0.40644255088396397,0,0,0,0,0,1,26.3,0
MPLAD101749,Maharashtra,Mumbai,MP_067,Vendor_077,1056503.74,763816.04,0.7229657700975105,0,0,0,0,0,1,10.3,0
MPLAD101750,Madhya Pradesh,Bhopal,MP_084,Vendor_086,1120198.07,1025013.85,0.9150291162347743,0,0,0,0,0,1,33.5,0
MPLAD101751,Haryana,Gurugram,MP_138,Vendor_056,1611293.94,1500746.91,0.9313923876608138,0,0,0,0,0,-1,58.1,1
MPLAD101752,Kerala,Kozhikode,MP_043,Vendor_090,723744.1,305153.63,0.4216319414555504,0,0,0,0,0,1,29.6,0
MPLAD101753,Assam,Silchar,MP_129,Vendor_020,2827190.11,1988635.6,0.7033964900223849,0,0,0,0,0,1,20.8,0
MPLAD101754,Karnataka,Mysuru,MP_034,Vendor_017,3327021.18,3310881.95,0.9951490450084841,0,0,0,0,0,1,26.3,0
MPLAD101755,Odisha,Rourkela,MP_106,Vendor_010,1650396.02,649496.73,0.39353992746540917,0,0,0,0,0,1,20.5,0
MPLAD101756,Maharashtra,Mumbai,MP_105,Vendor_117,7687643.02,3810091.18,0.4956123964247237,0,0,0,0,0,1,32.4,0
MPLAD101757,Andhra Pradesh,Guntur,MP_119,Vendor_058,1500000.0,1500000.0,1.0,0,0,0,0,1,-1,60.1,1
MPLAD101758,Odisha,Cuttack,MP_039,Vendor_031,1353729.05,666740.65,0.49252149091430075,0,0,0,0,0,1,9.2,0
MPLAD101759,Kerala,Kochi,MP_022,Vendor_074,2100191.37,193022.34,0.09190702464413993,0,0,0,0,0,-1,62.0,1
MPLAD101760,Jharkhand,Jamshedpur,MP_132,Vendor_012,875927.2,1144265.41,1.306347616559915,0,0,1,0,0,1,90.0,1
MPLAD101761,Punjab,Jalandhar,MP_115,Vendor_067,1591180.39,1591180.39,1.0,0,0,0,0,0,1,34.9,0
MPLAD101762,West Bengal,Kolkata,MP_057,Vendor_018,1228412.48,414940.97,0.3377863516984132,0,0,0,0,0,1,11.6,0
MPLAD101763,Maharashtra,Mumbai,MP_067,Vendor_038,676741.06,626461.22,0.9257029860135868,0,0,0,0,0,1,14.2,0
MPLAD101764,Kerala,Thiruvananthapuram,MP_134,Vendor_097,524175.96,426071.52,0.8128406346601625,0,0,0,0,0,-1,61.2,1
MPLAD101765,Telangana,Hyderabad,MP_041,Vendor_065,583314.66,0.0,0.0,0,1,0,0,1,1,85.0,1
MPLAD101766,Uttar Pradesh,Varanasi,MP_096,Vendor_039,699514.7,699514.7,1.0,0,0,0,0,0,1,38.1,0
MPLAD101767,West Bengal,Siliguri,MP_071,Vendor_007,858162.51,151351.23,0.17636663013862025,0,0,0,0,0,-1,41.7,1
MPLAD101768,Jharkhand,Ranchi,MP_107,Vendor_017,1100563.02,1014367.26,0.9216803050496827,0,0,0,0,0,1,15.7,0
MPLAD101769,Jharkhand,Ranchi,MP_107,Vendor_117,726966.22,264575.72,0.36394499870984376,0,0,0,0,0,1,2.5,0
MPLAD101770,Rajasthan,Jodhpur,MP_099,Vendor_014,485426.38,422410.29,0.8701840431498592,0,0,0,0,0,1,37.9,0
MPLAD101771,West Bengal,Siliguri,MP_071,Vendor_074,1565463.89,507893.59,0.32443647742012116,0,0,0,0,0,1,30.8,0
MPLAD101772,Gujarat,Ahmedabad,MP_095,Vendor_002,876590.91,0.0,0.0,0,0,0,0,1,1,60.0,1
MPLAD101773,Madhya Pradesh,Indore,MP_038,Vendor_014,655662.06,0.0,0.0,0,1,0,0,1,1,85.0,1
MPLAD101774,Kerala,Kochi,MP_008,Vendor_109,740986.99,269252.34,0.3633698615950059,0,0,0,0,0,1,20.7,0
MPLAD101775,West Bengal,Siliguri,MP_071,Vendor_080,1552740.61,73455.26,0.047306845410580195,0,1,0,0,0,1,85.0,1
MPLAD101776,Punjab,Ludhiana,MP_124,Vendor_066,3569122.29,2820184.82,0.7901620036672937,0,0,0,0,0,1,30.5,0
MPLAD101777,Assam,Dibrugarh,MP_123,Vendor_112,876267.27,20995.4,0.02396004132392164,0,0,0,0,0,-1,40.6,1
MPLAD101778,Punjab,Amritsar,MP_064,Vendor_026,1326136.0,1326136.0,1.0,0,0,0,0,0,-1,76.3,1
MPLAD101779,Kerala,Thiruvananthapuram,MP_134,Vendor_103,2785703.43,2405189.81,0.863404834878636,0,0,0,0,0,-1,51.4,1
MPLAD101780,Uttar Pradesh,Varanasi,MP_007,Vendor_106,443357.06,180032.19,0.40606591445729995,0,0,0,0,0,1,25.2,0
MPLAD101781,Tamil Nadu,Madurai,MP_087,Vendor_094,542681.44,516450.34,0.9516639080194084,0,0,0,0,0,1,10.3,0
MPLAD101782,Chhattisgarh,Bilaspur,MP_080,Vendor_043,792131.17,0.0,0.0,0,0,0,0,1,1,60.0,1
MPLAD101783,Madhya Pradesh,Bhopal,MP_084,Vendor_109,1917478.19,1249100.04,0.6514285515810744,0,0,0,0,0,1,22.0,0
MPLAD101784,Jharkhand,Jamshedpur,MP_132,Vendor_105,1008956.62,242204.65,0.24005457241561087,0,0,0,0,0,1,5.4,0
MPLAD101785,Rajasthan,Jaipur,MP_004,Vendor_022,1614106.8,529711.81,0.3281764316958457,0,0,0,0,0,1,36.7,0
MPLAD101786,Assam,Dibrugarh,MP_075,Vendor_006,499647.4,600347.62,1.2015425678188258,0,0,1,0,0,1,90.0,1
MPLAD101787,Jharkhand,Jamshedpur,MP_118,Vendor_023,863019.43,752727.01,0.8722016953894074,0,0,0,0,0,1,21.8,0
MPLAD101788,Gujarat,Ahmedabad,MP_047,Vendor_037,573932.92,156061.49,0.27191590613063277,0,0,0,0,0,1,18.1,0
MPLAD101789,Telangana,Hyderabad,MP_140,Vendor_019,589394.74,329236.1,0.5586003363382578,0,0,0,0,0,-1,47.1,1
MPLAD101790,Karnataka,Mysuru,MP_019,Vendor_036,679445.66,132427.98,0.19490591786251163,0,0,0,0,0,1,26.5,0
MPLAD101791,West Bengal,Kolkata,MP_054,Vendor_108,603597.55,0.0,0.0,0,0,0,0,1,1,60.0,1
MPLAD101792,Telangana,Hyderabad,MP_142,Vendor_072,469167.43,0.0,0.0,0,1,0,0,1,-1,85.0,1
MPLAD101793,Haryana,Panipat,MP_026,Vendor_108,4408185.2,0.0,0.0,0,1,0,0,1,1,85.0,1
MPLAD101794,West Bengal,Siliguri,MP_071,Vendor_095,895045.43,766447.42,0.8563223656703102,0,0,0,0,0,1,23.3,0
MPLAD101795,Bihar,Bhagalpur,MP_070,Vendor_108,2138768.08,0.0,0.0,0,0,0,0,1,1,60.0,1
MPLAD101796,Punjab,Ludhiana,MP_149,Vendor_099,1556133.86,699833.37,0.4497256874803816,0,0,0,0,0,1,18.4,0
MPLAD101797,Chhattisgarh,Raipur,MP_048,Vendor_009,2261116.85,0.0,0.0,0,0,0,0,1,1,60.0,1
MPLAD101798,Bihar,Bhagalpur,MP_018,Vendor_119,1073185.24,953198.17,0.8881953780877568,0,0,0,1,0,-1,80.0,1
MPLAD101799,Bihar,Gaya,MP_072,Vendor_003,224434.1,72906.06,0.324843951966301,0,0,0,0,0,1,19.2,0
MPLAD101800,Haryana,Faridabad,MP_055,Vendor_053,1500000.0,810400.64,0.5402670933333333,0,0,0,0,0,1,6.4,0
MPLAD101801,Bihar,Patna,MP_028,Vendor_112,2586953.38,499713.73,0.19316688652502892,0,0,0,0,0,1,26.8,0
MPLAD101802,Tamil Nadu,Madurai,MP_125,Vendor_063,2790884.14,0.0,0.0,0,0,0,0,1,1,60.0,1
MPLAD101803,Karnataka,Mysuru,MP_059,Vendor_018,317465.5,0.0,0.0,0,0,0,0,1,1,60.0,1
MPLAD101804,Odisha,Rourkela,MP_090,Vendor_009,1017524.8,887736.36,0.8724469025226707,0,0,0,0,0,1,34.6,0
MPLAD101805,Punjab,Amritsar,MP_012,Vendor_076,5704848.58,5394488.93,0.9455972151323953,0,0,0,0,0,1,31.2,0
MPLAD101806,Tamil Nadu,Coimbatore,MP_128,Vendor_107,2133383.86,960544.93,0.45024477217147413,0,0,0,0,0,1,27.8,0
MPLAD101807,Punjab,Jalandhar,MP_115,Vendor_076,1633331.91,858130.07,0.525386214979416,0,0,0,0,0,1,19.2,0
MPLAD101808,Maharashtra,Pune,MP_014,Vendor_066,2011007.0,1073390.27,0.5337576000481351,0,0,0,0,0,1,13.5,0
MPLAD101809,Chhattisgarh,Bilaspur,MP_058,Vendor_106,1650219.4,1523985.73,0.923504916982554,0,0,0,0,0,1,23.0,0
MPLAD101810,Jharkhand,Ranchi,MP_035,Vendor_108,2123794.79,219264.68,0.10324193327548374,0,0,0,0,0,1,15.4,0
MPLAD101811,West Bengal,Kolkata,MP_089,Vendor_041,898769.88,898769.88,1.0,0,0,0,0,0,-1,39.5,1
MPLAD101812,West Bengal,Kolkata,MP_056,Vendor_101,1590585.14,663020.27,0.4168404779639775,0,0,0,0,0,1,11.2,0
MPLAD101813,Jharkhand,Ranchi,MP_051,Vendor_070,651620.95,551561.99,0.8464460665360745,0,0,0,0,0,1,24.2,0
MPLAD101814,Assam,Silchar,MP_088,Vendor_104,929651.56,872960.05,0.9390185393761938,0,0,0,0,0,1,12.4,0
MPLAD101815,Tamil Nadu,Madurai,MP_042,Vendor_120,632397.15,0.0,0.0,0,1,0,0,1,1,85.0,1
MPLAD101816,Odisha,Rourkela,MP_106,Vendor_013,307364.53,307132.58,0.9992453585974933,0,0,0,0,0,1,18.4,0
MPLAD101817,Rajasthan,Jodhpur,MP_099,Vendor_106,943300.78,54631.06,0.05791478302392583,0,0,0,0,0,1,35.1,0
MPLAD101818,Jharkhand,Jamshedpur,MP_046,Vendor_013,830132.07,716011.67,0.8625274168723539,0,0,0,0,0,-1,41.6,1
MPLAD101819,Assam,Silchar,MP_016,Vendor_047,529493.5,446696.89,0.8436305450397409,0,0,0,0,0,-1,53.4,1
MPLAD101820,Kerala,Kochi,MP_073,Vendor_033,1151214.65,0.0,0.0,0,0,0,0,1,-1,60.0,1
MPLAD101821,Madhya Pradesh,Indore,MP_038,Vendor_106,399443.71,129512.74,0.32423276861713507,0,0,0,0,0,1,26.0,0
MPLAD101822,Haryana,Gurugram,MP_126,Vendor_094,4508081.52,3683032.7,0.8169844941047119,0,0,0,0,0,1,30.4,0
MPLAD101823,Rajasthan,Jaipur,MP_004,Vendor_032,491045.97,60602.95,0.12341604188300334,0,0,0,0,0,1,38.8,0
MPLAD101824,Kerala,Thiruvananthapuram,MP_102,Vendor_031,1736930.55,1605719.33,0.924457992865633,0,0,0,0,0,-1,55.5,1
MPLAD101825,Assam,Guwahati,MP_133,Vendor_097,1133467.49,945684.34,0.834328596402884,0,0,0,0,0,-1,54.0,1
MPLAD101826,Gujarat,Ahmedabad,MP_047,Vendor_049,697295.27,264485.94,0.3793026446314486,0,0,0,0,0,1,17.8,0
MPLAD101827,Uttar Pradesh,Lucknow,MP_049,Vendor_093,1177381.64,1070961.76,0.9096130970753036,0,0,0,0,0,1,36.3,0
MPLAD101828,Kerala,Thiruvananthapuram,MP_083,Vendor_036,1612844.49,0.0,0.0,0,1,0,0,1,1,85.0,1
MPLAD101829,Uttar Pradesh,Varanasi,MP_096,Vendor_105,2578059.39,1065108.99,0.41314369798129436,0,0,0,0,0,1,20.7,0
MPLAD101830,Maharashtra,Nashik,MP_011,Vendor_108,738886.35,223086.15,0.30192214269488127,0,0,0,0,0,1,20.8,0
MPLAD101831,Karnataka,Mysuru,MP_034,Vendor_048,680436.4,647381.8,0.9514214701035982,0,0,0,0,0,1,32.3,0
MPLAD101832,Maharashtra,Mumbai,MP_069,Vendor_003,2976286.35,0.0,0.0,0,0,0,0,1,1,60.0,1
MPLAD101833,Gujarat,Surat,MP_006,Vendor_096,1601374.72,1601374.72,1.0,0,0,0,0,0,1,20.9,0
MPLAD101834,Maharashtra,Mumbai,MP_069,Vendor_045,2699487.9,2643900.6,0.9794082055340941,0,0,0,0,0,1,38.9,0
MPLAD101835,Madhya Pradesh,Indore,MP_038,Vendor_076,1258716.03,241620.88,0.19195821316425118,0,0,0,0,0,1,22.7,0
MPLAD101836,West Bengal,Kolkata,MP_054,Vendor_065,492344.92,403917.75,0.8203958923756135,0,0,0,0,0,1,21.3,0
MPLAD101837,Chhattisgarh,Raipur,MP_005,Vendor_009,1296754.29,0.0,0.0,0,0,0,0,1,1,60.0,1
MPLAD101838,Kerala,Thiruvananthapuram,MP_102,Vendor_001,716281.24,276830.91,0.3864835410180504,0,0,0,0,0,1,37.9,0
MPLAD101839,Kerala,Thiruvananthapuram,MP_083,Vendor_089,767789.32,612791.57,0.798124633981624,0,0,0,0,0,1,36.1,0
MPLAD101840,Madhya Pradesh,Bhopal,MP_084,Vendor_011,1570534.55,361621.53,0.23025378843146113,0,0,0,0,0,-1,54.4,1
MPLAD101841,Jharkhand,Ranchi,MP_109,Vendor_003,2143728.52,1212556.69,0.565629779464799,0,0,0,0,0,1,17.3,0
MPLAD101842,Haryana,Faridabad,MP_055,Vendor_037,376964.59,93966.71,0.24927198069187348,0,0,0,0,0,1,24.9,0
MPLAD101843,Chhattisgarh,Bilaspur,MP_058,Vendor_010,969234.98,0.0,0.0,0,0,0,0,1,1,60.0,1
MPLAD101844,West Bengal,Kolkata,MP_057,Vendor_103,1193535.16,1030411.68,0.8633274615889825,0,0,0,0,0,-1,63.7,1
MPLAD101845,Punjab,Jalandhar,MP_144,Vendor_038,1795856.85,1688560.18,0.9402532167304982,0,0,0,0,0,1,31.6,0
MPLAD101846,Assam,Dibrugarh,MP_075,Vendor_080,855697.83,411358.42,0.480728600188223,0,0,0,0,0,-1,44.3,1
MPLAD101847,Tamil Nadu,Coimbatore,MP_128,Vendor_102,1673659.11,386119.28,0.23070365864408315,0,0,0,0,0,1,18.4,0
MPLAD101848,Uttar Pradesh,Varanasi,MP_007,Vendor_039,668523.47,657538.31,0.983568026414989,0,0,0,0,0,-1,60.1,1
MPLAD101849,Bihar,Patna,MP_050,Vendor_039,1824476.53,2533270.02,1.3884914266340274,0,0,1,0,0,-1,90.0,1
MPLAD101850,Kerala,Kochi,MP_085,Vendor_083,1553303.25,968619.22,0.6235866821240476,0,0,0,0,0,-1,41.3,1
MPLAD101851,Gujarat,Vadodara,MP_093,Vendor_036,1369996.46,0.0,0.0,0,0,0,0,1,1,60.0,1
MPLAD101852,Odisha,Cuttack,MP_079,Vendor_058,2069434.5,0.0,0.0,0,0,0,0,1,1,60.0,1
MPLAD101853,Chhattisgarh,Bilaspur,MP_058,Vendor_040,790877.97,652353.36,0.8248470494126926,0,0,0,0,0,-1,41.6,1
MPLAD101854,Telangana,Hyderabad,MP_041,Vendor_063,3469725.71,2977131.54,0.8580308038239715,0,0,0,0,0,-1,46.0,1
MPLAD101855,Gujarat,Ahmedabad,MP_095,Vendor_032,557818.34,520133.25,0.9324420025343735,0,0,0,0,0,-1,71.0,1
MPLAD101856,Andhra Pradesh,Guntur,MP_119,Vendor_088,1719807.58,0.0,0.0,0,1,0,0,1,1,85.0,1
MPLAD101857,Haryana,Faridabad,MP_055,Vendor_081,1281816.82,1274529.13,0.9943145620448325,0,0,0,0,0,-1,50.6,1
MPLAD101858,Rajasthan,Jaipur,MP_121,Vendor_004,2595964.95,0.0,0.0,0,0,0,0,1,1,60.0,1
MPLAD101859,Punjab,Ludhiana,MP_124,Vendor_042,2762809.13,0.0,0.0,0,0,0,0,1,1,60.0,1
MPLAD101860,West Bengal,Kolkata,MP_009,Vendor_095,822043.83,822043.83,1.0,0,0,0,0,0,1,30.4,0
MPLAD101861,Odisha,Cuttack,MP_039,Vendor_052,1106456.99,1020331.31,0.9221608424200927,0,0,0,0,0,-1,42.3,1
MPLAD101862,Punjab,Jalandhar,MP_045,Vendor_019,473994.55,0.0,0.0,0,0,0,0,1,1,60.0,1
MPLAD101863,Jharkhand,Jamshedpur,MP_031,Vendor_025,3164431.25,2939967.88,0.929066757256932,0,0,0,0,0,1,35.0,0
MPLAD101864,Odisha,Rourkela,MP_106,Vendor_057,684812.0,640315.67,0.9350240211912175,0,0,0,0,0,1,15.2,0
MPLAD101865,Kerala,Thiruvananthapuram,MP_083,Vendor_004,1098377.78,217474.73,0.19799629413479214,0,0,0,0,0,1,35.3,0
MPLAD101866,Kerala,Kochi,MP_073,Vendor_012,1822427.76,0.0,0.0,0,0,0,0,1,1,60.0,1
MPLAD101867,Tamil Nadu,Madurai,MP_136,Vendor_003,1221339.36,0.0,0.0,0,0,0,0,1,1,60.0,1
MPLAD101868,Tamil Nadu,Coimbatore,MP_078,Vendor_101,683181.82,644119.23,0.9428225563730604,0,0,0,0,0,1,17.0,0
MPLAD101869,Assam,Silchar,MP_129,Vendor_063,478241.59,383057.68,0.8009710740548516,0,0,0,0,0,1,25.6,0
MPLAD101870,Chhattisgarh,Raipur,MP_020,Vendor_100,1186402.03,1127787.44,0.950594664778178,0,0,0,0,0,1,24.6,0
MPLAD101871,Punjab,Amritsar,MP_064,Vendor_090,5248473.62,4689435.03,0.8934854911207499,0,0,0,0,0,1,16.9,0
MPLAD101872,Rajasthan,Jodhpur,MP_099,Vendor_069,1449333.27,618016.78,0.4264145402527053,0,0,0,0,0,1,33.7,0
MPLAD101873,Assam,Guwahati,MP_148,Vendor_052,7086899.27,6710651.47,0.9469093907412064,0,0,0,0,0,-1,60.3,1
MPLAD101874,Haryana,Faridabad,MP_137,Vendor_041,309505.93,276463.05,0.8932399130446386,0,0,0,0,0,1,24.1,0
MPLAD101875,Bihar,Patna,MP_120,Vendor_117,892685.0,798156.87,0.8941080784375227,0,0,0,0,0,1,12.1,0
MPLAD101876,Kerala,Kochi,MP_082,Vendor_043,868028.47,828651.91,0.9546367874316382,0,0,0,0,0,1,36.9,0
MPLAD101877,Kerala,Kochi,MP_082,Vendor_016,1076489.97,360766.46,0.33513220750212847,0,0,0,0,0,1,20.4,0
MPLAD101878,Assam,Dibrugarh,MP_117,Vendor_004,867167.01,0.0,0.0,0,0,0,0,1,1,60.0,1
MPLAD101879,Jharkhand,Jamshedpur,MP_031,Vendor_052,602505.63,256637.02,0.4259495799234274,0,0,0,0,0,-1,51.3,1
MPLAD101880,Punjab,Ludhiana,MP_141,Vendor_090,2818287.4,1604399.45,0.5692817027816255,0,0,0,0,0,1,28.8,0
MPLAD101881,Gujarat,Ahmedabad,MP_095,Vendor_033,1269895.93,429079.56,0.33788560925618527,0,0,0,0,0,1,37.9,0
MPLAD101882,Chhattisgarh,Raipur,MP_048,Vendor_092,954331.7,854339.82,0.8952231388729935,0,0,0,0,0,1,34.5,0
MPLAD101883,Assam,Dibrugarh,MP_123,Vendor_055,1563897.28,0.0,0.0,0,0,0,0,1,-1,60.0,1
MPLAD101884,Punjab,Amritsar,MP_098,Vendor_011,3250454.4,3014152.06,0.9273017520258091,0,0,0,0,0,-1,50.3,1
MPLAD101885,Odisha,Cuttack,MP_017,Vendor_044,2007028.04,0.0,0.0,0,0,0,0,1,1,60.0,1
MPLAD101886,Chhattisgarh,Bilaspur,MP_103,Vendor_112,1470308.31,0.0,0.0,0,0,0,0,1,-1,60.0,1
MPLAD101887,Gujarat,Ahmedabad,MP_095,Vendor_014,1454960.43,1430098.79,0.9829124974897084,0,0,0,0,0,1,38.3,0
MPLAD101888,Gujarat,Vadodara,MP_040,Vendor_088,1971788.79,464579.74,0.23561333868826792,0,0,0,0,0,1,13.3,0
MPLAD101889,Assam,Silchar,MP_129,Vendor_065,1172827.86,534173.7,0.45545788791204184,0,0,0,0,0,1,27.5,0
MPLAD101890,Maharashtra,Pune,MP_127,Vendor_031,802097.79,248050.33,0.30925198036015034,0,0,0,0,0,1,14.7,0
MPLAD101891,Chhattisgarh,Bilaspur,MP_058,Vendor_048,438280.01,0.0,0.0,0,0,0,0,1,1,60.0,1
MPLAD101892,Punjab,Jalandhar,MP_144,Vendor_073,352731.8,299212.92,0.8482731639166075,0,0,0,0,0,-1,53.6,1
MPLAD101893,Tamil Nadu,Madurai,MP_042,Vendor_065,558468.39,321490.5,0.5756646316186311,0,0,0,0,0,1,6.6,0
MPLAD101894,Punjab,Ludhiana,MP_124,Vendor_007,714526.08,0.0,0.0,0,0,0,0,1,1,60.0,1
MPLAD101895,Haryana,Faridabad,MP_055,Vendor_050,856761.18,850589.93,0.9927970009098684,0,0,0,0,0,1,9.0,0
MPLAD101896,Jharkhand,Ranchi,MP_051,Vendor_104,2086817.48,2654766.94,1.2721605820553124,0,0,1,0,0,1,90.0,1
MPLAD101897,Karnataka,Hubballi,MP_029,Vendor_109,1056446.97,498107.35,0.47149299883930756,0,0,0,0,0,1,35.7,0
MPLAD101898,Punjab,Jalandhar,MP_045,Vendor_116,1640241.39,1448780.56,0.8832727724301606,0,0,0,0,0,-1,55.6,1
MPLAD101899,Bihar,Bhagalpur,MP_110,Vendor_061,4654419.03,3759163.34,0.807654685959807,0,0,0,0,0,1,32.5,0
MPLAD101900,Kerala,Kochi,MP_008,Vendor_086,696988.14,0.0,0.0,0,0,0,0,1,1,60.0,1
MPLAD101901,Telangana,Hyderabad,MP_140,Vendor_047,1453155.57,1329848.29,0.9151451623311054,0,0,0,0,0,-1,46.1,1
MPLAD101902,Gujarat,Surat,MP_053,Vendor_031,366280.89,46514.55,0.12699147367475272,0,0,0,0,0,1,19.9,0
MPLAD101903,Maharashtra,Mumbai,MP_069,Vendor_066,1163326.91,0.0,0.0,0,0,0,0,1,1,60.0,1
MPLAD101904,Assam,Silchar,MP_088,Vendor_070,560878.57,0.0,0.0,0,0,0,0,1,1,60.0,1
MPLAD101905,Gujarat,Vadodara,MP_025,Vendor_018,1110184.35,444799.69,0.4006539004085222,0,0,0,0,0,1,13.2,0
MPLAD101906,Chhattisgarh,Bilaspur,MP_081,Vendor_046,1302680.51,0.0,0.0,0,0,0,0,1,1,60.0,1
MPLAD101907,Maharashtra,Pune,MP_014,Vendor_040,810911.18,0.0,0.0,0,0,0,0,1,1,60.0,1
MPLAD101908,Karnataka,Mysuru,MP_034,Vendor_086,2272036.06,0.0,0.0,0,0,0,0,1,1,60.0,1
MPLAD101909,Maharashtra,Nashik,MP_011,Vendor_037,897849.6,348353.46,0.3879864289074696,0,0,0,0,0,1,34.1,0
MPLAD101910,West Bengal,Kolkata,MP_001,Vendor_117,1356183.53,891947.9,0.6576896712497312,0,0,0,0,0,1,25.3,0
MPLAD101911,Maharashtra,Mumbai,MP_061,Vendor_040,274783.14,237131.74,0.862977764938562,0,0,0,0,0,1,13.9,0
MPLAD101912,Tamil Nadu,Madurai,MP_087,Vendor_097,1681469.29,1496049.97,0.8897277987158481,0,0,0,0,0,-1,53.5,1
MPLAD101913,Assam,Silchar,MP_129,Vendor_022,2256311.31,1020300.33,0.45219838480533076,0,0,0,0,0,1,29.8,0
MPLAD101914,Gujarat,Ahmedabad,MP_021,Vendor_061,900800.09,38375.73,0.042601827448751704,0,1,0,0,0,-1,85.0,1
MPLAD101915,West Bengal,Siliguri,MP_071,Vendor_114,527236.95,49246.92,0.09340566893120826,0,0,0,0,0,1,14.1,0
MPLAD101916,Haryana,Gurugram,MP_003,Vendor_085,1076888.83,612312.35,0.5685938352615283,0,0,0,0,0,1,27.4,0
MPLAD101917,Punjab,Jalandhar,MP_115,Vendor_032,10913190.32,2560639.14,0.23463708273347514,0,0,0,0,0,1,23.1,0
MPLAD101918,Rajasthan,Udaipur,MP_023,Vendor_058,2476384.24,402672.12,0.16260486296746904,0,0,0,0,0,-1,39.1,1
MPLAD101919,Chhattisgarh,Bilaspur,MP_080,Vendor_085,1785143.96,782472.19,0.4383244195050801,0,0,0,0,0,1,24.9,0
MPLAD101920,West Bengal,Kolkata,MP_057,Vendor_079,1930358.34,0.0,0.0,0,0,0,0,1,1,60.0,1
MPLAD101921,Bihar,Bhagalpur,MP_147,Vendor_015,2039443.62,1810430.67,0.8877081240421836,0,0,0,0,0,1,35.4,0
MPLAD101922,Tamil Nadu,Chennai,MP_135,Vendor_008,1050302.59,89625.34,0.08533287535737676,0,0,0,0,0,1,28.8,0
MPLAD101923,Jharkhand,Jamshedpur,MP_118,Vendor_112,525926.31,0.0,0.0,0,0,0,0,1,1,60.0,1
MPLAD101924,Jharkhand,Jamshedpur,MP_046,Vendor_045,1680318.8,1497964.9,0.8914766055108113,0,0,0,0,0,1,33.7,0
MPLAD101925,Chhattisgarh,Bilaspur,MP_058,Vendor_069,3275652.24,975582.19,0.2978283769219653,0,0,0,0,0,1,20.8,0
MPLAD101926,Assam,Silchar,MP_016,Vendor_046,3403237.46,490753.1,0.14420183891605376,0,0,0,0,0,1,23.5,0
MPLAD101927,Haryana,Gurugram,MP_138,Vendor_113,315292.88,195045.51,0.6186169189738759,0,0,0,0,0,1,23.3,0
MPLAD101928,Andhra Pradesh,Vijayawada,MP_116,Vendor_112,2150526.07,1826103.94,0.8491428983234787,0,0,0,0,0,-1,52.9,1
MPLAD101929,Kerala,Kochi,MP_104,Vendor_027,254582.1,121766.76,0.4783005560878003,0,0,0,0,0,1,23.6,0
MPLAD101930,Assam,Silchar,MP_016,Vendor_103,1898486.27,0.0,0.0,0,0,0,0,1,1,60.0,1
MPLAD101931,Odisha,Rourkela,MP_106,Vendor_037,2114348.61,0.0,0.0,0,0,0,0,1,1,60.0,1
MPLAD101932,Tamil Nadu,Madurai,MP_145,Vendor_120,762067.9,436775.47,0.5731450832662024,0,0,0,0,0,1,30.4,0
MPLAD101933,Assam,Dibrugarh,MP_131,Vendor_086,789105.75,789105.75,1.0,0,0,0,0,0,1,20.6,0
MPLAD101934,Kerala,Kochi,MP_104,Vendor_038,1175544.87,1175544.87,1.0,0,0,0,0,0,1,38.2,0
MPLAD101935,Chhattisgarh,Bilaspur,MP_058,Vendor_071,324432.07,0.0,0.0,0,0,0,0,1,1,60.0,1
MPLAD101936,Telangana,Hyderabad,MP_041,Vendor_010,2716980.97,2320130.66,0.8539370299674937,0,0,0,0,0,-1,51.7,1
MPLAD101937,Odisha,Rourkela,MP_013,Vendor_061,855598.44,620089.56,0.7247436776532693,0,0,0,0,0,1,37.1,0
MPLAD101938,Assam,Dibrugarh,MP_117,Vendor_033,1016047.33,0.0,0.0,0,0,0,0,1,1,60.0,1
MPLAD101939,Gujarat,Surat,MP_097,Vendor_116,1243837.31,1175082.64,0.9447237436542243,0,0,0,0,0,-1,62.9,1
MPLAD101940,West Bengal,Siliguri,MP_032,Vendor_119,2218145.55,207781.16,0.09367336602415474,0,0,0,0,0,1,29.9,0
MPLAD101941,Odisha,Cuttack,MP_079,Vendor_048,502032.45,426587.06,0.8497200927947984,0,0,0,0,0,-1,41.2,1
MPLAD101942,Gujarat,Vadodara,MP_093,Vendor_004,556196.15,525861.45,0.94546042794435,0,0,0,0,0,1,23.3,0
MPLAD101943,Assam,Dibrugarh,MP_131,Vendor_077,607695.86,231376.8,0.3807444072434523,0,0,0,0,0,1,16.9,0
MPLAD101944,Bihar,Gaya,MP_072,Vendor_070,1227921.08,646442.08,0.5264524654955838,0,0,0,0,0,1,16.4,0
MPLAD101945,Kerala,Thiruvananthapuram,MP_083,Vendor_054,2221319.47,1902796.49,0.8566064070018707,0,0,0,0,0,-1,53.5,1
MPLAD101946,Punjab,Jalandhar,MP_114,Vendor_001,1911551.46,1758386.98,0.9198742575311052,0,0,0,0,0,-1,43.1,1
MPLAD101947,Punjab,Amritsar,MP_064,Vendor_023,411027.28,411027.28,1.0,0,0,0,0,0,-1,50.1,1
MPLAD101948,Odisha,Cuttack,MP_017,Vendor_002,1942249.52,1725165.79,0.8882307717084672,0,0,0,0,0,1,13.9,0
MPLAD101949,Assam,Dibrugarh,MP_117,Vendor_047,1776100.8,1618592.22,0.9113177698022544,0,0,0,0,0,-1,44.4,1
MPLAD101950,Haryana,Faridabad,MP_137,Vendor_006,1103442.02,226977.43,0.20569946212488807,0,0,0,0,0,1,8.4,0
MPLAD101951,Maharashtra,Mumbai,MP_061,Vendor_076,332437.05,161026.6,0.4843822311622607,0,0,0,0,0,1,22.5,0
MPLAD101952,Punjab,Ludhiana,MP_030,Vendor_059,3310400.38,2642439.63,0.7982235762068152,0,0,0,0,0,-1,73.5,1
MPLAD101953,Karnataka,Mysuru,MP_062,Vendor_046,1669376.71,1106923.03,0.6630756397697678,0,0,0,0,0,1,18.8,0
MPLAD101954,Telangana,Hyderabad,MP_143,Vendor_098,661783.19,245599.69,0.37111805453988644,0,0,0,0,0,1,21.0,0
MPLAD101955,Kerala,Kochi,MP_008,Vendor_027,428546.03,0.0,0.0,0,0,0,0,1,1,60.0,1
MPLAD101956,Haryana,Gurugram,MP_138,Vendor_078,1837637.27,1648265.04,0.8969479814697054,0,0,0,0,0,1,22.2,0
MPLAD101957,Jharkhand,Ranchi,MP_107,Vendor_084,2480890.27,909717.5,0.36668993828574287,0,0,0,0,0,1,23.5,0
MPLAD101958,Punjab,Ludhiana,MP_141,Vendor_088,833842.4,826186.49,0.9908185167844666,0,0,0,0,0,-1,78.3,1
MPLAD101959,Maharashtra,Mumbai,MP_061,Vendor_068,565062.53,0.0,0.0,0,1,0,0,1,-1,85.0,1
MPLAD101960,Telangana,Hyderabad,MP_142,Vendor_036,2209240.82,0.0,0.0,0,0,0,0,1,1,60.0,1
MPLAD101961,Punjab,Ludhiana,MP_030,Vendor_004,492040.52,0.0,0.0,0,0,0,0,1,1,60.0,1
MPLAD101962,Kerala,Kochi,MP_073,Vendor_053,500000.0,500000.0,1.0,0,0,0,0,1,1,60.0,1
MPLAD101963,Punjab,Jalandhar,MP_139,Vendor_033,1408264.9,843077.4,0.598663930344355,0,0,0,0,0,1,38.4,0
MPLAD101964,Gujarat,Surat,MP_053,Vendor_010,704089.94,305344.03,0.4336719112901969,0,0,0,0,0,1,21.4,0
MPLAD101965,Chhattisgarh,Bilaspur,MP_058,Vendor_006,1712547.04,1575321.1,0.9198702652862605,0,0,0,0,0,1,19.9,0
MPLAD101966,Madhya Pradesh,Indore,MP_150,Vendor_116,3615530.58,3513922.57,0.9718967914247318,0,0,0,0,0,-1,60.6,1
MPLAD101967,Karnataka,Mysuru,MP_062,Vendor_003,1494116.38,0.0,0.0,0,0,0,0,1,1,60.0,1
MPLAD101968,Rajasthan,Udaipur,MP_023,Vendor_010,531395.4,219451.06,0.4129713204141398,0,0,0,0,0,1,32.9,0
MPLAD101969,Tamil Nadu,Coimbatore,MP_037,Vendor_001,2096288.52,2079203.57,0.99184990527926,0,0,0,0,0,1,28.1,0
MPLAD101970,Punjab,Ludhiana,MP_124,Vendor_008,696463.44,640582.26,0.9197643741357049,0,0,0,0,0,-1,42.0,1
MPLAD101971,Tamil Nadu,Coimbatore,MP_078,Vendor_038,523776.11,0.0,0.0,0,0,0,0,1,1,60.0,1
MPLAD101972,Punjab,Amritsar,MP_064,Vendor_098,919302.49,779556.73,0.8479871842835974,0,0,0,0,0,1,38.4,0
MPLAD101973,Rajasthan,Udaipur,MP_052,Vendor_044,4554014.81,1981960.89,0.4352117796472428,0,0,0,0,0,1,8.9,0
MPLAD101974,Uttar Pradesh,Varanasi,MP_096,Vendor_083,607741.04,0.0,0.0,0,0,0,0,1,-1,60.0,1
MPLAD101975,Andhra Pradesh,Vijayawada,MP_116,Vendor_019,1576839.12,0.0,0.0,0,0,0,0,1,-1,60.0,1
MPLAD101976,Assam,Silchar,MP_088,Vendor_024,2554282.21,0.0,0.0,0,0,0,0,1,1,60.0,1
MPLAD101977,Maharashtra,Mumbai,MP_069,Vendor_003,1052597.38,264384.03,0.2511729888592351,0,0,0,0,0,1,27.9,0
MPLAD101978,West Bengal,Kolkata,MP_009,Vendor_044,473932.99,0.0,0.0,0,0,0,0,1,1,60.0,1
MPLAD101979,Punjab,Ludhiana,MP_141,Vendor_074,2580906.26,2580906.26,1.0,0,0,0,0,0,-1,46.2,1
MPLAD101980,Maharashtra,Mumbai,MP_069,Vendor_010,672021.86,142264.5,0.21169623857176312,0,0,0,0,0,1,17.3,0
MPLAD101981,Andhra Pradesh,Guntur,MP_119,Vendor_053,842436.9,0.0,0.0,0,0,0,0,1,-1,60.0,1
MPLAD101982,Maharashtra,Pune,MP_127,Vendor_077,1668338.97,391884.48,0.23489499858652824,0,0,0,0,0,1,16.7,0
MPLAD101983,Gujarat,Surat,MP_122,Vendor_028,983890.83,274212.43,0.2787020893364765,0,0,0,0,0,1,35.3,0
MPLAD101984,Gujarat,Surat,MP_122,Vendor_091,2500000.0,1001981.0,0.4007924,0,0,0,0,0,1,27.7,0
MPLAD101985,Assam,Dibrugarh,MP_117,Vendor_002,2453924.03,499262.82,0.20345488038600773,0,0,0,0,0,1,14.0,0
MPLAD101986,Kerala,Kochi,MP_085,Vendor_071,816838.46,2063.21,0.002525848256459423,0,1,0,0,0,1,85.0,1
MPLAD101987,Assam,Dibrugarh,MP_131,Vendor_054,1670670.96,915853.82,0.548195211341915,0,0,0,0,0,-1,44.2,1
MPLAD101988,Assam,Guwahati,MP_148,Vendor_077,5639419.2,5188606.51,0.9200604399119682,0,0,0,0,0,1,18.8,0
MPLAD101989,Tamil Nadu,Chennai,MP_135,Vendor_009,1717660.09,740527.03,0.431125479547004,0,0,0,0,0,1,17.2,0
MPLAD101990,Haryana,Faridabad,MP_055,Vendor_040,2373773.74,757107.72,0.31894687654603504,0,0,0,0,0,1,22.1,0
MPLAD101991,Bihar,Gaya,MP_060,Vendor_098,953823.84,266982.97,0.2799080488489363,0,0,0,0,0,1,36.6,0
MPLAD101992,Chhattisgarh,Bilaspur,MP_081,Vendor_046,387993.52,349002.35,0.8995056154546085,0,0,0,0,0,1,36.2,0
MPLAD101993,Haryana,Gurugram,MP_138,Vendor_006,5618633.48,2608745.8,0.46430254069535776,0,0,0,0,0,1,7.0,0
MPLAD101994,Rajasthan,Jodhpur,MP_063,Vendor_116,738191.93,306770.08,0.4155695389409093,0,0,0,0,0,-1,40.9,1
MPLAD101995,Karnataka,Mysuru,MP_019,Vendor_064,331792.83,300277.02,0.9050135893533323,0,0,0,0,0,1,33.1,0
MPLAD101996,West Bengal,Kolkata,MP_089,Vendor_070,556244.2,348158.45,0.62590935779645,0,0,0,0,0,1,13.4,0
MPLAD101997,Bihar,Bhagalpur,MP_147,Vendor_040,879254.3,283042.47,0.3219119542548725,0,0,0,0,0,1,10.0,0
MPLAD101998,Jharkhand,Jamshedpur,MP_118,Vendor_114,7279693.87,2568964.03,0.35289451395570837,0,0,0,0,0,1,15.2,0
MPLAD101999,Assam,Guwahati,MP_024,Vendor_021,762672.76,625849.22,0.8205999385634278,0,0,0,0,0,1,15.5,0
MPLAD102000,Tamil Nadu,Chennai,MP_066,Vendor_048,1112054.9,503844.56,0.45307525734565807,0,0,0,0,0,1,21.5,0
MPLAD102001,Chhattisgarh,Bilaspur,MP_103,Vendor_018,488540.18,85298.73,0.17459921106182094,0,0,0,0,0,1,22.4,0
MPLAD102002,Karnataka,Mysuru,MP_059,Vendor_104,853667.96,0.0,0.0,0,0,0,0,1,1,60.0,1
MPLAD102003,West Bengal,Kolkata,MP_054,Vendor_001,5851749.31,2174409.5,0.3715828181983415,0,0,0,0,0,1,12.2,0
MPLAD102004,Tamil Nadu,Madurai,MP_087,Vendor_111,1761137.53,281477.68,0.159827199866668,0,0,0,0,0,1,15.5,0
MPLAD102005,Chhattisgarh,Bilaspur,MP_103,Vendor_061,766131.03,173197.15,0.22606726945911587,0,0,0,0,0,-1,46.3,1
MPLAD102006,Rajasthan,Udaipur,MP_052,Vendor_087,3000000.0,0.0,0.0,0,0,0,0,1,1,60.0,1
MPLAD102007,Jharkhand,Jamshedpur,MP_031,Vendor_005,1010494.56,1010494.56,1.0,0,0,0,0,0,-1,43.9,1
MPLAD102008,Haryana,Panipat,MP_026,Vendor_021,4323475.53,1034588.76,0.2392956205768094,0,0,0,0,0,1,14.2,0
MPLAD102009,Bihar,Bhagalpur,MP_018,Vendor_047,814079.27,0.0,0.0,0,0,0,0,1,-1,60.0,1
MPLAD102010,Maharashtra,Nashik,MP_068,Vendor_112,508408.5,464235.13,0.913114414884881,0,0,0,0,0,-1,54.5,1
MPLAD102011,Kerala,Kochi,MP_104,Vendor_060,1146778.64,989393.55,0.8627589627933776,0,0,0,0,0,-1,45.4,1
MPLAD102012,West Bengal,Siliguri,MP_111,Vendor_078,1196732.59,846852.3,0.7076370335999623,0,0,0,0,0,1,9.1,0
MPLAD102013,Jharkhand,Jamshedpur,MP_046,Vendor_069,1684301.13,0.0,0.0,0,0,0,0,1,-1,60.0,1
MPLAD102014,West Bengal,Kolkata,MP_001,Vendor_028,2111694.43,2025781.5,0.9593156430307959,0,0,0,0,0,1,30.9,0
MPLAD102015,Assam,Dibrugarh,MP_075,Vendor_049,454060.88,173627.87,0.3823889651097007,0,0,0,0,0,1,8.3,0
MPLAD102016,Tamil Nadu,Chennai,MP_135,Vendor_070,3143027.6,0.0,0.0,0,0,0,0,1,1,60.0,1
MPLAD102017,Jharkhand,Ranchi,MP_107,Vendor_061,2309888.96,1143272.96,0.49494715105266357,0,0,0,0,0,1,18.6,0
MPLAD102018,Jharkhand,Ranchi,MP_109,Vendor_052,769492.46,683053.39,0.887667424317582,0,0,0,0,0,-1,42.3,1
MPLAD102019,Odisha,Bhubaneswar,MP_092,Vendor_099,992130.04,851626.41,0.8583818407514402,0,0,0,0,0,-1,45.7,1
MPLAD102020,Punjab,Jalandhar,MP_114,Vendor_096,2345166.3,795469.56,0.3391953739058932,0,0,0,0,0,1,13.5,0
MPLAD102021,Maharashtra,Pune,MP_127,Vendor_093,961935.97,0.0,0.0,0,0,0,0,1,1,60.0,1
MPLAD102022,Assam,Silchar,MP_129,Vendor_044,1396249.2,561071.64,0.4018420493992047,0,0,0,0,0,1,17.0,0
MPLAD102023,Haryana,Panipat,MP_026,Vendor_083,618269.3,0.0,0.0,0,0,0,0,1,1,60.0,1
MPLAD102024,Telangana,Hyderabad,MP_140,Vendor_094,1764312.09,0.0,0.0,0,0,0,0,1,1,60.0,1
MPLAD102025,Kerala,Kochi,MP_086,Vendor_106,708378.38,427325.92,0.6032452882031775,0,0,0,0,0,-1,41.3,1
MPLAD102026,Kerala,Kochi,MP_104,Vendor_064,785556.33,709504.7,0.9031875537175036,0,0,0,0,0,-1,77.6,1
MPLAD102027,Karnataka,Mysuru,MP_019,Vendor_099,1223108.52,274230.87,0.22420812668364046,0,0,0,0,0,1,22.4,0
MPLAD102028,Haryana,Gurugram,MP_003,Vendor_118,1631097.14,459430.61,0.28166968032327,0,0,0,0,0,1,19.5,0
MPLAD102029,Gujarat,Surat,MP_053,Vendor_119,676318.65,614800.95,0.9090403613740357,0,0,0,0,0,1,25.8,0
MPLAD102030,Bihar,Gaya,MP_060,Vendor_020,1744390.31,900229.62,0.5160712111499862,0,0,0,0,0,1,16.7,0
MPLAD102031,Maharashtra,Mumbai,MP_105,Vendor_053,7843357.08,7304991.0,0.93136024861436,0,0,0,0,0,-1,50.1,1
MPLAD102032,Chhattisgarh,Raipur,MP_005,Vendor_007,499632.1,0.0,0.0,0,0,0,0,1,1,60.0,1
MPLAD102033,Haryana,Panipat,MP_026,Vendor_028,383086.62,336142.4,0.8774579493274915,0,0,0,0,0,-1,43.0,1
MPLAD102034,Telangana,Hyderabad,MP_140,Vendor_072,1155601.58,1106741.21,0.9577186715165272,0,0,0,0,0,-1,62.5,1
MPLAD102035,Uttar Pradesh,Varanasi,MP_096,Vendor_040,567850.28,0.0,0.0,0,0,0,0,1,-1,60.0,1
MPLAD102036,Kerala,Thiruvananthapuram,MP_102,Vendor_001,1033290.33,876565.23,0.8483242362289406,0,0,0,0,0,-1,46.6,1
MPLAD102037,Madhya Pradesh,Bhopal,MP_084,Vendor_081,2232717.41,1921000.09,0.8603865770903806,0,0,0,0,0,1,34.1,0
MPLAD102038,Odisha,Rourkela,MP_106,Vendor_021,3213741.66,549297.29,0.17092142060976986,0,0,0,0,0,1,7.4,0
MPLAD102039,Kerala,Thiruvananthapuram,MP_083,Vendor_008,1601574.18,1153359.34,0.7201410677087715,0,0,0,0,0,1,30.8,0
MPLAD102040,Andhra Pradesh,Vijayawada,MP_116,Vendor_028,1084200.23,0.0,0.0,0,0,0,0,1,-1,60.0,1
MPLAD102041,Madhya Pradesh,Bhopal,MP_033,Vendor_105,572035.32,161035.78,0.2815137009372079,0,0,0,0,0,1,14.0,0
MPLAD102042,Gujarat,Ahmedabad,MP_100,Vendor_091,2146504.41,2081281.31,0.9696142716054331,0,0,0,0,0,-1,63.5,1
MPLAD102043,Bihar,Bhagalpur,MP_147,Vendor_010,1358184.45,1270614.36,0.9355241550586153,0,0,0,0,0,1,25.8,0
MPLAD102044,Chhattisgarh,Bilaspur,MP_081,Vendor_077,1497583.98,476608.41,0.31825154139269035,0,0,0,0,0,1,15.4,0
MPLAD102045,Punjab,Amritsar,MP_012,Vendor_002,576095.81,0.0,0.0,0,0,0,0,1,-1,60.0,1
MPLAD102046,Maharashtra,Mumbai,MP_067,Vendor_004,515841.36,473772.66,0.9184464386492778,0,0,0,0,0,-1,48.2,1
MPLAD102047,Maharashtra,Mumbai,MP_061,Vendor_017,1597441.35,2008059.98,1.257047703191106,0,0,1,0,0,1,90.0,1
MPLAD102048,Punjab,Jalandhar,MP_045,Vendor_109,528565.11,176971.1,0.3348141915761334,0,0,0,0,0,1,11.3,0
MPLAD102049,Punjab,Jalandhar,MP_045,Vendor_041,739992.5,408854.9,0.5525122214076494,0,0,0,0,0,1,17.0,0
MPLAD102050,Haryana,Gurugram,MP_091,Vendor_062,3727916.02,1753018.69,0.4702409283350755,0,0,0,0,0,1,11.8,0
MPLAD102051,Uttar Pradesh,Lucknow,MP_049,Vendor_027,637228.36,598121.3,0.9386294420417824,0,0,0,0,0,-1,53.9,1
MPLAD102052,Bihar,Patna,MP_120,Vendor_108,3710677.91,3363008.36,0.9063056513034837,0,0,0,0,0,1,18.2,0
MPLAD102053,Assam,Dibrugarh,MP_117,Vendor_057,279174.03,0.0,0.0,0,0,0,0,1,1,60.0,1
MPLAD102054,West Bengal,Kolkata,MP_056,Vendor_095,2081259.38,645629.22,0.3102108397464616,0,0,0,0,0,-1,40.5,1
MPLAD102055,Gujarat,Ahmedabad,MP_095,Vendor_063,1896107.59,1606352.21,0.8471841041467483,0,0,0,0,0,-1,48.8,1
MPLAD102056,Chhattisgarh,Bilaspur,MP_080,Vendor_051,437353.44,538863.64,1.2321010668168062,0,0,1,0,0,1,90.0,1
MPLAD102057,Kerala,Kozhikode,MP_043,Vendor_005,2135606.72,2744319.42,1.2850303355479231,0,0,1,0,0,-1,90.0,1
MPLAD102058,Tamil Nadu,Madurai,MP_145,Vendor_064,761834.26,112560.05,0.1477487373697266,0,0,0,0,0,1,32.7,0
MPLAD102059,Bihar,Bhagalpur,MP_077,Vendor_104,1774901.76,694894.35,0.3915114434277196,0,0,0,0,0,1,22.4,0
MPLAD102060,Odisha,Cuttack,MP_039,Vendor_056,11752273.59,0.0,0.0,0,0,0,0,1,1,60.0,1
MPLAD102061,Rajasthan,Udaipur,MP_044,Vendor_062,747184.27,0.0,0.0,0,0,0,0,1,1,60.0,1
MPLAD102062,Rajasthan,Udaipur,MP_044,Vendor_093,1081130.58,1045238.89,0.9668017067836523,0,0,0,0,0,1,19.7,0
MPLAD102063,Bihar,Bhagalpur,MP_077,Vendor_110,1999057.14,350438.29,0.17530178752169134,0,0,0,0,0,1,19.0,0
MPLAD102064,West Bengal,Kolkata,MP_056,Vendor_077,2132942.2,0.0,0.0,0,0,0,0,1,1,60.0,1
MPLAD102065,Bihar,Patna,MP_050,Vendor_071,550638.89,528723.45,0.9601999778838722,0,0,0,0,0,-1,39.2,1
MPLAD102066,Haryana,Panipat,MP_026,Vendor_014,1348450.18,525611.4,0.3897892616247788,0,0,0,0,0,1,36.7,0
MPLAD102067,Karnataka,Mysuru,MP_019,Vendor_042,695838.66,461985.87,0.6639267068029822,0,0,0,0,0,-1,45.2,1
MPLAD102068,Bihar,Patna,MP_050,Vendor_021,1117905.91,304086.07,0.27201401055299906,0,0,0,0,0,1,8.7,0
MPLAD102069,Punjab,Jalandhar,MP_139,Vendor_105,1605356.79,592063.83,0.3688051364581701,0,0,0,0,0,1,21.3,0
MPLAD102070,Punjab,Jalandhar,MP_114,Vendor_061,2542564.54,957296.9,0.37650839730502966,0,0,0,0,0,1,36.0,0
MPLAD102071,Odisha,Rourkela,MP_090,Vendor_062,207195.43,72161.05,0.3482752973846962,0,0,0,0,0,1,16.9,0
MPLAD102072,Tamil Nadu,Coimbatore,MP_037,Vendor_041,2509661.24,305314.06,0.1216554868576605,0,0,0,0,0,1,20.8,0
MPLAD102073,West Bengal,Kolkata,MP_001,Vendor_115,856027.06,0.0,0.0,0,0,0,0,1,-1,60.0,1
MPLAD102074,Chhattisgarh,Raipur,MP_020,Vendor_101,1455024.64,1435275.39,0.9864268621595301,0,0,0,0,0,1,18.8,0
MPLAD102075,West Bengal,Kolkata,MP_054,Vendor_104,615285.77,342984.51,0.5574393667514852,0,0,0,0,0,1,29.4,0
MPLAD102076,Maharashtra,Mumbai,MP_061,Vendor_061,1717306.53,581756.66,0.33876110632386636,0,0,0,0,0,1,25.9,0
MPLAD102077,Gujarat,Vadodara,MP_040,Vendor_065,726500.99,683981.11,0.9414730597958304,0,0,0,0,0,1,38.7,0
MPLAD102078,Tamil Nadu,Madurai,MP_087,Vendor_013,1520180.98,633749.29,0.4168906849498933,0,0,0,0,0,1,10.4,0
MPLAD102079,Tamil Nadu,Coimbatore,MP_037,Vendor_073,919249.37,743830.08,0.8091711610310921,0,0,0,0,0,1,34.9,0
MPLAD102080,West Bengal,Kolkata,MP_001,Vendor_010,620853.73,284411.77,0.4580978679148791,0,0,0,0,0,-1,53.5,1
MPLAD102081,Assam,Silchar,MP_016,Vendor_104,1907510.69,1768123.51,0.9269271827776756,0,0,0,0,0,1,26.2,0
MPLAD102082,Telangana,Hyderabad,MP_142,Vendor_050,1470605.25,73530.26,0.049999998300019666,0,0,0,0,0,1,37.6,0
MPLAD102083,Rajasthan,Udaipur,MP_023,Vendor_095,595266.26,0.0,0.0,0,0,0,0,1,-1,60.0,1
MPLAD102084,Bihar,Patna,MP_028,Vendor_093,744097.69,355964.41,0.4783839740182502,0,0,0,0,0,1,9.9,0
MPLAD102085,Telangana,Hyderabad,MP_142,Vendor_026,1857841.16,0.0,0.0,0,0,0,0,1,-1,60.0,1
MPLAD102086,Rajasthan,Jaipur,MP_121,Vendor_036,3058803.2,2843820.98,0.9297168840414446,0,0,0,0,0,-1,51.2,1
MPLAD102087,Assam,Silchar,MP_088,Vendor_022,3012181.98,2840312.69,0.9429419300888321,0,0,0,0,0,1,37.7,0
MPLAD102088,Bihar,Patna,MP_028,Vendor_029,916919.1,232619.97,0.2536973763552314,0,0,0,0,0,1,10.3,0
MPLAD102089,Odisha,Cuttack,MP_010,Vendor_073,1960730.37,770432.95,0.3929316145595276,0,0,0,0,0,1,29.7,0
MPLAD102090,Kerala,Kochi,MP_082,Vendor_045,391021.72,343384.01,0.8781711921271279,0,0,0,0,0,-1,50.4,1
MPLAD102091,Telangana,Hyderabad,MP_140,Vendor_034,859606.4,676090.8,0.7865120594728006,0,0,0,0,0,1,30.7,0
MPLAD102092,Karnataka,Mysuru,MP_034,Vendor_069,1686156.66,0.0,0.0,0,0,0,0,1,1,60.0,1
MPLAD102093,Rajasthan,Udaipur,MP_052,Vendor_067,1265835.59,1265835.59,1.0,0,0,0,0,0,1,27.9,0
MPLAD102094,Kerala,Thiruvananthapuram,MP_134,Vendor_061,671375.58,105548.45,0.15721222687307157,0,0,0,0,0,-1,49.8,1
MPLAD102095,Chhattisgarh,Raipur,MP_020,Vendor_022,4980665.42,2012711.26,0.40410489167128194,0,0,0,0,0,1,12.7,0
MPLAD102096,Haryana,Faridabad,MP_137,Vendor_030,2372628.84,2009434.68,0.8469233139726987,0,0,0,0,0,1,10.9,0
MPLAD102097,Odisha,Rourkela,MP_013,Vendor_054,825367.3,802782.36,0.9726364977144114,0,0,0,0,0,-1,61.1,1
MPLAD102098,Chhattisgarh,Bilaspur,MP_081,Vendor_009,919535.0,151127.88,0.16435250425486794,0,0,0,0,0,1,19.8,0
MPLAD102099,Uttar Pradesh,Varanasi,MP_007,Vendor_094,693554.61,371442.31,0.5355631764887266,0,0,0,0,0,1,26.1,0
MPLAD102100,Telangana,Hyderabad,MP_143,Vendor_013,781589.3,356300.59,0.4558667704381316,0,0,0,0,0,1,21.0,0
MPLAD102101,Assam,Dibrugarh,MP_075,Vendor_109,1170701.4,1147091.65,0.9798328164637029,0,0,0,0,0,1,37.4,0
MPLAD102102,Assam,Dibrugarh,MP_065,Vendor_108,1841860.02,2559976.03,1.3898863117730302,0,0,1,0,0,-1,90.0,1
MPLAD102103,Haryana,Gurugram,MP_091,Vendor_071,430415.29,430415.29,1.0,0,0,0,0,0,1,25.1,0
MPLAD102104,Maharashtra,Pune,MP_127,Vendor_024,713218.81,162294.66,0.22755241129997678,0,0,0,0,0,1,15.9,0
MPLAD102105,Andhra Pradesh,Guntur,MP_119,Vendor_108,965692.26,868445.94,0.8992988511681764,0,0,0,0,0,1,33.1,0
MPLAD102106,Karnataka,Mysuru,MP_034,Vendor_113,3839895.24,1634117.99,0.4255631697910592,0,0,0,0,0,1,23.4,0
MPLAD102107,Odisha,Cuttack,MP_079,Vendor_085,686449.83,411294.34,0.5991615439689162,0,0,0,0,0,1,10.0,0
MPLAD102108,Jharkhand,Ranchi,MP_109,Vendor_027,1588868.69,532855.81,0.33536805989927343,0,0,0,0,0,1,17.9,0
MPLAD102109,Andhra Pradesh,Vijayawada,MP_116,Vendor_077,2958066.28,1194353.29,0.40376150395115556,0,0,0,0,0,1,29.9,0
MPLAD102110,Bihar,Gaya,MP_060,Vendor_044,2788090.48,1307146.84,0.46883228839833063,0,0,0,0,0,1,21.2,0
MPLAD102111,Gujarat,Vadodara,MP_093,Vendor_109,1268875.86,114471.46,0.09021486152317532,0,0,0,0,0,1,17.4,0
MPLAD102112,Punjab,Jalandhar,MP_146,Vendor_089,238520.63,123799.28,0.5190296537452547,0,0,0,0,0,1,37.5,0
MPLAD102113,Punjab,Jalandhar,MP_114,Vendor_017,2644118.38,1923044.36,0.7272913249822045,0,0,0,0,0,1,18.7,0
MPLAD102114,Punjab,Ludhiana,MP_030,Vendor_089,2163946.59,950353.45,0.43917601958928204,0,0,0,0,0,1,38.4,0
MPLAD102115,Chhattisgarh,Bilaspur,MP_103,Vendor_058,1000000.0,409580.86,0.40958086,0,0,0,0,0,1,32.6,0
MPLAD102116,Andhra Pradesh,Guntur,MP_119,Vendor_094,2190377.6,0.0,0.0,0,0,0,0,1,-1,60.0,1
MPLAD102117,Kerala,Kochi,MP_085,Vendor_012,2368242.64,2223224.73,0.9387656030042597,0,0,0,0,0,-1,48.3,1
MPLAD102118,Haryana,Faridabad,MP_137,Vendor_082,5736415.52,0.0,0.0,0,1,0,0,1,1,85.0,1
MPLAD102119,Uttar Pradesh,Varanasi,MP_096,Vendor_073,1320112.93,1409051.61,1.0673720239979774,0,0,1,0,0,-1,90.0,1
MPLAD102120,Punjab,Jalandhar,MP_139,Vendor_026,1505543.69,1303639.48,0.865892825733938,0,0,0,0,0,-1,59.8,1
MPLAD102121,Karnataka,Mysuru,MP_034,Vendor_104,1678255.39,701664.22,0.41809144435400863,0,0,0,0,0,1,18.5,0
MPLAD102122,Chhattisgarh,Raipur,MP_048,Vendor_050,770034.36,0.0,0.0,0,1,0,0,1,1,85.0,1
MPLAD102123,Karnataka,Mysuru,MP_034,Vendor_035,927711.93,334354.55,0.36040772915359615,0,0,0,0,0,-1,47.0,1
MPLAD102124,Chhattisgarh,Bilaspur,MP_103,Vendor_109,3395261.33,2858804.23,0.841998288832748,0,0,0,0,0,-1,45.0,1
MPLAD102125,Maharashtra,Nashik,MP_068,Vendor_119,1476460.2,440783.01,0.29854039411289246,0,0,0,0,0,1,22.2,0
MPLAD102126,West Bengal,Kolkata,MP_057,Vendor_120,1067162.46,0.0,0.0,0,0,0,0,1,1,60.0,1
MPLAD102127,Telangana,Hyderabad,MP_143,Vendor_106,1481080.54,826790.07,0.5582343752892736,0,0,0,0,0,1,22.9,0
MPLAD102128,Gujarat,Ahmedabad,MP_015,Vendor_119,858194.32,353702.19,0.41214697156233804,0,0,0,0,0,-1,44.7,1
MPLAD102129,Odisha,Rourkela,MP_106,Vendor_003,702605.53,664371.31,0.9455822387278962,0,0,0,0,0,1,9.5,0
MPLAD102130,Maharashtra,Nashik,MP_068,Vendor_088,409000.45,0.0,0.0,0,1,0,0,1,1,85.0,1
MPLAD102131,Gujarat,Surat,MP_122,Vendor_041,456519.65,414285.77,0.9074872680726886,0,0,0,0,0,1,23.5,0
MPLAD102132,Gujarat,Surat,MP_006,Vendor_018,440112.51,0.0,0.0,0,0,0,0,1,1,60.0,1
MPLAD102133,Telangana,Hyderabad,MP_140,Vendor_077,2739510.06,2005221.46,0.7319635321945122,0,0,0,0,0,-1,56.1,1
MPLAD102134,Assam,Guwahati,MP_148,Vendor_098,1136463.59,283697.8,0.24963210655961268,0,0,0,0,0,1,19.2,0
MPLAD102135,Jharkhand,Jamshedpur,MP_132,Vendor_031,921570.44,786420.92,0.8533486816265505,0,0,0,0,0,-1,44.6,1
MPLAD102136,Gujarat,Surat,MP_006,Vendor_093,1954298.81,1820017.3,0.9312891614563281,0,0,0,0,0,1,35.5,0
MPLAD102137,Chhattisgarh,Bilaspur,MP_081,Vendor_097,2176340.17,2915006.54,1.339407589025938,0,0,1,0,0,-1,96.3,1
MPLAD102138,Kerala,Thiruvananthapuram,MP_102,Vendor_051,573753.33,0.0,0.0,0,0,0,0,1,1,60.0,1
MPLAD102139,Haryana,Gurugram,MP_003,Vendor_096,5160364.2,0.0,0.0,0,0,0,0,1,1,60.0,1
MPLAD102140,Madhya Pradesh,Indore,MP_150,Vendor_001,1000000.0,0.0,0.0,0,0,0,0,1,-1,60.0,1
MPLAD102141,Maharashtra,Nashik,MP_011,Vendor_030,1747232.34,236502.49,0.13535835194076135,0,0,0,0,0,1,20.6,0
MPLAD102142,Tamil Nadu,Madurai,MP_136,Vendor_030,519328.53,519328.53,1.0,0,0,0,0,0,1,18.8,0
MPLAD102143,Haryana,Faridabad,MP_137,Vendor_076,1141199.79,350394.25,0.30704023350722837,0,0,0,0,0,1,22.8,0
MPLAD102144,Uttar Pradesh,Varanasi,MP_096,Vendor_084,1056200.77,728955.76,0.6901677983059982,0,0,0,0,0,1,38.2,0
MPLAD102145,Kerala,Kochi,MP_086,Vendor_106,1579058.51,1349929.08,0.8548949082323746,0,0,0,0,0,-1,62.5,1
MPLAD102146,Punjab,Jalandhar,MP_114,Vendor_011,463054.94,0.0,0.0,0,0,0,0,1,-1,72.8,1
MPLAD102147,Gujarat,Vadodara,MP_040,Vendor_094,1905423.88,512246.71,0.2688360922610039,0,0,0,0,0,1,28.9,0
MPLAD102148,Madhya Pradesh,Bhopal,MP_084,Vendor_058,1021181.04,458018.81,0.4485187171120999,0,0,0,0,0,-1,48.2,1
MPLAD102149,Rajasthan,Udaipur,MP_044,Vendor_047,1674690.39,814231.6,0.4861982876727441,0,0,0,0,0,1,38.9,0
MPLAD102150,Punjab,Jalandhar,MP_115,Vendor_102,988515.71,988515.71,1.0,0,0,0,0,0,1,37.3,0
MPLAD102151,Haryana,Gurugram,MP_091,Vendor_056,2487348.18,622576.17,0.25029715381463,0,0,0,0,0,1,13.2,0
MPLAD102152,Punjab,Jalandhar,MP_139,Vendor_045,830564.09,239403.45,0.28824199466654044,0,0,0,0,0,1,14.3,0
MPLAD102153,Assam,Guwahati,MP_133,Vendor_086,1131842.48,496252.53,0.43844663791025057,0,0,0,0,0,-1,44.8,1
MPLAD102154,Chhattisgarh,Bilaspur,MP_103,Vendor_046,1124046.95,741772.85,0.659912693148627,0,0,0,0,0,1,24.5,0
MPLAD102155,Chhattisgarh,Bilaspur,MP_094,Vendor_046,1419338.85,1238029.95,0.8722581996540149,0,0,0,0,0,1,30.4,0
MPLAD102156,Chhattisgarh,Bilaspur,MP_103,Vendor_079,631422.88,0.0,0.0,0,0,0,0,1,1,60.0,1
MPLAD102157,Gujarat,Ahmedabad,MP_100,Vendor_062,465366.73,393404.34,0.8453641282005699,0,0,0,0,0,1,32.9,0
MPLAD102158,Gujarat,Ahmedabad,MP_015,Vendor_115,880980.92,750137.76,0.8514801432930011,0,0,0,0,0,1,37.7,0
MPLAD102159,Bihar,Patna,MP_028,Vendor_029,469072.51,125264.38,0.26704694333931445,0,0,0,0,0,1,6.3,0
MPLAD102160,Chhattisgarh,Bilaspur,MP_130,Vendor_008,1425241.25,0.0,0.0,0,0,0,0,1,1,60.0,1
MPLAD102161,Uttar Pradesh,Varanasi,MP_096,Vendor_066,2116787.33,1021966.35,0.48279122589041573,0,0,0,0,0,1,36.6,0
MPLAD102162,Gujarat,Ahmedabad,MP_002,Vendor_015,11533656.47,8887297.06,0.770553300518062,0,0,0,0,0,1,35.4,0
MPLAD102163,Rajasthan,Jodhpur,MP_063,Vendor_082,1019579.87,601701.76,0.5901467630976277,0,0,0,0,0,1,31.0,0
MPLAD102164,West Bengal,Kolkata,MP_089,Vendor_014,2245337.35,2062960.3,0.9187752121078822,0,0,0,0,0,1,22.8,0
MPLAD102165,Gujarat,Ahmedabad,MP_027,Vendor_005,1020483.98,651853.65,0.6387691161991588,0,0,0,0,0,-1,49.6,1
MPLAD102166,Rajasthan,Jaipur,MP_004,Vendor_012,451636.88,223896.46,0.49574441307804623,0,0,0,0,0,1,26.6,0
MPLAD102167,Telangana,Hyderabad,MP_041,Vendor_093,1692930.57,696129.62,0.4111979737007171,0,0,0,0,0,1,19.8,0
MPLAD102168,Odisha,Cuttack,MP_079,Vendor_053,647872.88,592715.38,0.9148636998048135,0,0,0,0,0,1,19.9,0
MPLAD102169,Maharashtra,Nashik,MP_011,Vendor_010,1394668.38,1799145.72,1.290016856910458,0,0,1,0,0,-1,90.0,1
MPLAD102170,Tamil Nadu,Madurai,MP_042,Vendor_097,604772.31,604772.31,1.0,0,0,0,0,0,-1,92.1,1
MPLAD102171,Gujarat,Ahmedabad,MP_095,Vendor_092,1159173.76,1065590.51,0.9192672805153905,0,0,0,0,0,-1,41.4,1
MPLAD102172,Madhya Pradesh,Indore,MP_038,Vendor_109,921532.89,338940.37,0.3678006218530084,0,0,0,0,0,1,18.2,0
MPLAD102173,West Bengal,Kolkata,MP_057,Vendor_113,1576654.03,111835.04,0.07093188351537083,0,0,0,0,0,1,23.3,0
MPLAD102174,Maharashtra,Pune,MP_127,Vendor_104,1505870.08,0.0,0.0,0,1,0,0,1,1,85.0,1
MPLAD102175,Chhattisgarh,Bilaspur,MP_103,Vendor_107,1172065.64,856168.23,0.7304780558194677,0,0,0,0,0,1,27.1,0
MPLAD102176,Kerala,Kochi,MP_104,Vendor_090,958002.42,921292.07,0.9616803160058822,0,0,0,0,0,-1,57.6,1
MPLAD102177,Tamil Nadu,Chennai,MP_066,Vendor_033,1418876.42,1376451.36,0.9700995383375249,0,0,0,0,0,-1,46.0,1
MPLAD102178,Bihar,Patna,MP_120,Vendor_033,1071407.24,0.0,0.0,0,0,0,0,1,1,60.0,1
MPLAD102179,Maharashtra,Mumbai,MP_061,Vendor_029,815039.02,0.0,0.0,0,0,0,0,1,1,60.0,1
MPLAD102180,Assam,Dibrugarh,MP_123,Vendor_089,2647411.66,2647411.66,1.0,0,0,0,0,0,-1,51.9,1
MPLAD102181,Rajasthan,Jodhpur,MP_099,Vendor_051,1609117.18,1424761.13,0.8854303140309521,0,0,0,0,0,-1,39.1,1
MPLAD102182,Telangana,Hyderabad,MP_143,Vendor_027,3058860.29,1008216.47,0.32960526941882656,0,0,0,0,0,1,21.0,0
MPLAD102183,Telangana,Hyderabad,MP_140,Vendor_083,2962536.64,2644270.41,0.8925696898722576,0,0,0,0,0,1,27.7,0
MPLAD102184,Haryana,Faridabad,MP_055,Vendor_083,1573654.94,0.0,0.0,0,0,0,0,1,1,60.0,1
MPLAD102185,Uttar Pradesh,Varanasi,MP_096,Vendor_080,1268992.17,1207256.88,0.9513509291393027,0,0,0,0,0,-1,43.3,1
MPLAD102186,Kerala,Thiruvananthapuram,MP_074,Vendor_100,2732017.21,1953218.44,0.7149363601556522,0,0,0,0,0,1,24.2,0
MPLAD102187,Kerala,Kochi,MP_108,Vendor_016,779915.62,235208.4,0.30158185573972734,0,0,0,0,0,-1,39.1,1
MPLAD102188,West Bengal,Kolkata,MP_009,Vendor_108,535481.56,0.0,0.0,0,0,0,0,1,1,60.0,1
MPLAD102189,Punjab,Jalandhar,MP_139,Vendor_054,920623.93,0.0,0.0,0,0,0,0,1,-1,66.2,1
MPLAD102190,Tamil Nadu,Coimbatore,MP_078,Vendor_078,865079.61,260824.25,0.301503176106532,0,0,0,0,0,-1,42.6,1
MPLAD102191,Gujarat,Ahmedabad,MP_027,Vendor_065,3133715.69,413749.24,0.1320315181496251,0,0,0,0,0,-1,54.1,1
MPLAD102192,Haryana,Gurugram,MP_138,Vendor_115,2753724.69,1001705.02,0.36376367747931987,0,0,0,0,0,1,32.7,0
MPLAD102193,Chhattisgarh,Bilaspur,MP_103,Vendor_027,880370.44,306346.0,0.34797397331968577,0,0,0,0,0,1,33.2,0
MPLAD102194,Rajasthan,Udaipur,MP_023,Vendor_109,3733648.11,1763741.76,0.47239099884000585,0,0,0,0,0,1,9.4,0
MPLAD102195,Assam,Guwahati,MP_148,Vendor_021,402046.04,70176.82,0.17454921331895226,0,0,0,0,0,1,34.1,0
MPLAD102196,Gujarat,Ahmedabad,MP_021,Vendor_114,953360.11,0.0,0.0,0,0,0,0,1,-1,60.0,1
MPLAD102197,Kerala,Kochi,MP_085,Vendor_115,1206738.37,698866.25,0.5791365115870144,0,0,0,0,0,1,27.0,0
MPLAD102198,Odisha,Rourkela,MP_013,Vendor_018,1436292.4,0.0,0.0,0,0,0,0,1,1,60.0,1
MPLAD102199,Haryana,Panipat,MP_026,Vendor_032,1184304.33,449736.84,0.3797476954255499,0,0,0,0,0,-1,47.4,1
MPLAD102200,Gujarat,Ahmedabad,MP_015,Vendor_106,752526.11,690713.84,0.9178602985616007,0,0,0,0,0,1,29.9,0
MPLAD102201,Tamil Nadu,Madurai,MP_125,Vendor_004,1116012.0,1103904.74,0.9891513173693472,0,0,0,0,0,1,19.6,0
MPLAD102202,Maharashtra,Nashik,MP_011,Vendor_106,1716933.28,1293285.95,0.7532534694650452,0,0,0,0,0,1,36.5,0
MPLAD102203,Odisha,Bhubaneswar,MP_092,Vendor_063,1722046.77,1593854.59,0.925558247178153,0,0,0,0,0,1,27.5,0
MPLAD102204,Assam,Dibrugarh,MP_131,Vendor_022,600607.48,0.0,0.0,0,0,0,0,1,-1,60.0,1
MPLAD102205,Kerala,Kozhikode,MP_043,Vendor_112,1230653.28,513179.09,0.41699729594025053,0,0,0,0,0,1,33.9,0
MPLAD102206,Punjab,Jalandhar,MP_115,Vendor_081,631788.64,0.0,0.0,0,0,0,0,1,1,60.0,1
MPLAD102207,Bihar,Gaya,MP_060,Vendor_082,1783960.49,0.0,0.0,0,1,0,0,1,1,85.0,1
MPLAD102208,Punjab,Ludhiana,MP_141,Vendor_091,944813.94,452335.46,0.478756124195204,0,0,0,0,0,1,34.1,0
MPLAD102209,Punjab,Amritsar,MP_012,Vendor_023,1380713.91,1153893.65,0.8357224778013571,0,0,0,0,0,1,32.1,0
MPLAD102210,Rajasthan,Udaipur,MP_044,Vendor_107,1281675.28,603665.61,0.4709973106448616,0,0,0,0,0,-1,41.5,1
MPLAD102211,Punjab,Ludhiana,MP_030,Vendor_053,2395958.41,2395958.41,1.0,0,0,0,0,0,1,35.4,0
MPLAD102212,West Bengal,Kolkata,MP_009,Vendor_079,738900.36,128208.83,0.17351301601747765,0,0,0,0,0,1,37.7,0
MPLAD102213,Punjab,Amritsar,MP_098,Vendor_041,5750763.99,3798450.57,0.6605123382919422,0,0,0,0,0,1,33.1,0
MPLAD102214,Andhra Pradesh,Guntur,MP_036,Vendor_025,1840401.06,940219.57,0.5108775420940042,0,0,0,0,0,1,28.0,0
MPLAD102215,Assam,Silchar,MP_088,Vendor_027,628716.16,0.0,0.0,0,0,0,0,1,1,60.0,1
MPLAD102216,Punjab,Ludhiana,MP_149,Vendor_026,1554506.46,874666.25,0.5626649180988287,0,0,0,0,0,1,38.5,0
MPLAD102217,Rajasthan,Udaipur,MP_044,Vendor_021,408186.51,378857.7,0.9281485074065775,0,0,0,0,0,1,38.6,0
MPLAD102218,Gujarat,Ahmedabad,MP_095,Vendor_052,2684643.28,716932.87,0.26704958358564496,0,0,0,0,0,-1,71.4,1
MPLAD102219,Assam,Silchar,MP_016,Vendor_020,3810455.24,650839.33,0.1708035625685502,0,0,0,0,0,1,6.2,0
MPLAD102220,Assam,Silchar,MP_088,Vendor_054,566724.64,340501.93,0.6008242909643032,0,0,0,0,0,-1,43.0,1
MPLAD102221,West Bengal,Kolkata,MP_054,Vendor_103,1036524.58,1003373.45,0.9680170343861986,0,0,0,0,0,-1,52.9,1
MPLAD102222,Haryana,Faridabad,MP_137,Vendor_006,655026.86,141802.3,0.21648318360563107,0,0,0,0,0,1,13.6,0
MPLAD102223,West Bengal,Kolkata,MP_056,Vendor_073,1140768.48,432030.57,0.3787188878149929,0,0,0,0,0,1,14.4,0
MPLAD102224,Kerala,Thiruvananthapuram,MP_102,Vendor_037,3024021.98,3024021.98,1.0,0,0,0,0,0,1,22.5,0
MPLAD102225,Chhattisgarh,Bilaspur,MP_081,Vendor_106,1811749.32,537773.64,0.29682563369197235,0,0,0,0,0,1,14.0,0
MPLAD102226,Gujarat,Surat,MP_122,Vendor_072,589722.48,0.0,0.0,0,0,0,0,1,-1,60.0,1
MPLAD102227,Jharkhand,Ranchi,MP_107,Vendor_014,472820.93,330112.69,0.6981769821399404,0,0,0,0,0,1,11.8,0
MPLAD102228,Madhya Pradesh,Bhopal,MP_084,Vendor_107,644791.29,0.0,0.0,0,0,0,0,1,-1,67.8,1
MPLAD102229,Tamil Nadu,Madurai,MP_042,Vendor_045,1663417.78,0.0,0.0,0,0,0,0,1,1,60.0,1
MPLAD102230,Chhattisgarh,Raipur,MP_048,Vendor_059,1225771.7,1154405.97,0.9417789381171061,0,0,0,0,0,1,27.0,0
MPLAD102231,Kerala,Kozhikode,MP_043,Vendor_047,1123351.45,890165.62,0.7924195228483482,0,0,0,0,0,-1,99.1,1
MPLAD102232,Jharkhand,Jamshedpur,MP_031,Vendor_014,569103.75,226798.72,0.3985191100919648,0,0,0,0,0,1,22.3,0
MPLAD102233,Jharkhand,Ranchi,MP_107,Vendor_021,3606552.26,1410857.39,0.3911928313496835,0,0,0,0,0,1,12.5,0
MPLAD102234,West Bengal,Kolkata,MP_056,Vendor_071,1815803.23,1643966.75,0.9053661337522789,0,0,0,0,0,1,18.5,0
MPLAD102235,West Bengal,Kolkata,MP_056,Vendor_061,1364372.38,1152374.98,0.844619106112365,0,0,0,0,0,-1,52.1,1
MPLAD102236,Odisha,Cuttack,MP_039,Vendor_062,1835008.01,1005049.83,0.5477086882034918,0,0,0,0,0,1,18.7,0
MPLAD102237,Gujarat,Ahmedabad,MP_027,Vendor_109,638455.58,558428.83,0.8746557278111659,0,0,0,0,0,-1,48.5,1
MPLAD102238,Odisha,Bhubaneswar,MP_092,Vendor_038,844200.16,0.0,0.0,0,1,0,0,1,1,85.0,1
MPLAD102239,Maharashtra,Pune,MP_127,Vendor_036,1655000.31,1456020.45,0.879770499861719,0,0,0,0,0,-1,76.7,1
MPLAD102240,Gujarat,Surat,MP_097,Vendor_085,654075.7,626711.31,0.9581632676462374,0,0,0,0,0,1,16.0,0
MPLAD102241,Gujarat,Vadodara,MP_025,Vendor_064,2789242.13,1704974.77,0.6112681117433143,0,0,0,0,0,1,25.5,0
MPLAD102242,Punjab,Ludhiana,MP_030,Vendor_019,2234007.9,619283.37,0.2772073321674467,0,0,0,0,0,1,24.1,0
MPLAD102243,Haryana,Faridabad,MP_055,Vendor_089,947141.31,799432.81,0.84404808612983,0,0,0,0,0,-1,65.9,1
MPLAD102244,Bihar,Bhagalpur,MP_077,Vendor_112,1753125.19,1679395.99,0.9579441329001724,0,0,0,0,0,-1,39.6,1
MPLAD102245,Odisha,Cuttack,MP_039,Vendor_115,574620.39,0.0,0.0,0,0,0,0,1,1,60.0,1
MPLAD102246,Jharkhand,Jamshedpur,MP_118,Vendor_086,1635273.9,1362385.58,0.8331237843397367,0,0,0,0,0,1,38.9,0
MPLAD102247,Karnataka,Mysuru,MP_062,Vendor_053,2418747.91,2276575.27,0.9412205631631946,0,0,0,0,0,1,25.0,0
MPLAD102248,Rajasthan,Udaipur,MP_052,Vendor_052,537196.33,435880.35,0.8113985998377912,0,0,0,0,0,-1,67.8,1
MPLAD102249,Punjab,Amritsar,MP_012,Vendor_041,4872027.12,104463.08,0.021441399529812142,0,1,0,0,0,1,85.0,1
MPLAD102250,Assam,Silchar,MP_076,Vendor_050,1625468.66,987178.27,0.6073191654153456,0,0,0,0,0,1,12.0,0
MPLAD102251,Rajasthan,Udaipur,MP_023,Vendor_025,1349865.62,1124145.58,0.8327833254987262,0,0,0,0,0,1,11.8,0
MPLAD102252,Assam,Dibrugarh,MP_131,Vendor_057,3832135.4,1459936.07,0.3809719432147413,0,0,0,0,0,1,27.6,0
MPLAD102253,Chhattisgarh,Raipur,MP_113,Vendor_113,655546.15,355083.54,0.5416606290800426,0,0,0,0,0,1,4.2,0
MPLAD102254,Gujarat,Surat,MP_097,Vendor_109,911720.82,813460.18,0.8922250782865747,0,0,0,0,0,1,11.8,0
MPLAD102255,Maharashtra,Nashik,MP_068,Vendor_082,541458.48,178749.94,0.3301267716778579,0,0,0,0,0,-1,49.6,1
MPLAD102256,Gujarat,Ahmedabad,MP_015,Vendor_054,1605888.13,206435.74,0.12854926575738498,0,0,0,0,0,-1,50.8,1
MPLAD102257,Telangana,Hyderabad,MP_142,Vendor_073,5814379.78,168499.04,0.02897971002506479,0,1,0,0,0,1,85.0,1
MPLAD102258,Assam,Silchar,MP_129,Vendor_088,1583457.33,18015.9,0.011377572138303215,0,1,0,0,0,1,85.0,1
MPLAD102259,Odisha,Rourkela,MP_090,Vendor_033,586863.1,547280.3,0.932551901797881,0,0,0,0,0,-1,61.9,1
MPLAD102260,Punjab,Jalandhar,MP_144,Vendor_065,1566527.11,1852964.73,1.1828488113429456,0,0,1,0,0,-1,90.0,1
MPLAD102261,Madhya Pradesh,Indore,MP_150,Vendor_048,598520.58,183983.07,0.3073963972968148,0,0,0,0,0,-1,39.2,1
MPLAD102262,Gujarat,Vadodara,MP_040,Vendor_033,2176397.8,2088293.28,0.9595181910218804,0,0,0,0,0,1,38.9,0
MPLAD102263,Bihar,Gaya,MP_060,Vendor_053,3133767.27,1571298.49,0.5014088011711221,0,0,0,0,0,1,27.4,0
MPLAD102264,Jharkhand,Ranchi,MP_107,Vendor_052,1604289.12,818211.47,0.5100149716155901,0,0,0,0,0,1,37.6,0
MPLAD102265,Assam,Dibrugarh,MP_131,Vendor_050,416233.37,144719.67,0.3476887737280651,0,0,0,0,0,1,9.8,0
MPLAD102266,Punjab,Amritsar,MP_098,Vendor_002,3202904.44,0.0,0.0,0,0,0,0,1,1,60.0,1
MPLAD102267,West Bengal,Siliguri,MP_071,Vendor_019,907072.09,0.0,0.0,0,0,0,0,1,1,60.0,1
MPLAD102268,Odisha,Cuttack,MP_039,Vendor_024,530776.53,0.0,0.0,0,0,0,0,1,1,60.0,1
MPLAD102269,Chhattisgarh,Bilaspur,MP_080,Vendor_078,907616.12,907616.12,1.0,0,0,0,0,0,1,34.1,0
MPLAD102270,Odisha,Cuttack,MP_039,Vendor_019,1612546.06,1388386.89,0.8609905319541693,0,0,0,0,0,1,33.3,0
MPLAD102271,Punjab,Jalandhar,MP_139,Vendor_093,2110431.22,0.0,0.0,0,0,0,0,1,1,60.0,1
MPLAD102272,Telangana,Hyderabad,MP_041,Vendor_088,1572484.96,53018.35,0.0337162843198195,0,1,0,0,0,1,85.0,1
MPLAD102273,Haryana,Gurugram,MP_003,Vendor_022,1047574.23,0.0,0.0,0,0,0,0,1,1,60.0,1
MPLAD102274,Maharashtra,Mumbai,MP_067,Vendor_006,519635.67,0.0,0.0,0,0,0,0,1,1,60.0,1
MPLAD102275,Punjab,Jalandhar,MP_115,Vendor_055,791353.25,751409.03,0.9495241600385164,0,0,0,0,0,1,34.6,0
MPLAD102276,West Bengal,Kolkata,MP_054,Vendor_065,2297542.58,2287723.25,0.9957261597301931,0,0,0,0,0,1,13.9,0
MPLAD102277,Assam,Dibrugarh,MP_123,Vendor_016,446588.84,0.0,0.0,0,0,0,0,1,1,60.0,1
MPLAD102278,Haryana,Faridabad,MP_112,Vendor_072,1271061.64,0.0,0.0,0,0,0,0,1,1,60.0,1
MPLAD102279,Punjab,Ludhiana,MP_141,Vendor_019,713853.14,642422.85,0.8999369954441889,0,0,0,0,0,1,28.2,0
MPLAD102280,Rajasthan,Udaipur,MP_044,Vendor_110,1729083.95,0.0,0.0,0,0,0,0,1,1,60.0,1
MPLAD102281,Andhra Pradesh,Guntur,MP_036,Vendor_023,411533.72,353270.19,0.8584234361160005,0,0,0,0,0,-1,40.0,1
MPLAD102282,Gujarat,Surat,MP_006,Vendor_071,1246196.4,879317.73,0.7056012439130782,0,0,0,0,0,1,25.3,0
MPLAD102283,Jharkhand,Jamshedpur,MP_118,Vendor_017,3151785.63,1105311.14,0.3506936288684075,0,0,0,0,0,1,10.2,0
MPLAD102284,Gujarat,Surat,MP_006,Vendor_034,1278177.89,361213.63,0.28260043678270796,0,0,0,0,0,1,19.2,0
MPLAD102285,Telangana,Hyderabad,MP_041,Vendor_062,1810515.67,0.0,0.0,0,0,0,0,1,1,60.0,1
MPLAD102286,West Bengal,Kolkata,MP_054,Vendor_026,1311148.45,409623.67,0.3124159358156584,0,0,0,0,0,1,28.9,0
MPLAD102287,Jharkhand,Ranchi,MP_051,Vendor_032,1182359.9,567663.74,0.4801107852186124,0,0,0,0,0,1,9.9,0
MPLAD102288,Kerala,Kochi,MP_008,Vendor_078,20695073.47,15388285.72,0.7435724131304571,0,0,0,0,0,-1,65.6,1
MPLAD102289,Rajasthan,Jodhpur,MP_063,Vendor_099,2347902.9,1027560.68,0.43765041561131,0,0,0,0,0,1,16.7,0
MPLAD102290,Punjab,Ludhiana,MP_149,Vendor_014,3475499.85,17607.3,0.005066120201386284,0,1,0,0,0,1,85.0,1
MPLAD102291,Haryana,Faridabad,MP_137,Vendor_107,600731.26,222569.96,0.370498382254987,0,0,0,0,0,1,21.4,0
MPLAD102292,Haryana,Gurugram,MP_003,Vendor_097,2602021.93,2362226.38,0.907842609919894,0,0,0,0,0,-1,65.2,1
MPLAD102293,Assam,Dibrugarh,MP_065,Vendor_039,793686.7,767546.93,0.9670653798280859,0,0,0,0,0,1,19.2,0
MPLAD102294,Punjab,Jalandhar,MP_146,Vendor_045,2121521.4,2043286.73,0.9631233180113102,0,0,0,0,0,1,31.8,0
MPLAD102295,West Bengal,Kolkata,MP_009,Vendor_032,811332.33,631472.49,0.7783154530523886,0,0,0,0,0,1,26.6,0
MPLAD102296,Gujarat,Vadodara,MP_093,Vendor_120,1274238.59,1241756.67,0.9745087613458637,0,0,0,0,0,1,23.6,0
MPLAD102297,West Bengal,Kolkata,MP_056,Vendor_091,1791550.1,666188.75,0.37185047183441866,0,0,0,0,0,-1,40.9,1
MPLAD102298,Assam,Silchar,MP_129,Vendor_080,1421553.08,0.0,0.0,0,1,0,0,1,1,85.0,1
MPLAD102299,Maharashtra,Pune,MP_014,Vendor_035,3349105.32,1577047.72,0.47088627239707115,0,0,0,0,0,-1,41.3,1
MPLAD102300,Jharkhand,Ranchi,MP_051,Vendor_067,1817932.4,619535.16,0.34079108772141364,0,0,0,0,0,1,2.0,0
MPLAD102301,Chhattisgarh,Bilaspur,MP_080,Vendor_044,2914007.29,3570658.6,1.225343056708688,0,0,1,0,0,1,90.0,1
MPLAD102302,Gujarat,Ahmedabad,MP_095,Vendor_008,3813429.49,2953736.28,0.7745616610312623,0,0,0,0,0,-1,40.8,1
MPLAD102303,Assam,Silchar,MP_076,Vendor_113,258374.67,0.0,0.0,0,0,0,0,1,1,60.0,1
MPLAD102304,Uttar Pradesh,Lucknow,MP_049,Vendor_050,3728645.42,1027918.2,0.2756814028189358,0,0,0,0,0,1,37.8,0
MPLAD102305,West Bengal,Kolkata,MP_057,Vendor_002,691922.6,0.0,0.0,0,0,0,0,1,1,60.0,1
MPLAD102306,Punjab,Ludhiana,MP_030,Vendor_053,2282965.92,0.0,0.0,0,0,0,0,1,1,60.0,1
MPLAD102307,Kerala,Thiruvananthapuram,MP_074,Vendor_023,1100636.82,379885.0,0.34515018314579005,0,0,0,0,0,1,27.3,0
MPLAD102308,Maharashtra,Nashik,MP_068,Vendor_088,2325227.25,611574.2,0.2630169588800406,0,0,0,0,0,1,17.3,0
MPLAD102309,Tamil Nadu,Madurai,MP_042,Vendor_006,228363.67,137628.15,0.6026709502435303,0,0,0,0,0,1,10.5,0
MPLAD102310,Punjab,Amritsar,MP_098,Vendor_057,2533748.7,2470023.78,0.974849549996809,0,0,0,0,0,-1,39.3,1
MPLAD102311,Maharashtra,Pune,MP_127,Vendor_085,887460.25,330565.51,0.37248486340655823,0,0,0,0,0,1,22.4,0
MPLAD102312,Gujarat,Surat,MP_053,Vendor_059,438668.16,169181.67,0.38567118707681003,0,0,0,0,0,-1,39.7,1
MPLAD102313,Kerala,Thiruvananthapuram,MP_102,Vendor_059,2500000.0,2500000.0,1.0,0,0,0,0,1,1,60.0,1
MPLAD102314,Bihar,Patna,MP_050,Vendor_095,629320.64,629320.64,1.0,0,0,0,0,0,-1,40.9,1
MPLAD102315,Odisha,Cuttack,MP_039,Vendor_120,1118222.29,0.0,0.0,0,1,0,0,1,1,85.0,1
MPLAD102316,Chhattisgarh,Bilaspur,MP_094,Vendor_059,1911498.39,1877481.33,0.9822039818720434,0,0,0,0,0,-1,54.5,1
MPLAD102317,Uttar Pradesh,Varanasi,MP_007,Vendor_067,2109713.22,1856521.86,0.8799877833632762,0,0,0,0,0,1,34.9,0
MPLAD102318,Chhattisgarh,Raipur,MP_048,Vendor_048,5589719.24,679794.43,0.12161512963574178,0,0,0,0,0,1,15.5,0
MPLAD102319,West Bengal,Kolkata,MP_056,Vendor_119,957441.17,358722.8,0.3746682420184626,0,0,0,0,0,1,20.8,0
MPLAD102320,Punjab,Ludhiana,MP_101,Vendor_050,726566.0,835858.77,1.150423733012555,0,0,1,0,0,1,90.0,1
MPLAD102321,Odisha,Bhubaneswar,MP_092,Vendor_114,1643261.88,0.0,0.0,0,0,0,0,1,1,60.0,1
MPLAD102322,Uttar Pradesh,Lucknow,MP_049,Vendor_049,1069048.4,0.0,0.0,0,1,0,0,1,1,85.0,1
MPLAD102323,Gujarat,Ahmedabad,MP_021,Vendor_032,648404.02,634018.52,0.9778139870261754,0,0,0,0,0,1,27.7,0
MPLAD102324,Assam,Dibrugarh,MP_075,Vendor_034,668557.64,640189.21,0.9575677124862412,0,0,0,0,0,1,33.6,0
MPLAD102325,Gujarat,Vadodara,MP_025,Vendor_107,1594841.09,1395849.04,0.8752276629642142,0,0,0,0,0,1,31.7,0
MPLAD102326,Gujarat,Surat,MP_122,Vendor_086,2017021.99,1828942.12,0.9067536839298416,0,0,0,0,0,-1,56.4,1
MPLAD102327,Maharashtra,Nashik,MP_011,Vendor_117,1847460.03,1514856.96,0.8199673797543539,0,0,0,0,0,1,25.0,0
MPLAD102328,Jharkhand,Jamshedpur,MP_031,Vendor_110,1500000.0,1500000.0,1.0,0,0,0,0,1,-1,79.6,1
MPLAD102329,Jharkhand,Jamshedpur,MP_031,Vendor_038,1603350.11,1445776.38,0.9017221946615264,0,0,0,0,0,1,25.4,0
MPLAD102330,Gujarat,Vadodara,MP_025,Vendor_036,653175.22,0.0,0.0,0,0,0,0,1,1,60.0,1
MPLAD102331,Rajasthan,Jaipur,MP_004,Vendor_017,562771.92,0.0,0.0,0,0,0,0,1,1,60.0,1
MPLAD102332,Karnataka,Mysuru,MP_062,Vendor_056,332239.7,163073.14,0.49082978343647676,0,0,0,0,0,1,15.5,0
MPLAD102333,Karnataka,Hubballi,MP_029,Vendor_085,2058866.16,0.0,0.0,0,0,0,0,1,1,60.0,1
MPLAD102334,Bihar,Patna,MP_120,Vendor_093,1078622.68,432824.63,0.4012752911889448,0,0,0,0,0,1,1.1,0
MPLAD102335,Punjab,Jalandhar,MP_146,Vendor_101,597450.3,588920.57,0.9857231137050226,0,0,0,0,0,1,36.8,0
MPLAD102336,Tamil Nadu,Coimbatore,MP_078,Vendor_106,515814.23,453405.9,0.8790100653097531,0,0,0,0,0,1,21.5,0
MPLAD102337,Tamil Nadu,Madurai,MP_145,Vendor_068,1538142.69,995384.41,0.6471339859892973,0,0,0,0,0,-1,55.4,1
MPLAD102338,Rajasthan,Jodhpur,MP_099,Vendor_092,753569.2,596601.97,0.7917016380181143,0,0,0,0,0,1,29.7,0
MPLAD102339,Karnataka,Mysuru,MP_019,Vendor_058,658669.39,258096.15,0.39184476145156827,0,0,0,0,0,1,14.7,0
MPLAD102340,Punjab,Ludhiana,MP_149,Vendor_087,7371648.72,3651482.64,0.4953413786651516,0,0,0,0,0,1,22.4,0
MPLAD102341,Maharashtra,Nashik,MP_011,Vendor_110,1462993.47,312741.19,0.2137680013021521,0,0,0,0,0,1,20.2,0
MPLAD102342,Punjab,Jalandhar,MP_045,Vendor_052,998038.99,960122.53,0.9620090393462484,0,0,0,0,0,-1,54.7,1
MPLAD102343,Karnataka,Mysuru,MP_062,Vendor_076,815554.06,0.0,0.0,0,0,0,0,1,1,60.0,1
MPLAD102344,Rajasthan,Jaipur,MP_004,Vendor_017,845952.12,0.0,0.0,0,1,0,0,1,1,85.0,1
MPLAD102345,Assam,Dibrugarh,MP_131,Vendor_051,1797250.72,0.0,0.0,0,0,0,0,1,1,60.0,1
MPLAD102346,Odisha,Cuttack,MP_010,Vendor_004,549286.38,0.0,0.0,0,0,0,0,1,1,60.0,1
MPLAD102347,Haryana,Gurugram,MP_091,Vendor_066,708872.16,617263.63,0.8707686164455943,0,0,0,0,0,1,16.2,0
MPLAD102348,Tamil Nadu,Coimbatore,MP_078,Vendor_097,1126092.17,156145.97,0.1386618024348753,0,0,0,0,0,-1,56.4,1
MPLAD102349,Punjab,Jalandhar,MP_144,Vendor_107,845783.84,230758.22,0.27283356466115505,0,0,0,0,0,-1,46.7,1
MPLAD102350,Bihar,Patna,MP_028,Vendor_100,1229693.48,448831.03,0.3649942341728933,0,0,0,0,0,1,20.1,0
MPLAD102351,West Bengal,Kolkata,MP_009,Vendor_016,1964346.89,1017986.18,0.518231370020394,0,0,0,0,0,1,8.5,0
MPLAD102352,Chhattisgarh,Bilaspur,MP_130,Vendor_054,742165.66,380839.3,0.5131459464184855,0,0,0,0,0,-1,42.1,1
MPLAD102353,Chhattisgarh,Raipur,MP_005,Vendor_033,2662368.38,297440.55,0.11172028342674352,0,0,0,0,0,1,39.0,0
MPLAD102354,Rajasthan,Udaipur,MP_044,Vendor_009,1228506.68,0.0,0.0,0,0,0,0,1,1,60.0,1
MPLAD102355,Rajasthan,Jaipur,MP_121,Vendor_084,507366.24,333753.46,0.6578156638880822,0,0,0,0,0,1,25.3,0
MPLAD102356,Haryana,Gurugram,MP_126,Vendor_077,1280972.36,223717.53,0.174646648894126,0,0,0,0,0,1,23.7,0
MPLAD102357,Maharashtra,Pune,MP_014,Vendor_069,2537020.52,2068768.05,0.8154321313885156,0,0,0,0,0,1,36.8,0
MPLAD102358,Telangana,Hyderabad,MP_142,Vendor_023,2358493.75,2274327.38,0.9643135072967651,0,0,0,0,0,-1,52.4,1
MPLAD102359,Chhattisgarh,Raipur,MP_020,Vendor_090,1871608.89,1859000.07,0.993263111717748,0,0,0,0,0,1,37.5,0
MPLAD102360,Odisha,Rourkela,MP_106,Vendor_008,3909736.14,3401855.48,0.8700984818888571,0,0,0,0,0,-1,43.8,1
MPLAD102361,Punjab,Jalandhar,MP_144,Vendor_030,673344.34,227028.02,0.33716481525633674,0,0,0,0,0,1,20.1,0
MPLAD102362,Assam,Guwahati,MP_133,Vendor_057,2121881.02,1095048.0,0.5160741764870492,0,0,0,0,0,1,12.2,0
MPLAD102363,West Bengal,Siliguri,MP_071,Vendor_059,1556713.27,341604.85,0.219439800882535,0,0,0,0,0,1,20.4,0
MPLAD102364,Maharashtra,Mumbai,MP_067,Vendor_017,1023338.54,194660.89,0.1902214002416053,0,0,0,0,0,1,23.2,0
MPLAD102365,Andhra Pradesh,Guntur,MP_036,Vendor_082,939702.24,761220.95,0.8100661226475314,0,0,0,0,0,-1,43.8,1
MPLAD102366,Bihar,Patna,MP_120,Vendor_064,936157.59,868541.23,0.927772459762891,0,0,0,0,0,-1,45.7,1
MPLAD102367,Jharkhand,Jamshedpur,MP_118,Vendor_091,627047.78,294956.18,0.470388683937291,0,0,0,0,0,1,25.7,0
MPLAD102368,Karnataka,Mysuru,MP_019,Vendor_017,567743.4,481006.3,0.8472248202268842,0,0,0,0,0,1,34.9,0
MPLAD102369,Jharkhand,Jamshedpur,MP_132,Vendor_058,578418.65,0.0,0.0,0,0,0,0,1,1,60.0,1
MPLAD102370,Madhya Pradesh,Bhopal,MP_033,Vendor_007,1021096.04,0.0,0.0,0,0,0,0,1,1,60.0,1
MPLAD102371,Gujarat,Ahmedabad,MP_047,Vendor_035,2443950.24,1145025.82,0.4685143753172323,0,0,0,0,0,-1,51.8,1
MPLAD102372,Assam,Silchar,MP_076,Vendor_016,1554930.32,111888.09,0.0719569800401088,0,0,0,0,0,1,17.0,0
MPLAD102373,Gujarat,Ahmedabad,MP_047,Vendor_119,1429024.97,0.0,0.0,0,0,0,0,1,1,60.0,1
MPLAD102374,Gujarat,Ahmedabad,MP_100,Vendor_112,441644.97,153778.3,0.3481943879039311,0,0,0,0,0,-1,39.2,1
MPLAD102375,Rajasthan,Udaipur,MP_044,Vendor_117,1237657.56,443909.62,0.3586691782499191,0,0,0,0,0,1,25.2,0
MPLAD102376,Jharkhand,Jamshedpur,MP_046,Vendor_106,1935214.24,87202.05,0.04506066987187941,0,1,0,0,0,1,85.0,1
MPLAD102377,Tamil Nadu,Madurai,MP_125,Vendor_114,1194596.67,369765.04,0.3095312830563976,0,0,0,0,0,1,9.9,0
MPLAD102378,Uttar Pradesh,Lucknow,MP_049,Vendor_110,592860.9,305871.87,0.5159251858235211,0,0,0,0,0,-1,50.1,1
MPLAD102379,Kerala,Kochi,MP_082,Vendor_006,748560.38,0.0,0.0,0,1,0,0,1,-1,85.0,1
MPLAD102380,Bihar,Bhagalpur,MP_070,Vendor_073,1003367.87,769690.77,0.7671072524975312,0,0,0,0,0,1,12.4,0
MPLAD102381,Karnataka,Mysuru,MP_059,Vendor_097,581171.91,218027.75,0.3751519064298892,0,0,0,0,0,-1,51.7,1
MPLAD102382,Uttar Pradesh,Lucknow,MP_049,Vendor_019,463566.13,139846.41,0.301675210826986,0,0,0,0,0,-1,52.3,1
MPLAD102383,Telangana,Hyderabad,MP_041,Vendor_020,1758139.1,2448617.08,1.3927322815356304,0,0,1,0,0,-1,90.0,1
MPLAD102384,Kerala,Thiruvananthapuram,MP_134,Vendor_073,245472.46,0.0,0.0,0,0,0,0,1,1,60.0,1
MPLAD102385,Gujarat,Ahmedabad,MP_002,Vendor_072,811046.23,1067502.95,1.3162048111610112,0,0,1,0,0,-1,90.0,1
MPLAD102386,Kerala,Kochi,MP_082,Vendor_061,1100116.52,646689.45,0.5878372320052061,0,0,0,0,0,-1,44.5,1
MPLAD102387,Haryana,Panipat,MP_026,Vendor_083,2629082.79,1826630.29,0.694778535292911,0,0,0,0,0,-1,41.0,1
MPLAD102388,Punjab,Jalandhar,MP_115,Vendor_120,1438636.72,1418993.43,0.9863458997487565,0,0,0,0,0,1,31.3,0
MPLAD102389,Haryana,Faridabad,MP_137,Vendor_011,2399792.89,532234.91,0.22178368484123645,0,0,0,0,0,-1,48.5,1
MPLAD102390,Assam,Dibrugarh,MP_131,Vendor_117,796069.52,485113.46,0.6093857983659517,0,0,0,0,0,1,28.9,0
MPLAD102391,Bihar,Bhagalpur,MP_077,Vendor_031,1016116.59,31330.39,0.030833459770595813,0,0,0,0,0,1,17.7,0
MPLAD102392,Assam,Guwahati,MP_024,Vendor_079,783601.34,480325.7,0.6129720247798454,0,0,0,0,0,1,26.2,0
MPLAD102393,Assam,Guwahati,MP_024,Vendor_055,1845743.29,1413088.24,0.7655930527587073,0,0,0,0,0,1,29.7,0
MPLAD102394,Tamil Nadu,Coimbatore,MP_078,Vendor_057,275820.1,10297.39,0.03733371860861482,0,1,0,0,0,1,85.0,1
MPLAD102395,Tamil Nadu,Chennai,MP_066,Vendor_081,2472834.0,2253525.97,0.9113130804574833,0,0,0,0,0,1,38.9,0
MPLAD102396,Gujarat,Surat,MP_122,Vendor_028,1016758.84,1008155.66,0.9915386228655756,0,0,0,0,0,1,31.8,0
MPLAD102397,Assam,Silchar,MP_076,Vendor_065,2868416.0,1014504.02,0.3536809235480488,0,0,0,0,0,1,11.5,0
MPLAD102398,Punjab,Ludhiana,MP_030,Vendor_030,892975.85,340626.73,0.3814512228970134,0,0,0,0,0,1,22.1,0
MPLAD102399,Gujarat,Ahmedabad,MP_100,Vendor_037,3512862.4,0.0,0.0,0,0,0,0,1,1,60.0,1
MPLAD102400,Punjab,Amritsar,MP_064,Vendor_081,1797073.36,656128.43,0.36510942992332823,0,0,0,0,0,1,29.1,0
MPLAD102401,West Bengal,Siliguri,MP_071,Vendor_006,2913270.55,468337.74,0.16076012576312215,0,0,0,0,0,1,30.4,0
MPLAD102402,Tamil Nadu,Chennai,MP_066,Vendor_027,2004625.83,742539.36,0.3704129463402155,0,0,0,0,0,1,14.2,0
MPLAD102403,Andhra Pradesh,Vijayawada,MP_116,Vendor_112,569047.02,0.0,0.0,0,0,0,0,1,1,60.0,1
MPLAD102404,Karnataka,Mysuru,MP_019,Vendor_120,3714045.52,2197023.66,0.5915446238257198,0,0,0,0,0,1,20.5,0
MPLAD102405,Tamil Nadu,Madurai,MP_042,Vendor_108,434833.63,340869.89,0.7839087560913814,0,0,0,0,0,1,8.9,0
MPLAD102406,Uttar Pradesh,Varanasi,MP_007,Vendor_102,3999720.73,3999720.73,1.0,0,0,0,0,0,1,36.1,0
MPLAD102407,West Bengal,Kolkata,MP_056,Vendor_072,896058.28,761104.93,0.8493922181043849,0,0,0,0,0,1,35.1,0
MPLAD102408,West Bengal,Kolkata,MP_089,Vendor_092,528019.03,224272.0,0.42474226733835707,0,0,0,0,0,1,10.5,0
MPLAD102409,Gujarat,Vadodara,MP_093,Vendor_092,381154.69,263617.97,0.6916298734248816,0,0,0,0,0,1,38.9,0
MPLAD102410,Madhya Pradesh,Bhopal,MP_033,Vendor_075,3102626.23,0.0,0.0,0,1,0,0,1,1,85.0,1
MPLAD102411,Karnataka,Mysuru,MP_059,Vendor_103,818700.08,0.0,0.0,0,0,0,0,1,1,60.0,1
MPLAD102412,Kerala,Kochi,MP_008,Vendor_022,1648734.34,720680.86,0.4371115725047614,0,0,0,0,0,1,35.5,0
MPLAD102413,Punjab,Amritsar,MP_064,Vendor_024,1920926.48,1372400.06,0.7144469474958771,0,0,0,0,0,1,11.5,0
MPLAD102414,Assam,Dibrugarh,MP_131,Vendor_073,2498686.93,625323.72,0.2502609320488181,0,0,0,0,0,1,17.7,0
MPLAD102415,Kerala,Kochi,MP_073,Vendor_069,1485293.77,0.0,0.0,0,0,0,0,1,1,60.0,1
MPLAD102416,Odisha,Rourkela,MP_106,Vendor_117,1601730.56,1193349.4,0.7450375423941464,0,0,0,0,0,1,9.9,0
MPLAD102417,Madhya Pradesh,Indore,MP_150,Vendor_069,1420376.28,1340395.87,0.9436906887800183,0,0,0,0,0,1,29.3,0
MPLAD102418,Bihar,Bhagalpur,MP_070,Vendor_013,2000000.0,428217.52,0.21410876,0,0,0,0,0,1,18.0,0
MPLAD102419,Gujarat,Surat,MP_006,Vendor_034,1297403.75,653345.19,0.5035789283020031,0,0,0,0,0,1,17.3,0
MPLAD102420,Assam,Guwahati,MP_148,Vendor_018,1136217.62,439528.27,0.3868345836777289,0,0,0,0,0,1,27.8,0
MPLAD102421,Karnataka,Hubballi,MP_029,Vendor_031,5616806.55,2481818.38,0.44185576944963506,0,0,0,0,0,1,22.7,0
MPLAD102422,Bihar,Gaya,MP_060,Vendor_098,998303.54,745839.59,0.7471070271873422,0,0,0,0,0,-1,57.9,1
MPLAD102423,Rajasthan,Jaipur,MP_004,Vendor_053,483028.29,93693.29,0.19397060573822705,0,0,0,0,0,1,19.3,0
MPLAD102424,Haryana,Faridabad,MP_112,Vendor_063,2679176.42,1349925.18,0.5038582640257785,0,0,0,0,0,1,10.3,0
MPLAD102425,Assam,Dibrugarh,MP_123,Vendor_120,1977350.85,1782165.82,0.9012896320346994,0,0,0,0,0,-1,52.8,1
MPLAD102426,West Bengal,Kolkata,MP_001,Vendor_091,2182639.73,951829.66,0.43609105383598973,0,0,0,0,0,1,17.8,0
MPLAD102427,Rajasthan,Jodhpur,MP_099,Vendor_055,2368528.03,1689463.13,0.7132966587691175,0,0,0,0,0,1,25.0,0
MPLAD102428,Jharkhand,Ranchi,MP_109,Vendor_029,439833.32,280785.44,0.6383905612244202,0,0,0,0,0,1,23.3,0
MPLAD102429,Maharashtra,Nashik,MP_068,Vendor_033,1921024.79,602157.87,0.31345658480544647,0,0,0,0,0,-1,40.0,1
MPLAD102430,Jharkhand,Jamshedpur,MP_046,Vendor_057,538023.64,506440.16,0.9412972262705779,0,0,0,0,0,-1,39.5,1
MPLAD102431,Odisha,Cuttack,MP_017,Vendor_092,3618837.51,1389519.85,0.3839685661929596,0,0,0,0,0,1,14.8,0
MPLAD102432,Rajasthan,Udaipur,MP_044,Vendor_115,1347639.32,1205727.88,0.8946962752615439,0,0,0,0,0,-1,40.9,1
MPLAD102433,Bihar,Bhagalpur,MP_018,Vendor_078,2449555.62,0.0,0.0,0,1,0,0,1,1,85.0,1
MPLAD102434,Odisha,Rourkela,MP_090,Vendor_098,879745.3,475114.89,0.5400595945212779,0,0,0,0,0,1,33.0,0
MPLAD102435,Bihar,Bhagalpur,MP_147,Vendor_098,559783.64,729836.16,1.3037825828564764,0,0,1,0,0,-1,90.0,1
MPLAD102436,Tamil Nadu,Coimbatore,MP_037,Vendor_056,2082174.61,965357.05,0.4636292486536468,0,0,0,0,0,1,11.6,0
MPLAD102437,Maharashtra,Pune,MP_127,Vendor_051,454192.09,245628.62,0.5408033856335983,0,0,0,0,0,1,32.7,0
MPLAD102438,Telangana,Hyderabad,MP_041,Vendor_086,898673.05,256897.75,0.28586341829211415,0,0,0,0,0,1,31.1,0
MPLAD102439,Maharashtra,Mumbai,MP_105,Vendor_113,888738.73,831612.11,0.935721694046123,0,0,0,0,0,1,27.1,0
MPLAD102440,Telangana,Hyderabad,MP_041,Vendor_114,2304579.95,863904.92,0.3748643738742932,0,0,0,0,0,1,20.1,0
MPLAD102441,Tamil Nadu,Coimbatore,MP_078,Vendor_114,2533485.88,0.0,0.0,0,0,0,0,1,1,60.0,1
MPLAD102442,Bihar,Patna,MP_028,Vendor_083,1387293.2,699405.26,0.5041510042722044,0,0,0,0,0,1,11.8,0
MPLAD102443,Punjab,Jalandhar,MP_139,Vendor_118,388556.48,98809.2,0.25429816535294947,0,0,0,0,0,1,23.4,0
MPLAD102444,Chhattisgarh,Bilaspur,MP_094,Vendor_095,1220803.89,265247.92,0.21727316088417772,0,0,0,0,0,1,26.6,0
MPLAD102445,Bihar,Patna,MP_028,Vendor_013,863933.26,0.0,0.0,0,0,0,0,1,1,60.0,1
MPLAD102446,Kerala,Thiruvananthapuram,MP_074,Vendor_009,2402076.18,1921122.55,0.7997758630619284,0,0,0,0,0,1,17.9,0
MPLAD102447,Telangana,Hyderabad,MP_041,Vendor_072,377928.62,196808.72,0.5207563269487239,0,0,0,0,0,-1,46.8,1
MPLAD102448,Andhra Pradesh,Guntur,MP_119,Vendor_118,2791523.03,2568065.3,0.9199513213401647,0,0,0,0,0,-1,57.3,1
MPLAD102449,Punjab,Amritsar,MP_064,Vendor_095,549425.05,166977.78,0.30391366392922925,0,0,0,0,0,1,21.9,0
MPLAD102450,Maharashtra,Pune,MP_127,Vendor_071,1917313.46,1697096.84,0.8851431314731396,0,0,0,0,0,1,31.6,0
MPLAD102451,Kerala,Kozhikode,MP_043,Vendor_107,2826632.48,1058439.49,0.3744524615382612,0,0,0,0,0,-1,42.6,1
MPLAD102452,Haryana,Gurugram,MP_138,Vendor_109,5340280.8,0.0,0.0,0,0,0,0,1,1,60.0,1
MPLAD102453,Assam,Guwahati,MP_024,Vendor_076,600588.49,0.0,0.0,0,1,0,0,1,1,85.0,1
MPLAD102454,Chhattisgarh,Bilaspur,MP_130,Vendor_015,1048353.6,960613.79,0.9163070456380367,0,0,0,0,0,-1,39.1,1
MPLAD102455,Bihar,Bhagalpur,MP_147,Vendor_088,967642.72,0.0,0.0,0,1,0,0,1,1,85.0,1
MPLAD102456,Gujarat,Surat,MP_097,Vendor_098,1049000.82,478795.25,0.456429814802242,0,0,0,0,0,1,16.6,0
MPLAD102457,West Bengal,Kolkata,MP_001,Vendor_074,2958093.09,0.0,0.0,0,1,0,0,1,1,85.0,1
MPLAD102458,Uttar Pradesh,Lucknow,MP_049,Vendor_117,793383.4,0.0,0.0,0,0,0,0,1,-1,60.0,1
MPLAD102459,Kerala,Thiruvananthapuram,MP_134,Vendor_053,684481.93,302275.39,0.4416119356138445,0,0,0,0,0,1,16.0,0
MPLAD102460,Haryana,Gurugram,MP_138,Vendor_070,1137024.15,1106996.21,0.9735907632216959,0,0,0,0,0,1,35.1,0
MPLAD102461,Karnataka,Hubballi,MP_029,Vendor_032,465577.2,134725.07,0.28937213849819104,0,0,0,0,0,1,23.1,0
MPLAD102462,Gujarat,Vadodara,MP_040,Vendor_036,1410211.75,467864.35,0.3317688637894273,0,0,0,0,0,1,29.7,0
MPLAD102463,Karnataka,Mysuru,MP_034,Vendor_052,1691867.42,1533668.11,0.9064942630079136,0,0,0,0,0,-1,56.7,1
MPLAD102464,Punjab,Amritsar,MP_064,Vendor_003,628028.55,279601.1,0.44520444174074564,0,0,0,0,0,1,29.9,0
MPLAD102465,Kerala,Kochi,MP_022,Vendor_001,1509287.64,794359.97,0.5263145002631838,0,0,0,0,0,1,37.1,0
MPLAD102466,Rajasthan,Udaipur,MP_052,Vendor_049,2380376.87,1719200.74,0.7222388864835507,0,0,0,0,0,1,9.4,0
MPLAD102467,Maharashtra,Nashik,MP_068,Vendor_001,1365144.25,0.0,0.0,0,0,0,0,1,1,60.0,1
MPLAD102468,Tamil Nadu,Madurai,MP_136,Vendor_111,2513096.2,459075.03,0.18267308270968696,0,0,0,0,0,1,17.0,0
MPLAD102469,Haryana,Panipat,MP_026,Vendor_079,834669.47,230187.59,0.27578292758210027,0,0,0,0,0,1,25.2,0
MPLAD102470,Odisha,Cuttack,MP_017,Vendor_055,3977972.07,3806914.06,0.9569986900385653,0,0,0,0,0,1,26.8,0
MPLAD102471,Jharkhand,Jamshedpur,MP_046,Vendor_019,1236711.45,315704.14,0.2552771222422175,0,0,0,0,0,1,13.1,0
MPLAD102472,Odisha,Rourkela,MP_013,Vendor_050,608227.94,0.0,0.0,0,0,0,0,1,1,60.0,1
MPLAD102473,Jharkhand,Jamshedpur,MP_031,Vendor_030,1463303.33,0.0,0.0,0,0,0,0,1,1,60.0,1
MPLAD102474,Uttar Pradesh,Varanasi,MP_096,Vendor_041,461516.06,446307.32,0.9670461305290221,0,0,0,0,0,-1,46.8,1
MPLAD102475,Punjab,Amritsar,MP_064,Vendor_067,1474849.15,396664.09,0.2689523128517924,0,0,0,0,0,1,16.7,0
MPLAD102476,Gujarat,Surat,MP_006,Vendor_087,1501125.72,1483138.84,0.9880177391138166,0,0,0,0,0,-1,51.1,1
MPLAD102477,Gujarat,Vadodara,MP_093,Vendor_032,1520573.54,283797.15,0.18663822730993992,0,0,0,0,0,1,22.7,0
MPLAD102478,Bihar,Bhagalpur,MP_110,Vendor_002,2811784.85,0.0,0.0,0,0,0,0,1,1,60.0,1
MPLAD102479,Kerala,Kochi,MP_008,Vendor_036,968276.72,0.0,0.0,0,0,0,0,1,-1,60.0,1
MPLAD102480,Jharkhand,Ranchi,MP_051,Vendor_018,1019149.59,0.0,0.0,0,0,0,0,1,1,60.0,1
MPLAD102481,Telangana,Hyderabad,MP_140,Vendor_106,428399.33,352205.25,0.8221423922395023,0,0,0,0,0,1,37.5,0
MPLAD102482,Gujarat,Ahmedabad,MP_095,Vendor_093,830993.35,538177.16,0.6476311272527031,0,0,0,0,0,1,14.9,0
MPLAD102483,Rajasthan,Jodhpur,MP_099,Vendor_095,854581.67,0.0,0.0,0,0,0,0,1,-1,60.0,1
MPLAD102484,Chhattisgarh,Bilaspur,MP_080,Vendor_094,903665.48,0.0,0.0,0,0,0,0,1,1,60.0,1
MPLAD102485,Gujarat,Ahmedabad,MP_021,Vendor_048,2339843.77,2339843.77,1.0,0,0,0,0,0,1,25.7,0
MPLAD102486,Punjab,Amritsar,MP_098,Vendor_031,813294.67,211017.32,0.2594598585036835,0,0,0,0,0,1,23.5,0
MPLAD102487,Punjab,Amritsar,MP_098,Vendor_089,1299801.0,1173746.89,0.9030204546695993,0,0,0,0,0,1,29.8,0
MPLAD102488,West Bengal,Kolkata,MP_056,Vendor_025,1436229.46,1216736.33,0.8471740511436106,0,0,0,0,0,1,23.9,0
MPLAD102489,Maharashtra,Nashik,MP_068,Vendor_101,879059.74,349992.73,0.39814441962727126,0,0,0,0,0,1,18.9,0
MPLAD102490,Punjab,Ludhiana,MP_101,Vendor_108,1065523.56,0.0,0.0,0,0,0,0,1,1,60.0,1
MPLAD102491,Andhra Pradesh,Guntur,MP_036,Vendor_107,1874323.88,1716907.91,0.9160145310638629,0,0,0,0,0,-1,48.3,1
MPLAD102492,Karnataka,Mysuru,MP_034,Vendor_066,651214.04,582617.34,0.8946633583022872,0,0,0,0,0,1,38.5,0
MPLAD102493,Telangana,Hyderabad,MP_140,Vendor_096,458003.69,174460.52,0.3809150969940875,0,0,0,0,0,1,35.9,0
MPLAD102494,Assam,Dibrugarh,MP_117,Vendor_083,2440844.37,2440844.37,1.0,0,0,0,0,0,1,31.4,0
MPLAD102495,Maharashtra,Pune,MP_127,Vendor_117,2853906.44,2825468.98,0.9900356018678734,0,0,0,0,0,-1,46.0,1
MPLAD102496,Chhattisgarh,Bilaspur,MP_081,Vendor_100,2538114.32,907384.46,0.3575033846387187,0,0,0,0,0,1,22.9,0
MPLAD102497,Assam,Dibrugarh,MP_065,Vendor_071,978650.71,0.0,0.0,0,0,0,0,1,1,60.0,1
MPLAD102498,Rajasthan,Jaipur,MP_121,Vendor_061,2379613.53,1214060.65,0.5101923630430862,0,0,0,0,0,-1,47.0,1
MPLAD102499,Assam,Silchar,MP_129,Vendor_067,829858.37,369793.67,0.4456105805138773,0,0,0,0,0,1,26.9,0
MPLAD102500,Kerala,Kochi,MP_082,Vendor_048,920013.4,524028.45,0.56958784513356,0,0,0,0,0,1,25.1,0
MPLAD102501,Tamil Nadu,Coimbatore,MP_128,Vendor_041,578288.96,213946.5,0.36996469723371517,0,0,0,0,0,1,14.0,0
MPLAD102502,Punjab,Amritsar,MP_064,Vendor_102,2684790.48,552266.38,0.2057018542467418,0,0,0,0,0,1,9.3,0
MPLAD102503,Gujarat,Vadodara,MP_025,Vendor_086,945494.49,0.0,0.0,0,0,0,0,1,-1,60.0,1
MPLAD102504,Chhattisgarh,Raipur,MP_020,Vendor_014,465898.21,413161.65,0.8868066911010455,0,0,0,0,0,-1,42.1,1
MPLAD102505,Uttar Pradesh,Varanasi,MP_007,Vendor_073,1050606.74,798317.74,0.759863524195552,0,0,0,0,0,-1,41.7,1
MPLAD102506,Bihar,Bhagalpur,MP_110,Vendor_032,1184680.1,1021905.19,0.8626001145794547,0,0,0,0,0,1,16.9,0
MPLAD102507,Andhra Pradesh,Guntur,MP_036,Vendor_022,1042013.27,318206.36,0.30537649486939833,0,0,0,0,0,-1,56.0,1
MPLAD102508,Assam,Dibrugarh,MP_117,Vendor_071,864907.81,760406.8,0.8791767067058858,0,0,0,0,0,1,27.2,0
MPLAD102509,Madhya Pradesh,Indore,MP_038,Vendor_105,1780973.32,151321.13,0.08496541093608297,0,0,0,0,0,1,20.1,0
MPLAD102510,Karnataka,Mysuru,MP_062,Vendor_024,484625.68,440258.76,0.908451157602709,0,0,0,0,0,1,27.1,0
MPLAD102511,Telangana,Hyderabad,MP_140,Vendor_051,1084167.3,0.0,0.0,0,0,0,0,1,1,60.0,1
MPLAD102512,Chhattisgarh,Raipur,MP_005,Vendor_013,2052872.0,2542525.24,1.238521076813362,0,0,1,0,0,-1,90.0,1
MPLAD102513,Punjab,Jalandhar,MP_045,Vendor_108,417253.37,146917.58,0.3521063952101813,0,0,0,0,0,1,12.0,0
MPLAD102514,Chhattisgarh,Raipur,MP_113,Vendor_070,317875.95,0.0,0.0,0,0,0,0,1,1,60.0,1
MPLAD102515,Haryana,Gurugram,MP_126,Vendor_025,2079426.77,387346.11,0.18627542724190282,0,0,0,0,0,1,33.1,0
MPLAD102516,Chhattisgarh,Bilaspur,MP_103,Vendor_063,1133573.69,1005936.91,0.8874031912296766,0,0,0,0,0,-1,39.1,1
MPLAD102517,Assam,Dibrugarh,MP_131,Vendor_057,1963689.1,88232.06,0.04493178680881815,0,1,0,0,0,1,85.0,1
MPLAD102518,Gujarat,Ahmedabad,MP_027,Vendor_113,1116704.48,396547.15,0.3551048259428493,0,0,0,0,0,1,20.6,0
MPLAD102519,Odisha,Cuttack,MP_079,Vendor_008,1187085.41,1187085.41,1.0,0,0,0,0,0,-1,56.3,1
MPLAD102520,Punjab,Jalandhar,MP_139,Vendor_050,1301838.83,1083403.99,0.8322105356159948,0,0,0,0,0,1,28.6,0
MPLAD102521,Gujarat,Ahmedabad,MP_100,Vendor_015,1730761.26,577162.08,0.3334729597541373,0,0,0,0,0,1,21.1,0
MPLAD102522,Maharashtra,Nashik,MP_068,Vendor_091,2002028.42,0.0,0.0,0,0,0,0,1,-1,60.0,1
MPLAD102523,Odisha,Rourkela,MP_013,Vendor_040,1059032.4,879272.15,0.830259914616399,0,0,0,0,0,1,17.5,0
MPLAD102524,West Bengal,Kolkata,MP_001,Vendor_110,1884375.05,0.0,0.0,0,0,0,0,1,1,60.0,1
MPLAD102525,Gujarat,Ahmedabad,MP_027,Vendor_014,2106438.16,391295.79,0.18576182174747535,0,0,0,0,0,-1,52.3,1
MPLAD102526,Punjab,Amritsar,MP_064,Vendor_093,2290242.65,0.0,0.0,0,0,0,0,1,1,60.0,1
MPLAD102527,West Bengal,Kolkata,MP_009,Vendor_085,3235612.46,119745.62,0.03700864101629773,0,1,0,0,0,1,85.0,1
MPLAD102528,Bihar,Bhagalpur,MP_147,Vendor_119,5789815.78,1683022.42,0.29068669607999165,0,0,0,0,0,1,21.2,0
MPLAD102529,Maharashtra,Mumbai,MP_105,Vendor_088,1295640.55,1220887.25,0.9423039823815331,0,0,0,0,0,1,29.1,0
MPLAD102530,Assam,Silchar,MP_129,Vendor_060,327487.78,266578.69,0.8140111060021842,0,0,0,0,0,1,27.2,0
MPLAD102531,Rajasthan,Udaipur,MP_023,Vendor_057,771113.18,771113.18,1.0,0,0,0,0,0,1,36.1,0
MPLAD102532,Kerala,Kochi,MP_104,Vendor_006,1044950.16,897759.83,0.8591412914851364,0,0,0,0,0,1,38.4,0
MPLAD102533,Punjab,Ludhiana,MP_149,Vendor_086,1279033.56,1002229.45,0.7835833877572375,0,0,0,0,0,-1,43.0,1
MPLAD102534,Jharkhand,Ranchi,MP_107,Vendor_010,1317201.63,1050898.46,0.7978265711681514,0,0,0,0,0,1,25.6,0
MPLAD102535,Bihar,Gaya,MP_060,Vendor_044,2073903.48,0.0,0.0,0,0,0,0,1,1,60.0,1
MPLAD102536,Tamil Nadu,Coimbatore,MP_037,Vendor_118,2148193.82,423975.42,0.19736367177520323,0,0,0,0,0,1,19.4,0
MPLAD102537,Chhattisgarh,Raipur,MP_113,Vendor_089,465651.56,158424.49,0.34022110867619554,0,0,0,0,0,1,18.8,0
MPLAD102538,Bihar,Bhagalpur,MP_147,Vendor_041,1203521.65,0.0,0.0,0,0,0,0,1,1,60.0,1
MPLAD102539,Telangana,Hyderabad,MP_142,Vendor_078,1347800.53,312294.35,0.2317066532092846,0,0,0,0,0,1,25.8,0
MPLAD102540,Jharkhand,Jamshedpur,MP_046,Vendor_030,820714.07,226299.52,0.27573490972318776,0,0,0,0,0,1,15.1,0
MPLAD102541,West Bengal,Kolkata,MP_009,Vendor_087,559015.31,512629.46,0.917022218944236,0,0,0,0,0,1,21.7,0
MPLAD102542,Assam,Dibrugarh,MP_117,Vendor_054,898290.04,468441.24,0.5214810574989788,0,0,0,0,0,-1,40.9,1
MPLAD102543,Odisha,Rourkela,MP_013,Vendor_093,2675937.21,2675937.21,1.0,0,0,0,0,0,1,35.4,0
MPLAD102544,Gujarat,Ahmedabad,MP_100,Vendor_070,1810614.21,1721715.25,0.9509012137930808,0,0,0,0,0,-1,51.3,1
MPLAD102545,Odisha,Cuttack,MP_010,Vendor_050,1177769.58,20163.78,0.01712030972985395,0,0,0,0,0,1,33.3,0
MPLAD102546,Punjab,Jalandhar,MP_144,Vendor_035,515061.7,226606.54,0.4399599892595392,0,0,0,0,0,-1,56.4,1
MPLAD102547,Bihar,Bhagalpur,MP_077,Vendor_006,2493960.75,2405372.76,0.9644789959104207,0,0,0,0,0,1,16.2,0
MPLAD102548,Kerala,Thiruvananthapuram,MP_074,Vendor_025,697655.8,411183.28,0.589378429879032,0,0,0,0,0,1,13.9,0
MPLAD102549,Telangana,Hyderabad,MP_142,Vendor_090,1298948.43,278852.68,0.21467571272248276,0,0,0,0,0,1,22.7,0
MPLAD102550,Gujarat,Ahmedabad,MP_015,Vendor_010,1239548.13,1145084.51,0.9237918901946954,0,0,0,0,0,-1,40.2,1
MPLAD102551,Gujarat,Vadodara,MP_040,Vendor_038,1103022.55,424929.52,0.3852410088986848,0,0,0,0,0,-1,43.0,1
MPLAD102552,Punjab,Jalandhar,MP_146,Vendor_002,4999087.62,4824481.23,0.9650723485418726,0,0,0,0,0,1,34.4,0
MPLAD102553,Odisha,Cuttack,MP_039,Vendor_026,2852410.43,24040.85,0.008428257640328429,0,1,0,0,0,1,85.0,1
MPLAD102554,Maharashtra,Pune,MP_127,Vendor_016,688411.8,165193.81,0.23996365256958116,0,0,0,0,0,1,19.2,0
MPLAD102555,Andhra Pradesh,Vijayawada,MP_116,Vendor_012,2382278.6,1133807.72,0.47593414137204604,0,0,0,0,0,-1,39.9,1
MPLAD102556,Assam,Silchar,MP_088,Vendor_120,717552.72,266869.5,0.3719162265875043,0,0,0,0,0,1,5.1,0
MPLAD102557,Odisha,Rourkela,MP_106,Vendor_055,4307381.44,1931601.7,0.44843989948566054,0,0,0,0,0,1,8.7,0
MPLAD102558,Maharashtra,Pune,MP_014,Vendor_011,821551.3,0.0,0.0,0,0,0,0,1,-1,65.8,1
MPLAD102559,Gujarat,Surat,MP_006,Vendor_110,1062778.8,0.0,0.0,0,0,0,0,1,-1,60.0,1
MPLAD102560,Maharashtra,Mumbai,MP_061,Vendor_114,1822200.15,201454.36,0.11055556108915916,0,0,0,0,0,1,10.5,0
MPLAD102561,Jharkhand,Ranchi,MP_051,Vendor_040,1227338.96,1103592.85,0.8991752775451699,0,0,0,0,0,1,14.1,0
MPLAD102562,West Bengal,Kolkata,MP_057,Vendor_037,1426217.07,1417691.93,0.9940225508589656,0,0,0,0,0,1,19.5,0
MPLAD102563,Rajasthan,Udaipur,MP_044,Vendor_098,1188852.27,980342.17,0.8246122707912229,0,0,0,0,0,1,17.4,0
MPLAD102564,Jharkhand,Jamshedpur,MP_118,Vendor_098,599634.94,208795.01,0.34820354197505576,0,0,0,0,0,1,15.5,0
MPLAD102565,Gujarat,Ahmedabad,MP_002,Vendor_025,1046086.22,0.0,0.0,0,0,0,0,1,-1,60.0,1
MPLAD102566,Haryana,Faridabad,MP_055,Vendor_016,1518291.63,51697.79,0.03404997365361225,0,1,0,0,0,1,85.0,1
MPLAD102567,Karnataka,Mysuru,MP_062,Vendor_048,840452.33,0.0,0.0,0,0,0,0,1,1,60.0,1
MPLAD102568,Bihar,Gaya,MP_072,Vendor_118,718914.13,187754.67,0.26116425058998355,0,0,0,0,0,-1,39.1,1
MPLAD102569,Chhattisgarh,Raipur,MP_048,Vendor_034,1697780.8,710901.63,0.41872403669543207,0,0,0,0,0,1,17.1,0
MPLAD102570,Chhattisgarh,Bilaspur,MP_058,Vendor_079,972503.27,1338065.57,1.3758982733291993,0,0,1,0,0,1,90.0,1
MPLAD102571,Telangana,Hyderabad,MP_142,Vendor_006,697570.93,270781.96,0.3881783892571326,0,0,0,0,0,1,12.3,0
MPLAD102572,Maharashtra,Mumbai,MP_061,Vendor_028,433230.81,0.0,0.0,0,0,0,0,1,1,60.0,1
MPLAD102573,Maharashtra,Mumbai,MP_061,Vendor_058,3801787.64,3476340.49,0.9143962838492473,0,0,0,0,0,1,27.2,0
MPLAD102574,Rajasthan,Udaipur,MP_044,Vendor_073,2194715.11,1026347.25,0.46764486439426756,0,0,0,0,0,1,14.9,0
MPLAD102575,Odisha,Rourkela,MP_013,Vendor_105,631393.19,604230.77,0.9569801821904352,0,0,0,0,0,1,20.2,0
MPLAD102576,Bihar,Gaya,MP_072,Vendor_110,1208341.33,346535.76,0.28678631724034465,0,0,0,0,0,1,25.3,0
MPLAD102577,Haryana,Gurugram,MP_003,Vendor_061,827171.87,727472.19,0.8794692087389286,0,0,0,0,0,1,38.4,0
MPLAD102578,Kerala,Thiruvananthapuram,MP_083,Vendor_097,548744.96,477986.32,0.8710536858507093,0,0,0,0,0,-1,64.2,1
MPLAD102579,Rajasthan,Udaipur,MP_052,Vendor_024,2440959.48,549041.4,0.2249285186823339,0,0,0,0,0,1,7.7,0
MPLAD102580,Odisha,Cuttack,MP_017,Vendor_049,394163.07,38842.46,0.09854413808985199,0,0,0,0,0,1,13.1,0
MPLAD102581,Tamil Nadu,Coimbatore,MP_128,Vendor_120,355623.82,0.0,0.0,0,0,0,0,1,1,60.0,1
MPLAD102582,Bihar,Bhagalpur,MP_110,Vendor_005,1771077.01,669678.13,0.37811914796409674,0,0,0,0,0,1,10.7,0
MPLAD102583,Maharashtra,Nashik,MP_068,Vendor_032,807392.7,303898.01,0.3763942998246083,0,0,0,0,0,1,33.0,0
MPLAD102584,Haryana,Panipat,MP_026,Vendor_042,622242.56,290141.72,0.4662839520331106,0,0,0,0,0,1,18.7,0
MPLAD102585,Maharashtra,Mumbai,MP_067,Vendor_046,1569326.85,0.0,0.0,0,1,0,0,1,1,85.0,1
MPLAD102586,Gujarat,Surat,MP_053,Vendor_048,1382398.88,530907.11,0.3840476997492938,0,0,0,0,0,1,19.4,0
MPLAD102587,Bihar,Bhagalpur,MP_147,Vendor_039,710998.82,641740.97,0.9025907666063356,0,0,0,0,0,1,25.2,0
MPLAD102588,Gujarat,Ahmedabad,MP_095,Vendor_024,649941.07,334601.39,0.5148180434266141,0,0,0,0,0,1,14.7,0
MPLAD102589,Gujarat,Surat,MP_122,Vendor_087,881469.45,651355.57,0.7389428754450877,0,0,0,0,0,1,24.2,0
MPLAD102590,Chhattisgarh,Bilaspur,MP_094,Vendor_054,649302.55,177611.99,0.2735427267303971,0,0,0,0,0,-1,67.1,1
MPLAD102591,Chhattisgarh,Bilaspur,MP_103,Vendor_041,3322179.94,140971.84,0.04243353537316224,0,1,0,0,0,1,85.0,1
MPLAD102592,Maharashtra,Mumbai,MP_105,Vendor_011,2894922.12,803355.53,0.27750505771809847,0,0,0,0,0,-1,48.0,1
MPLAD102593,Assam,Dibrugarh,MP_065,Vendor_043,432496.05,416093.63,0.9620749831125626,0,0,0,0,0,1,23.9,0
MPLAD102594,Gujarat,Vadodara,MP_093,Vendor_040,795250.67,0.0,0.0,0,1,0,0,1,1,85.0,1
MPLAD102595,Bihar,Bhagalpur,MP_077,Vendor_058,1163549.62,324899.82,0.2792315982192491,0,0,0,0,0,1,21.3,0
MPLAD102596,Uttar Pradesh,Lucknow,MP_049,Vendor_074,1493958.54,1427231.89,0.9553356748440957,0,0,0,0,0,-1,56.0,1
MPLAD102597,Gujarat,Ahmedabad,MP_027,Vendor_108,5467267.23,2578406.06,0.47160783468782447,0,0,0,0,0,1,23.3,0
MPLAD102598,Haryana,Gurugram,MP_091,Vendor_085,5158730.43,0.0,0.0,0,0,0,0,1,1,60.0,1
MPLAD102599,Jharkhand,Jamshedpur,MP_031,Vendor_116,882635.14,309604.2,0.350772574044582,0,0,0,0,0,-1,46.5,1
MPLAD102600,Rajasthan,Udaipur,MP_023,Vendor_028,2221739.25,1886892.41,0.8492861662321535,0,0,0,0,0,1,19.3,0
MPLAD102601,Haryana,Faridabad,MP_112,Vendor_062,3354648.95,3189790.99,0.9508568668563666,0,0,0,0,0,-1,41.0,1
MPLAD102602,Chhattisgarh,Bilaspur,MP_081,Vendor_015,1603250.21,0.0,0.0,0,0,0,0,1,1,60.0,1
MPLAD102603,Tamil Nadu,Madurai,MP_136,Vendor_074,2257904.52,1198553.99,0.530825807461513,0,0,0,0,0,1,15.3,0
MPLAD102604,Punjab,Jalandhar,MP_144,Vendor_001,603164.73,603164.73,1.0,0,0,0,0,0,-1,43.3,1
MPLAD102605,Jharkhand,Ranchi,MP_051,Vendor_098,2624056.64,111993.46,0.042679513198312674,0,1,0,0,0,1,85.0,1
MPLAD102606,Chhattisgarh,Bilaspur,MP_130,Vendor_026,711850.63,0.0,0.0,0,0,0,0,1,1,60.0,1
MPLAD102607,Karnataka,Mysuru,MP_034,Vendor_066,2833386.54,2398483.93,0.8465078435785892,0,0,0,0,0,1,17.4,0
MPLAD102608,Haryana,Faridabad,MP_055,Vendor_062,854435.73,747855.07,0.8752619345635276,0,0,0,0,0,1,14.3,0
MPLAD102609,Bihar,Bhagalpur,MP_110,Vendor_020,1184488.89,0.0,0.0,0,0,0,0,1,1,60.0,1
MPLAD102610,Gujarat,Surat,MP_006,Vendor_107,2158665.43,1938543.08,0.8980285008779707,0,0,0,0,0,1,33.6,0
MPLAD102611,Chhattisgarh,Bilaspur,MP_058,Vendor_053,1544387.74,212386.88,0.13752173401739126,0,0,0,0,0,1,30.7,0
MPLAD102612,Punjab,Ludhiana,MP_030,Vendor_019,1487392.76,0.0,0.0,0,0,0,0,1,-1,60.0,1
MPLAD102613,West Bengal,Kolkata,MP_054,Vendor_096,557542.33,137482.24,0.24658619193990167,0,0,0,0,0,1,9.3,0
MPLAD102614,Assam,Guwahati,MP_024,Vendor_037,443160.35,81134.49,0.18308156404335363,0,0,0,0,0,1,28.8,0
MPLAD102615,Telangana,Hyderabad,MP_143,Vendor_096,2634066.3,1169510.74,0.4439944203378632,0,0,0,0,0,1,10.5,0
MPLAD102616,Kerala,Kozhikode,MP_043,Vendor_059,2974733.22,2842049.83,0.9553965414081736,0,0,0,0,0,-1,68.1,1
MPLAD102617,Odisha,Cuttack,MP_017,Vendor_111,5502160.48,3830467.6,0.6961751868058926,0,0,0,0,0,-1,54.9,1
MPLAD102618,Jharkhand,Jamshedpur,MP_046,Vendor_044,2241884.72,568035.59,0.2533741297813029,0,0,0,0,0,1,14.3,0
MPLAD102619,Rajasthan,Jaipur,MP_004,Vendor_017,588198.02,252683.12,0.42958852530649455,0,0,0,0,0,-1,41.9,1
MPLAD102620,Maharashtra,Pune,MP_127,Vendor_010,676499.99,563615.14,0.8331339960551958,0,0,0,0,0,-1,41.8,1
MPLAD102621,Chhattisgarh,Bilaspur,MP_094,Vendor_041,3350952.14,1005045.02,0.2999281929463785,0,0,0,0,0,1,17.0,0
MPLAD102622,Punjab,Ludhiana,MP_030,Vendor_089,2427595.12,744933.95,0.30686086978128374,0,0,0,0,0,-1,41.9,1
MPLAD102623,Uttar Pradesh,Varanasi,MP_096,Vendor_026,3000000.0,1263765.34,0.4212551133333334,0,0,0,0,0,-1,51.4,1
MPLAD102624,Jharkhand,Ranchi,MP_107,Vendor_109,461307.09,564768.35,1.2242784952644017,0,0,1,0,0,1,90.0,1
MPLAD102625,Telangana,Hyderabad,MP_041,Vendor_105,2419980.48,0.0,0.0,0,0,0,0,1,1,60.0,1
MPLAD102626,Punjab,Jalandhar,MP_144,Vendor_018,518075.52,474740.12,0.9163531216452767,0,0,0,0,0,1,16.0,0
MPLAD102627,Uttar Pradesh,Varanasi,MP_096,Vendor_091,1858362.72,1150863.8,0.6192891127303717,0,0,0,0,0,-1,45.7,1
MPLAD102628,West Bengal,Kolkata,MP_089,Vendor_052,859394.19,458550.51,0.5335741331925924,0,0,0,0,0,-1,42.6,1
MPLAD102629,Karnataka,Mysuru,MP_034,Vendor_101,1647159.72,0.0,0.0,0,1,0,0,1,1,85.0,1
MPLAD102630,Madhya Pradesh,Bhopal,MP_033,Vendor_094,1154553.75,392522.52,0.339977692679964,0,0,0,0,0,1,18.7,0
MPLAD102631,Kerala,Kozhikode,MP_043,Vendor_089,954486.45,943922.11,0.9889319120245238,0,0,0,0,0,-1,55.4,1
MPLAD102632,Punjab,Ludhiana,MP_101,Vendor_080,1810833.52,1789104.14,0.9880003436207653,0,0,0,0,0,-1,77.8,1
MPLAD102633,Chhattisgarh,Raipur,MP_020,Vendor_078,4732089.12,3953813.92,0.8355324297020001,0,0,0,0,0,1,19.5,0
MPLAD102634,Jharkhand,Jamshedpur,MP_118,Vendor_060,1825723.92,1614044.33,0.8840571744275554,0,0,0,0,0,1,20.4,0
MPLAD102635,Punjab,Ludhiana,MP_141,Vendor_065,953392.26,25794.03,0.027055002523305567,0,1,0,0,0,1,85.0,1
MPLAD102636,Assam,Guwahati,MP_133,Vendor_094,1563058.18,361964.8,0.23157474534953013,0,0,0,0,0,1,10.8,0
MPLAD102637,Bihar,Patna,MP_028,Vendor_077,2485908.06,825100.15,0.3319109677773039,0,0,0,0,0,-1,40.0,1
MPLAD102638,Assam,Silchar,MP_076,Vendor_088,522666.03,0.0,0.0,0,1,0,0,1,1,85.0,1
MPLAD102639,Odisha,Rourkela,MP_106,Vendor_004,19860640.25,7129732.71,0.35898805981342924,1,0,0,0,0,1,85.0,1
MPLAD102640,Jharkhand,Ranchi,MP_109,Vendor_069,850949.6,850949.6,1.0,0,0,0,0,0,1,33.1,0
MPLAD102641,Gujarat,Vadodara,MP_093,Vendor_091,823033.12,0.0,0.0,0,0,0,0,1,-1,60.0,1
MPLAD102642,Gujarat,Vadodara,MP_093,Vendor_060,368268.41,318026.93,0.8635737450301535,0,0,0,0,0,-1,47.4,1
MPLAD102643,Chhattisgarh,Raipur,MP_020,Vendor_065,2330516.03,2170980.09,0.931544800401995,0,0,0,0,0,1,27.7,0
MPLAD102644,West Bengal,Siliguri,MP_071,Vendor_018,1242575.32,1181899.29,0.9511691331516225,0,0,0,0,0,-1,49.8,1
MPLAD102645,Punjab,Jalandhar,MP_115,Vendor_093,1913368.66,1784708.01,0.9327569993751231,0,0,0,0,0,1,27.5,0
MPLAD102646,Tamil Nadu,Madurai,MP_136,Vendor_035,2886396.44,809572.26,0.28047854022436364,0,0,0,0,0,-1,40.3,1
MPLAD102647,Punjab,Jalandhar,MP_146,Vendor_006,839984.6,250136.07,0.2977864951333632,0,0,0,0,0,1,22.6,0
MPLAD102648,Chhattisgarh,Bilaspur,MP_081,Vendor_069,396026.13,0.0,0.0,0,0,0,0,1,1,60.0,1
MPLAD102649,Kerala,Thiruvananthapuram,MP_134,Vendor_058,927658.5,145666.85,0.1570263733906389,0,0,0,0,0,1,31.6,0
MPLAD102650,Assam,Dibrugarh,MP_123,Vendor_011,1213833.99,1184090.8,0.9754964927287957,0,0,0,0,0,-1,72.2,1
MPLAD102651,Maharashtra,Pune,MP_127,Vendor_049,2139675.0,0.0,0.0,0,0,0,0,1,1,60.0,1
MPLAD102652,Rajasthan,Jodhpur,MP_063,Vendor_006,564384.14,172595.6,0.3058122788496502,0,0,0,0,0,1,31.3,0
MPLAD102653,Jharkhand,Ranchi,MP_107,Vendor_019,1139469.1,473268.31,0.41534106541370885,0,0,0,0,0,1,26.7,0
MPLAD102654,Gujarat,Ahmedabad,MP_100,Vendor_027,659889.55,191618.23,0.2903792460420081,0,0,0,0,0,1,20.0,0
MPLAD102655,Jharkhand,Ranchi,MP_035,Vendor_083,1318743.85,351566.42,0.2665918934901573,0,0,0,0,0,1,37.1,0
MPLAD102656,Kerala,Thiruvananthapuram,MP_083,Vendor_088,1344053.01,0.0,0.0,0,1,0,0,1,1,85.0,1
MPLAD102657,Assam,Dibrugarh,MP_123,Vendor_109,819135.11,571791.19,0.6980425854289165,0,0,0,0,0,1,18.0,0
MPLAD102658,Jharkhand,Jamshedpur,MP_046,Vendor_004,1066628.5,999852.36,0.9373951286694477,0,0,0,0,0,1,25.5,0
MPLAD102659,West Bengal,Kolkata,MP_054,Vendor_054,415994.37,358636.9,0.8621196003205525,0,0,0,0,0,-1,47.3,1
MPLAD102660,Odisha,Cuttack,MP_010,Vendor_092,533013.85,523156.92,0.9815071784720041,0,0,0,0,0,1,38.8,0
MPLAD102661,Bihar,Gaya,MP_072,Vendor_003,216516.3,56046.74,0.2588569082327751,0,0,0,0,0,-1,40.4,1
MPLAD102662,Chhattisgarh,Bilaspur,MP_130,Vendor_021,759842.56,461457.0,0.6073060714051078,0,0,0,0,0,1,7.9,0
MPLAD102663,Odisha,Cuttack,MP_039,Vendor_076,2279444.95,612791.79,0.26883377464325253,0,0,0,0,0,1,3.9,0
MPLAD102664,Karnataka,Mysuru,MP_059,Vendor_075,1082205.56,466169.42,0.4307586628921034,0,0,0,0,0,-1,39.7,1
MPLAD102665,Assam,Guwahati,MP_133,Vendor_061,926608.16,791650.62,0.854353171247704,0,0,0,0,0,-1,54.4,1
MPLAD102666,Haryana,Faridabad,MP_055,Vendor_080,1561175.4,1072280.47,0.6868417667867429,0,0,0,0,0,1,26.2,0
MPLAD102667,Haryana,Gurugram,MP_138,Vendor_012,259215.99,344368.74,1.3285011468621206,0,0,1,0,0,1,90.0,1
MPLAD102668,Rajasthan,Jaipur,MP_004,Vendor_078,2332869.77,2301246.83,0.9864446183809051,0,0,0,0,0,-1,60.6,1
MPLAD102669,Kerala,Thiruvananthapuram,MP_074,Vendor_002,832697.65,512947.22,0.6160065661287742,0,0,0,0,0,1,12.1,0
MPLAD102670,Punjab,Jalandhar,MP_115,Vendor_055,1105097.0,271255.09,0.24545817245002025,0,0,0,0,0,-1,45.1,1
MPLAD102671,Uttar Pradesh,Varanasi,MP_007,Vendor_110,1488345.06,1822795.42,1.2247129170435784,0,0,1,0,0,-1,90.0,1
MPLAD102672,Gujarat,Ahmedabad,MP_047,Vendor_019,1344897.08,529575.53,0.3937665847263197,0,0,0,0,0,1,21.3,0
MPLAD102673,Telangana,Hyderabad,MP_143,Vendor_095,1563990.73,810953.62,0.5185156180561249,0,0,0,0,0,-1,39.3,1
MPLAD102674,Odisha,Rourkela,MP_090,Vendor_084,776332.86,659882.93,0.8499999987118928,0,0,0,0,0,1,35.6,0
MPLAD102675,Maharashtra,Mumbai,MP_069,Vendor_051,1313568.99,439880.03,0.33487394522003755,0,0,0,0,0,1,26.8,0
MPLAD102676,Assam,Dibrugarh,MP_117,Vendor_082,1945219.94,646215.64,0.3322069791244275,0,0,0,0,0,1,37.2,0
MPLAD102677,Odisha,Rourkela,MP_090,Vendor_079,1139182.54,1084016.17,0.9515737223289956,0,0,0,0,0,-1,65.6,1
MPLAD102678,Gujarat,Ahmedabad,MP_015,Vendor_011,1152104.02,1032242.26,0.895962727393313,0,0,0,0,0,-1,76.9,1
MPLAD102679,Haryana,Faridabad,MP_137,Vendor_037,5617949.58,4009384.74,0.7136740340770378,0,0,0,0,0,1,9.5,0
MPLAD102680,Uttar Pradesh,Lucknow,MP_049,Vendor_021,862150.09,768776.43,0.8916967462127158,0,0,0,0,0,-1,48.3,1
MPLAD102681,Haryana,Faridabad,MP_055,Vendor_052,3202892.33,1028127.25,0.32099962910710766,0,0,0,0,0,-1,39.1,1
MPLAD102682,Maharashtra,Mumbai,MP_067,Vendor_095,1889975.78,20280.21,0.010730407349452912,0,1,0,0,0,1,85.0,1
MPLAD102683,Punjab,Jalandhar,MP_114,Vendor_098,1952350.79,1936621.11,0.9919432101646037,0,0,0,0,0,-1,69.1,1
MPLAD102684,Punjab,Ludhiana,MP_101,Vendor_074,1340990.14,805819.66,0.6009139336401087,0,0,0,0,0,1,17.5,0
MPLAD102685,Karnataka,Mysuru,MP_059,Vendor_111,955583.17,0.0,0.0,0,0,0,0,1,1,60.0,1
MPLAD102686,Punjab,Jalandhar,MP_144,Vendor_078,796436.95,262058.41,0.3290384882318682,0,0,0,0,0,1,25.1,0
MPLAD102687,Punjab,Jalandhar,MP_114,Vendor_114,987916.69,932409.12,0.9438135112384831,0,0,0,0,0,1,19.6,0
MPLAD102688,Jharkhand,Ranchi,MP_035,Vendor_084,2858532.98,1013818.49,0.35466391225613914,0,0,0,0,0,-1,47.0,1
MPLAD102689,Haryana,Panipat,MP_026,Vendor_030,301358.75,62527.03,0.2074837050525329,0,0,0,0,0,1,17.0,0
MPLAD102690,Assam,Guwahati,MP_024,Vendor_076,439470.41,273089.84,0.6214066608033976,0,0,0,0,0,1,8.5,0
MPLAD102691,Madhya Pradesh,Indore,MP_038,Vendor_083,1983742.18,0.0,0.0,0,0,0,0,1,1,60.0,1
MPLAD102692,Assam,Silchar,MP_129,Vendor_025,2601087.85,0.0,0.0,0,0,0,0,1,1,60.0,1
MPLAD102693,Jharkhand,Ranchi,MP_051,Vendor_080,4484464.47,1675388.01,0.3735982347965843,0,0,0,0,0,1,22.2,0
MPLAD102694,Uttar Pradesh,Lucknow,MP_049,Vendor_013,1833039.82,1669743.46,0.910914995834624,0,0,0,0,0,-1,39.3,1
MPLAD102695,Madhya Pradesh,Bhopal,MP_084,Vendor_054,1145960.6,158194.64,0.13804544414528738,0,0,0,0,0,-1,52.9,1
MPLAD102696,Jharkhand,Jamshedpur,MP_046,Vendor_097,857589.06,239372.56,0.2791226837711759,0,0,0,0,0,-1,64.8,1
MPLAD102697,Tamil Nadu,Chennai,MP_135,Vendor_083,16613956.2,16442878.04,0.9897027440098825,0,0,0,0,0,-1,63.2,1
MPLAD102698,Kerala,Thiruvananthapuram,MP_074,Vendor_109,1214780.51,661982.21,0.5449397685842029,0,0,0,0,0,1,9.2,0
MPLAD102699,Punjab,Jalandhar,MP_139,Vendor_064,368664.19,0.0,0.0,0,0,0,0,1,-1,60.0,1
MPLAD102700,Andhra Pradesh,Guntur,MP_119,Vendor_064,619766.03,540874.93,0.8727082541132498,0,0,0,0,0,1,38.2,0
MPLAD102701,Gujarat,Vadodara,MP_040,Vendor_027,2572238.49,1034942.26,0.4023508177890612,0,0,0,0,0,1,32.5,0
MPLAD102702,Tamil Nadu,Madurai,MP_087,Vendor_085,1741136.93,2114473.69,1.2144212517507167,0,0,1,0,0,1,90.0,1
MPLAD102703,Tamil Nadu,Madurai,MP_125,Vendor_054,1086220.76,0.0,0.0,0,0,0,0,1,-1,60.2,1
MPLAD102704,Haryana,Faridabad,MP_137,Vendor_057,835330.17,768708.25,0.9202448057155651,0,0,0,0,0,1,12.4,0
MPLAD102705,Kerala,Thiruvananthapuram,MP_083,Vendor_102,1808070.75,0.0,0.0,0,1,0,0,1,1,85.0,1
MPLAD102706,Tamil Nadu,Madurai,MP_136,Vendor_029,1175597.54,960887.14,0.8173606249635398,0,0,0,0,0,1,31.8,0
MPLAD102707,Kerala,Kochi,MP_108,Vendor_115,1447662.27,1211636.41,0.8369606883517106,0,0,0,0,0,1,38.8,0
MPLAD102708,Chhattisgarh,Raipur,MP_048,Vendor_058,2285157.31,590662.9,0.2584780038622374,0,0,0,0,0,1,12.4,0
MPLAD102709,Uttar Pradesh,Varanasi,MP_007,Vendor_011,2124474.77,450624.15,0.21211085034443597,0,0,0,0,0,-1,63.1,1
MPLAD102710,Tamil Nadu,Coimbatore,MP_078,Vendor_061,948516.39,210982.76,0.22243449056267758,0,0,0,0,0,-1,45.3,1
MPLAD102711,Kerala,Kochi,MP_082,Vendor_119,3703161.11,0.0,0.0,0,0,0,0,1,1,60.0,1
MPLAD102712,West Bengal,Kolkata,MP_089,Vendor_062,1584592.92,0.0,0.0,0,0,0,0,1,1,60.0,1
MPLAD102713,Telangana,Hyderabad,MP_143,Vendor_085,1574736.83,874332.02,0.5552242148295979,0,0,0,0,0,1,29.5,0
MPLAD102714,Tamil Nadu,Madurai,MP_145,Vendor_012,1024062.5,343786.81,0.3357088166005493,0,0,0,0,0,1,16.3,0
MPLAD102715,West Bengal,Kolkata,MP_089,Vendor_071,285278.6,246408.22,0.8637458961169888,0,0,0,0,0,1,16.3,0
MPLAD102716,Karnataka,Mysuru,MP_019,Vendor_098,1711768.91,437126.68,0.2553654745370974,0,0,0,0,0,1,18.4,0
MPLAD102717,Assam,Guwahati,MP_024,Vendor_050,2657502.9,1397369.57,0.5258205249747799,0,0,0,0,0,1,14.3,0
MPLAD102718,Maharashtra,Mumbai,MP_069,Vendor_057,1287075.25,1211915.96,0.9416045876105534,0,0,0,0,0,1,24.2,0
MPLAD102719,Jharkhand,Jamshedpur,MP_031,Vendor_013,670097.25,666824.88,0.9951165744972091,0,0,0,0,0,-1,48.1,1
MPLAD102720,Bihar,Bhagalpur,MP_077,Vendor_011,816404.93,286375.92,0.35077681365789887,0,0,0,0,0,-1,61.2,1
MPLAD102721,Maharashtra,Mumbai,MP_067,Vendor_106,328669.02,78159.45,0.23780595445229366,0,0,0,0,0,1,9.0,0
MPLAD102722,Chhattisgarh,Bilaspur,MP_130,Vendor_105,1968168.07,643467.49,0.326937267100365,0,0,0,0,0,1,35.9,0
MPLAD102723,Tamil Nadu,Madurai,MP_125,Vendor_039,590883.94,212649.81,0.3598842270108069,0,0,0,0,0,1,8.4,0
MPLAD102724,West Bengal,Kolkata,MP_009,Vendor_020,2218666.4,1280080.41,0.576959388757138,0,0,0,0,0,1,13.0,0
MPLAD102725,Assam,Dibrugarh,MP_123,Vendor_064,1244562.21,1113577.74,0.8947545820148275,0,0,0,0,0,1,38.6,0
MPLAD102726,Tamil Nadu,Madurai,MP_042,Vendor_030,1062236.36,493101.56,0.4642107713202361,0,0,0,0,0,1,21.2,0
MPLAD102727,Karnataka,Mysuru,MP_062,Vendor_051,2691172.65,262419.35,0.09751115373441388,0,0,0,0,0,1,27.2,0
MPLAD102728,Madhya Pradesh,Bhopal,MP_084,Vendor_082,563067.19,140111.42,0.24883605809104242,0,0,0,0,0,1,19.9,0
MPLAD102729,Chhattisgarh,Bilaspur,MP_080,Vendor_034,829361.67,810832.22,0.9776581789703398,0,0,0,0,0,-1,43.5,1
MPLAD102730,Karnataka,Mysuru,MP_062,Vendor_073,2962069.23,1035493.38,0.34958446261568304,0,0,0,0,0,1,18.5,0
MPLAD102731,Kerala,Kochi,MP_082,Vendor_078,492844.63,451384.88,0.9158766323577473,0,0,0,0,0,-1,83.2,1
MPLAD102732,Assam,Silchar,MP_016,Vendor_117,384410.39,49992.19,0.13004900830073818,0,0,0,0,0,1,11.7,0
MPLAD102733,Punjab,Jalandhar,MP_139,Vendor_027,2938499.71,0.0,0.0,0,0,0,0,1,1,60.0,1
MPLAD102734,Kerala,Kochi,MP_085,Vendor_085,231146.1,59306.89,0.25657750660729295,0,0,0,0,0,1,27.3,0
MPLAD102735,Chhattisgarh,Bilaspur,MP_103,Vendor_037,2501120.75,1083046.32,0.43302440316006335,0,0,0,0,0,1,9.9,0
MPLAD102736,Gujarat,Vadodara,MP_040,Vendor_090,1020951.3,968213.81,0.9483447545441198,0,0,0,0,0,1,35.8,0
MPLAD102737,West Bengal,Kolkata,MP_057,Vendor_036,1532286.31,959243.53,0.6260210795722635,0,0,0,0,0,1,36.5,0
MPLAD102738,Bihar,Bhagalpur,MP_070,Vendor_115,660992.38,267062.23,0.40403223710385283,0,0,0,0,0,1,8.8,0
MPLAD102739,Karnataka,Hubballi,MP_029,Vendor_111,860076.57,785510.14,0.9133025679329924,0,0,0,0,0,-1,53.0,1
MPLAD102740,Maharashtra,Nashik,MP_011,Vendor_018,786984.39,0.0,0.0,0,0,0,0,1,1,60.0,1
MPLAD102741,Chhattisgarh,Bilaspur,MP_081,Vendor_002,1614508.47,1474570.89,0.9133249638510722,0,0,0,0,0,-1,55.8,1
MPLAD102742,Maharashtra,Mumbai,MP_105,Vendor_085,1798762.21,0.0,0.0,0,0,0,0,1,1,60.0,1
MPLAD102743,Maharashtra,Mumbai,MP_067,Vendor_023,1115760.49,0.0,0.0,0,0,0,0,1,1,60.0,1
MPLAD102744,Maharashtra,Pune,MP_127,Vendor_017,2087318.7,2041823.06,0.9782037884296251,0,0,0,0,0,1,22.5,0
MPLAD102745,Assam,Dibrugarh,MP_131,Vendor_085,3612274.7,0.0,0.0,0,0,0,0,1,1,60.0,1
MPLAD102746,Kerala,Thiruvananthapuram,MP_102,Vendor_050,620119.7,0.0,0.0,0,0,0,0,1,1,60.0,1
MPLAD102747,Tamil Nadu,Madurai,MP_125,Vendor_089,705179.92,286898.18,0.40684394416675956,0,0,0,0,0,1,23.1,0
MPLAD102748,Uttar Pradesh,Lucknow,MP_049,Vendor_014,1132549.95,285711.65,0.2522728909219413,0,0,0,0,0,-1,40.0,1
MPLAD102749,Punjab,Amritsar,MP_098,Vendor_015,459416.27,0.0,0.0,0,0,0,0,1,1,60.0,1
MPLAD102750,Assam,Dibrugarh,MP_117,Vendor_052,1552731.01,0.0,0.0,0,0,0,0,1,-1,60.0,1
MPLAD102751,Punjab,Jalandhar,MP_115,Vendor_044,5146364.85,4508302.33,0.876016851001149,0,0,0,0,0,1,38.2,0
MPLAD102752,Haryana,Gurugram,MP_138,Vendor_060,1898216.26,1728796.92,0.9107481357261158,0,0,0,0,0,1,30.3,0
MPLAD102753,Odisha,Rourkela,MP_013,Vendor_032,3874654.99,0.0,0.0,0,1,0,0,1,1,85.0,1
MPLAD102754,Odisha,Cuttack,MP_010,Vendor_006,1826901.24,1765019.98,0.9661277475513673,0,0,0,1,0,-1,80.0,1
MPLAD102755,Punjab,Amritsar,MP_012,Vendor_054,1736158.44,15141.39,0.008721202887450756,0,0,0,0,0,-1,59.9,1
MPLAD102756,Assam,Dibrugarh,MP_117,Vendor_118,2354802.04,996710.34,0.42326714648166347,0,0,0,0,0,1,28.6,0
MPLAD102757,Gujarat,Ahmedabad,MP_015,Vendor_014,1427935.06,0.0,0.0,0,0,0,0,1,1,60.0,1
MPLAD102758,Rajasthan,Jaipur,MP_004,Vendor_027,732237.23,0.0,0.0,0,0,0,0,1,1,60.0,1
MPLAD102759,Assam,Dibrugarh,MP_075,Vendor_114,2159345.12,1164587.28,0.5393242929133996,0,0,0,0,0,1,18.6,0
MPLAD102760,Bihar,Bhagalpur,MP_077,Vendor_040,1564523.48,1564523.48,1.0,0,0,0,0,0,1,16.0,0
MPLAD102761,Haryana,Faridabad,MP_055,Vendor_105,453510.04,166508.22,0.36715442948076743,0,0,0,0,0,1,4.6,0
MPLAD102762,Tamil Nadu,Coimbatore,MP_078,Vendor_100,1130174.78,0.0,0.0,0,0,0,0,1,1,60.0,1
MPLAD102763,Karnataka,Mysuru,MP_062,Vendor_093,715410.73,334292.01,0.4672728489828494,0,0,0,0,0,1,9.5,0
MPLAD102764,Chhattisgarh,Raipur,MP_020,Vendor_057,2067474.13,765546.44,0.37028102499159204,0,0,0,0,0,1,2.6,0
MPLAD102765,Assam,Guwahati,MP_024,Vendor_018,997425.27,503321.78,0.5046210429378835,0,0,0,0,0,1,7.2,0
MPLAD102766,Assam,Dibrugarh,MP_117,Vendor_084,3244507.61,1834348.46,0.565370367554786,0,0,0,0,0,-1,44.6,1
MPLAD102767,Kerala,Thiruvananthapuram,MP_074,Vendor_089,2279992.05,2279992.05,1.0,0,0,0,0,0,1,37.6,0
MPLAD102768,Odisha,Rourkela,MP_090,Vendor_086,1987221.34,1824740.58,0.9182372105565251,0,0,0,0,0,1,36.4,0
MPLAD102769,Punjab,Jalandhar,MP_114,Vendor_027,1885822.23,1503726.89,0.7973852816444952,0,0,0,0,0,-1,40.6,1
MPLAD102770,Jharkhand,Ranchi,MP_051,Vendor_079,909327.16,909327.16,1.0,0,0,0,0,0,1,14.6,0
MPLAD102771,Chhattisgarh,Raipur,MP_113,Vendor_082,626011.9,537179.28,0.8580975537365984,0,0,0,0,0,1,18.8,0
MPLAD102772,Kerala,Kozhikode,MP_043,Vendor_030,788569.82,726357.07,0.9211068589969623,0,0,0,0,0,-1,46.6,1
MPLAD102773,Kerala,Kochi,MP_108,Vendor_116,1805996.72,1521653.4,0.8425560152733832,0,0,0,0,0,-1,53.8,1
MPLAD102774,Tamil Nadu,Coimbatore,MP_128,Vendor_089,561903.03,152900.42,0.2721117556529282,0,0,0,0,0,-1,43.5,1
MPLAD102775,Bihar,Patna,MP_028,Vendor_074,2882473.88,794791.51,0.2757324239829712,0,0,0,0,0,1,21.9,0
MPLAD102776,Kerala,Kochi,MP_104,Vendor_036,1320587.66,0.0,0.0,0,0,0,0,1,-1,60.0,1
MPLAD102777,Odisha,Cuttack,MP_017,Vendor_075,1766920.82,805064.39,0.4556312772408217,0,0,0,0,0,1,28.2,0
MPLAD102778,Tamil Nadu,Madurai,MP_125,Vendor_002,3960741.14,2622269.85,0.6620654461654618,0,0,0,0,0,-1,44.7,1
MPLAD102779,Karnataka,Mysuru,MP_019,Vendor_113,2727869.05,794203.88,0.29114443011844726,0,0,0,0,0,1,18.2,0
MPLAD102780,West Bengal,Siliguri,MP_032,Vendor_013,526791.97,159795.41,0.3033368371199736,0,0,0,0,0,1,23.6,0
MPLAD102781,Haryana,Gurugram,MP_126,Vendor_054,995714.74,935060.18,0.9390844008194557,0,0,0,0,0,-1,53.9,1
MPLAD102782,Assam,Dibrugarh,MP_131,Vendor_092,1190428.18,383198.1,0.3218993858159507,0,0,0,0,0,-1,46.4,1
MPLAD102783,Kerala,Kochi,MP_108,Vendor_065,1843495.32,464395.93,0.2519105554333601,0,0,0,0,0,1,19.6,0
MPLAD102784,Odisha,Cuttack,MP_039,Vendor_008,305886.26,171306.15,0.560032183204306,0,0,0,0,0,1,18.4,0
MPLAD102785,Punjab,Ludhiana,MP_030,Vendor_098,1301944.66,672253.04,0.5163453260755339,0,0,0,0,0,-1,40.9,1
MPLAD102786,Madhya Pradesh,Bhopal,MP_084,Vendor_057,2440855.82,80727.9,0.0330736044868066,0,1,0,0,0,1,85.0,1
MPLAD102787,Punjab,Ludhiana,MP_149,Vendor_099,1825431.77,550882.57,0.3017820655109996,0,0,0,0,0,1,27.1,0
MPLAD102788,Chhattisgarh,Bilaspur,MP_081,Vendor_001,813162.75,722842.41,0.8889271059206783,0,0,0,0,0,1,26.4,0
MPLAD102789,Gujarat,Surat,MP_053,Vendor_106,2149315.76,0.0,0.0,0,0,0,0,1,1,60.0,1
MPLAD102790,Maharashtra,Mumbai,MP_061,Vendor_051,1049023.08,984367.39,0.9383658079286491,0,0,0,0,0,-1,43.0,1
MPLAD102791,Jharkhand,Jamshedpur,MP_118,Vendor_092,793306.3,114029.66,0.1437397635692544,0,0,0,0,0,1,20.4,0
MPLAD102792,Chhattisgarh,Bilaspur,MP_103,Vendor_015,3247024.16,2886738.3,0.8890412136631591,0,0,0,0,0,-1,62.1,1
MPLAD102793,Bihar,Patna,MP_050,Vendor_077,3394484.4,1962339.2,0.5780963966132824,0,0,0,0,0,1,16.9,0
MPLAD102794,Gujarat,Ahmedabad,MP_047,Vendor_056,824672.14,0.0,0.0,0,0,0,0,1,1,60.0,1
MPLAD102795,Telangana,Hyderabad,MP_041,Vendor_110,658249.36,403478.62,0.6129571018496699,0,0,0,0,0,-1,41.4,1
MPLAD102796,Jharkhand,Ranchi,MP_107,Vendor_075,498443.29,654178.25,1.3124426853052833,0,0,1,0,0,-1,90.0,1
MPLAD102797,Karnataka,Mysuru,MP_062,Vendor_059,904958.98,254193.0,0.2808889746582768,0,0,0,0,0,1,26.2,0
MPLAD102798,Kerala,Kochi,MP_022,Vendor_058,3638689.71,1905490.69,0.5236749604571257,0,0,0,0,0,1,30.4,0
MPLAD102799,Maharashtra,Nashik,MP_011,Vendor_112,329255.85,284245.83,0.8632977363955722,0,0,0,1,0,-1,80.0,1
MPLAD102800,Madhya Pradesh,Bhopal,MP_084,Vendor_095,2099560.61,1832876.44,0.8729809614784114,0,0,0,0,0,-1,51.5,1
MPLAD102801,Haryana,Gurugram,MP_138,Vendor_081,2551707.73,0.0,0.0,0,0,0,0,1,1,60.0,1
MPLAD102802,Telangana,Hyderabad,MP_142,Vendor_069,1561843.17,1419380.84,0.9087857649625604,0,0,0,0,0,-1,50.0,1
MPLAD102803,Madhya Pradesh,Indore,MP_150,Vendor_021,1261117.91,0.0,0.0,0,0,0,0,1,1,60.0,1
MPLAD102804,Haryana,Gurugram,MP_126,Vendor_091,3760047.33,3694612.29,0.9825972828911173,0,0,0,0,0,-1,54.9,1
MPLAD102805,Odisha,Cuttack,MP_079,Vendor_038,2322641.26,1878188.36,0.8086433287592593,0,0,0,0,0,1,27.7,0
MPLAD102806,Odisha,Cuttack,MP_010,Vendor_039,1087305.65,517309.06,0.4757715183398523,0,0,0,0,0,1,12.6,0
MPLAD102807,West Bengal,Kolkata,MP_057,Vendor_029,4635211.2,0.0,0.0,0,1,0,0,1,1,85.0,1
MPLAD102808,Karnataka,Mysuru,MP_059,Vendor_075,1773744.61,653193.45,0.3682567638641055,0,0,0,0,0,1,33.9,0
MPLAD102809,Uttar Pradesh,Lucknow,MP_049,Vendor_041,3743561.48,1501689.13,0.40113916601150623,0,0,0,0,0,1,34.4,0
MPLAD102810,Tamil Nadu,Coimbatore,MP_078,Vendor_072,888734.7,0.0,0.0,0,0,0,0,1,1,60.0,1
MPLAD102811,Maharashtra,Nashik,MP_011,Vendor_103,3474273.52,1415321.12,0.40737181797937433,0,0,0,0,0,1,18.7,0
MPLAD102812,Assam,Dibrugarh,MP_123,Vendor_075,1061908.62,1041874.21,0.9811335837917954,0,0,0,0,0,-1,75.3,1
MPLAD102813,Punjab,Jalandhar,MP_114,Vendor_076,1434684.62,710501.88,0.4952321019514379,0,0,0,0,0,1,35.8,0
MPLAD102814,Assam,Silchar,MP_088,Vendor_054,1138786.52,0.0,0.0,0,0,0,0,1,-1,60.0,1
MPLAD102815,Chhattisgarh,Bilaspur,MP_081,Vendor_005,346534.21,178185.95,0.5141943994504901,0,0,0,0,0,-1,39.4,1
MPLAD102816,Chhattisgarh,Bilaspur,MP_081,Vendor_097,2102077.31,0.0,0.0,0,0,0,0,1,-1,62.5,1
MPLAD102817,Chhattisgarh,Raipur,MP_020,Vendor_102,623952.47,623952.47,1.0,0,0,0,0,0,1,6.8,0
MPLAD102818,Rajasthan,Jodhpur,MP_063,Vendor_114,1551438.58,1321068.47,0.8515119367471189,0,0,0,0,0,-1,48.1,1
MPLAD102819,Maharashtra,Nashik,MP_011,Vendor_092,1714366.21,927183.42,0.5408315998015384,0,0,0,0,0,1,27.3,0
MPLAD102820,Maharashtra,Mumbai,MP_105,Vendor_041,1931722.7,1931722.7,1.0,0,0,0,0,0,1,33.1,0
MPLAD102821,Chhattisgarh,Bilaspur,MP_094,Vendor_031,1483731.15,930327.96,0.6270192278432652,0,0,0,0,0,1,22.1,0
MPLAD102822,Tamil Nadu,Coimbatore,MP_128,Vendor_049,687120.69,0.0,0.0,0,0,0,0,1,1,60.0,1
MPLAD102823,Tamil Nadu,Madurai,MP_145,Vendor_083,2146456.34,895808.62,0.41734304271942474,0,0,0,0,0,-1,53.8,1
MPLAD102824,Bihar,Bhagalpur,MP_070,Vendor_118,1384376.43,145620.82,0.1051887455206096,0,0,0,0,0,-1,39.4,1
MPLAD102825,Assam,Guwahati,MP_024,Vendor_053,988099.55,413087.56,0.4180626941890622,0,0,0,0,0,1,11.8,0
MPLAD102826,Kerala,Thiruvananthapuram,MP_102,Vendor_081,843228.14,356319.15,0.4225655348741089,0,0,0,0,0,-1,52.8,1
MPLAD102827,Chhattisgarh,Raipur,MP_020,Vendor_025,1320398.44,0.0,0.0,0,0,0,0,1,1,60.0,1
MPLAD102828,Punjab,Ludhiana,MP_149,Vendor_085,1046364.83,0.0,0.0,0,0,0,0,1,1,60.0,1
MPLAD102829,Madhya Pradesh,Bhopal,MP_033,Vendor_107,857175.69,0.0,0.0,0,1,0,0,1,-1,85.0,1
MPLAD102830,Kerala,Kochi,MP_086,Vendor_059,4704845.92,4704845.92,1.0,0,0,0,0,0,-1,41.8,1
MPLAD102831,Maharashtra,Pune,MP_127,Vendor_008,1082035.31,796433.59,0.7360513863452385,0,0,0,0,0,-1,58.7,1
MPLAD102832,Tamil Nadu,Madurai,MP_087,Vendor_096,898655.04,0.0,0.0,0,0,0,0,1,1,60.0,1
MPLAD102833,Tamil Nadu,Coimbatore,MP_037,Vendor_064,512457.26,0.0,0.0,0,1,0,0,1,1,85.0,1
MPLAD102834,Chhattisgarh,Raipur,MP_020,Vendor_109,463453.11,187720.99,0.4050485064174022,0,0,0,0,0,1,3.9,0
MPLAD102835,Bihar,Patna,MP_028,Vendor_003,308350.22,307087.54,0.9959050458922974,0,0,0,0,0,1,22.5,0
MPLAD102836,Assam,Guwahati,MP_024,Vendor_017,1731516.02,0.0,0.0,0,0,0,0,1,1,60.0,1
MPLAD102837,Punjab,Jalandhar,MP_139,Vendor_085,1374582.06,1163747.38,0.8466190661618266,0,0,0,0,0,1,26.1,0
MPLAD102838,Tamil Nadu,Coimbatore,MP_037,Vendor_095,2084401.01,928518.4,0.4454605402441251,0,0,0,0,0,1,19.4,0
MPLAD102839,Maharashtra,Nashik,MP_068,Vendor_091,3213162.21,2766500.21,0.860989900039936,0,0,0,0,0,-1,45.3,1
MPLAD102840,Assam,Silchar,MP_129,Vendor_074,592778.67,250983.43,0.42340158764484553,0,0,0,0,0,1,19.1,0
MPLAD102841,West Bengal,Kolkata,MP_089,Vendor_061,13872960.64,0.0,0.0,0,0,0,0,1,1,60.0,1
MPLAD102842,Kerala,Kochi,MP_086,Vendor_011,2760493.96,1117347.94,0.4047637691625306,0,0,0,0,0,-1,64.1,1
MPLAD102843,Kerala,Kochi,MP_108,Vendor_088,226270.06,0.0,0.0,0,1,0,0,1,1,85.0,1
MPLAD102844,Bihar,Bhagalpur,MP_147,Vendor_106,1458413.42,1439420.15,0.9869767586203368,0,0,0,0,0,1,35.7,0
MPLAD102845,Gujarat,Surat,MP_006,Vendor_109,312078.93,0.0,0.0,0,0,0,0,1,1,60.0,1
MPLAD102846,Punjab,Ludhiana,MP_101,Vendor_022,1065330.04,0.0,0.0,0,0,0,0,1,1,60.0,1
MPLAD102847,Bihar,Bhagalpur,MP_077,Vendor_019,3482442.88,987403.08,0.28353748044820765,0,0,0,0,0,1,17.3,0
MPLAD102848,Gujarat,Ahmedabad,MP_002,Vendor_003,890001.0,365844.97,0.4110613021783121,0,0,0,0,0,1,25.7,0
MPLAD102849,Karnataka,Mysuru,MP_034,Vendor_086,2137729.79,1864568.05,0.8722187709233354,0,0,0,0,0,1,33.7,0
MPLAD102850,Rajasthan,Jodhpur,MP_063,Vendor_090,2440009.65,2078260.04,0.8517425494608187,0,0,0,0,0,1,23.5,0
MPLAD102851,Chhattisgarh,Raipur,MP_048,Vendor_055,423457.71,0.0,0.0,0,0,0,0,1,1,60.0,1
MPLAD102852,Uttar Pradesh,Lucknow,MP_049,Vendor_089,729591.85,729591.85,1.0,0,0,0,0,0,-1,68.9,1
MPLAD102853,Punjab,Jalandhar,MP_146,Vendor_119,4782846.4,4375893.69,0.9149141168321859,0,0,0,0,0,-1,44.0,1
MPLAD102854,Chhattisgarh,Raipur,MP_113,Vendor_098,2507948.0,1434892.16,0.5721379231148332,0,0,0,0,0,1,25.2,0
MPLAD102855,Assam,Silchar,MP_088,Vendor_001,7103223.02,2549383.46,0.3589051692199297,0,0,0,0,0,1,20.5,0
MPLAD102856,Gujarat,Surat,MP_006,Vendor_017,1423039.08,1255004.6,0.8819185766844857,0,0,0,0,0,-1,51.8,1
MPLAD102857,Gujarat,Ahmedabad,MP_100,Vendor_051,1116224.59,1099868.51,0.9853469631949248,0,0,0,0,0,1,33.1,0
MPLAD102858,Uttar Pradesh,Lucknow,MP_049,Vendor_074,742486.35,0.0,0.0,0,0,0,0,1,-1,60.0,1
MPLAD102859,Assam,Dibrugarh,MP_065,Vendor_042,697927.63,0.0,0.0,0,0,0,0,1,1,60.0,1
MPLAD102860,Bihar,Gaya,MP_072,Vendor_038,1796022.67,1464293.22,0.8152977378620728,0,0,0,0,0,-1,40.2,1
MPLAD102861,Rajasthan,Jaipur,MP_004,Vendor_019,1474053.15,1846264.49,1.2525087646941362,0,0,1,0,0,-1,90.0,1
MPLAD102862,Odisha,Rourkela,MP_106,Vendor_014,1386973.16,1386973.16,1.0,0,0,0,0,0,1,23.7,0
MPLAD102863,Gujarat,Vadodara,MP_025,Vendor_057,1357812.35,1158564.65,0.8532582944911348,0,0,0,0,0,1,38.6,0
MPLAD102864,Assam,Dibrugarh,MP_117,Vendor_044,461320.78,0.0,0.0,0,0,0,0,1,1,60.0,1
MPLAD102865,West Bengal,Siliguri,MP_071,Vendor_037,494230.07,308307.25,0.6238132171925517,0,0,0,0,0,1,24.7,0
MPLAD102866,Punjab,Amritsar,MP_012,Vendor_069,1836181.02,813320.26,0.44294121937933983,0,0,0,0,0,1,28.8,0
MPLAD102867,Assam,Guwahati,MP_024,Vendor_117,1776705.01,1664999.12,0.9371274976029927,0,0,0,0,0,1,18.3,0
MPLAD102868,Chhattisgarh,Raipur,MP_005,Vendor_012,611822.36,0.0,0.0,0,0,0,0,1,1,60.0,1
MPLAD102869,Gujarat,Ahmedabad,MP_047,Vendor_007,2012633.22,532761.95,0.2647089120391245,0,0,0,0,0,1,37.1,0
MPLAD102870,Madhya Pradesh,Bhopal,MP_084,Vendor_007,2264019.45,0.0,0.0,0,0,0,0,1,-1,60.0,1
MPLAD102871,Assam,Guwahati,MP_148,Vendor_087,425686.13,386877.53,0.9088328294840144,0,0,0,0,0,-1,41.5,1
MPLAD102872,Rajasthan,Udaipur,MP_023,Vendor_100,708262.46,0.0,0.0,0,0,0,0,1,1,60.0,1
MPLAD102873,Assam,Dibrugarh,MP_123,Vendor_021,670557.77,0.0,0.0,0,0,0,0,1,1,60.0,1
MPLAD102874,Andhra Pradesh,Guntur,MP_119,Vendor_073,1897192.93,1072876.86,0.5655075153584934,0,0,0,0,0,-1,50.5,1
MPLAD102875,Kerala,Thiruvananthapuram,MP_102,Vendor_070,3090976.99,3090976.99,1.0,0,0,0,0,0,-1,57.5,1
MPLAD102876,Rajasthan,Jaipur,MP_121,Vendor_011,932257.65,753245.89,0.807980379672937,0,0,0,0,0,-1,56.0,1
MPLAD102877,Chhattisgarh,Bilaspur,MP_058,Vendor_015,1252371.35,0.0,0.0,0,0,0,0,1,1,60.0,1
MPLAD102878,Assam,Silchar,MP_088,Vendor_108,689816.69,252053.6,0.3653921449769504,0,0,0,0,0,1,5.8,0
MPLAD102879,Uttar Pradesh,Varanasi,MP_096,Vendor_001,664030.9,284053.56,0.4277715991831103,0,0,0,0,0,1,24.3,0
MPLAD102880,Tamil Nadu,Madurai,MP_087,Vendor_096,1346729.76,0.0,0.0,0,0,0,0,1,1,60.0,1
MPLAD102881,Gujarat,Ahmedabad,MP_100,Vendor_119,3148993.08,0.0,0.0,0,0,0,0,1,-1,60.0,1
MPLAD102882,Gujarat,Ahmedabad,MP_047,Vendor_036,2330187.0,2262375.92,0.970898867773273,0,0,0,0,0,-1,62.3,1
MPLAD102883,Assam,Silchar,MP_129,Vendor_021,2041801.13,1119223.19,0.5481548489494665,0,0,0,0,0,1,17.0,0
MPLAD102884,West Bengal,Siliguri,MP_071,Vendor_049,421389.1,358446.03,0.8506295725257251,0,0,0,0,0,1,22.7,0
MPLAD102885,Punjab,Ludhiana,MP_124,Vendor_044,339042.13,89712.07,0.26460449030331423,0,0,0,0,0,1,13.6,0
MPLAD102886,Bihar,Gaya,MP_072,Vendor_081,1528707.96,977435.4,0.6393866098531992,0,0,0,0,0,-1,39.5,1
MPLAD102887,Punjab,Ludhiana,MP_124,Vendor_029,2313370.65,2116544.53,0.9149180352919234,0,0,0,0,0,1,23.1,0
MPLAD102888,Chhattisgarh,Bilaspur,MP_081,Vendor_024,1213050.72,1185430.17,0.9772305068991674,0,0,0,0,0,1,34.1,0
MPLAD102889,Assam,Silchar,MP_129,Vendor_114,1779108.24,320715.91,0.18026778966523138,0,0,0,0,0,1,37.3,0
MPLAD102890,Punjab,Ludhiana,MP_149,Vendor_019,877189.57,238821.18,0.2722572043349763,0,0,0,0,0,1,31.9,0
MPLAD102891,Uttar Pradesh,Lucknow,MP_049,Vendor_072,3571480.73,3162814.96,0.8855752555047385,0,0,0,0,0,1,37.7,0
MPLAD102892,Punjab,Jalandhar,MP_114,Vendor_003,2321185.88,680945.37,0.2933609823613092,0,0,0,0,0,1,19.7,0
MPLAD102893,Tamil Nadu,Chennai,MP_066,Vendor_119,9675793.82,9405790.5,0.9720949696714393,0,0,0,0,0,-1,57.8,1
MPLAD102894,Jharkhand,Jamshedpur,MP_046,Vendor_091,8591448.94,7397986.7,0.8610871986396279,0,0,0,0,0,-1,71.5,1
MPLAD102895,Bihar,Patna,MP_028,Vendor_107,4998179.08,2248225.86,0.44980898523547896,0,0,0,0,0,1,21.3,0
MPLAD102896,Chhattisgarh,Bilaspur,MP_094,Vendor_024,284971.06,116091.77,0.40738091088968825,0,0,0,0,0,1,11.2,0
MPLAD102897,Kerala,Thiruvananthapuram,MP_134,Vendor_117,2116424.98,1053607.27,0.4978240570568204,0,0,0,0,0,1,9.6,0
MPLAD102898,West Bengal,Siliguri,MP_071,Vendor_015,2857972.56,384853.27,0.1346595399082488,0,0,0,0,0,1,11.4,0
MPLAD102899,Gujarat,Surat,MP_006,Vendor_055,4679891.35,0.0,0.0,0,0,0,0,1,1,60.0,1
MPLAD102900,Jharkhand,Ranchi,MP_107,Vendor_039,709808.45,370451.97,0.5219041418850395,0,0,0,0,0,1,13.9,0
MPLAD102901,Punjab,Ludhiana,MP_141,Vendor_092,2781709.51,449630.11,0.16163805328472275,0,0,0,0,0,1,26.8,0
MPLAD102902,Madhya Pradesh,Indore,MP_150,Vendor_015,666838.5,616266.57,0.9241616523341109,0,0,0,0,0,1,37.7,0
MPLAD102903,Bihar,Bhagalpur,MP_147,Vendor_015,807088.79,772080.87,0.9566244502045431,0,0,0,0,0,1,33.3,0
MPLAD102904,Jharkhand,Ranchi,MP_051,Vendor_110,1823695.02,815693.13,0.4472749670611043,0,0,0,0,0,1,11.1,0
MPLAD102905,Tamil Nadu,Coimbatore,MP_128,Vendor_034,1458228.76,0.0,0.0,0,0,0,0,1,1,60.0,1
MPLAD102906,Jharkhand,Jamshedpur,MP_031,Vendor_010,5017856.36,2659131.48,0.5299337584067472,0,0,0,0,0,1,25.1,0
MPLAD102907,Chhattisgarh,Bilaspur,MP_080,Vendor_022,2922923.22,2814288.81,0.9628336422740519,0,0,0,0,0,-1,66.9,1
MPLAD102908,Andhra Pradesh,Guntur,MP_119,Vendor_075,2452503.94,1200388.38,0.4894542106219817,0,0,0,0,0,-1,51.5,1
MPLAD102909,Gujarat,Vadodara,MP_025,Vendor_003,2614520.97,1598134.26,0.6112531811133264,0,0,0,0,0,1,28.8,0
MPLAD102910,West Bengal,Kolkata,MP_054,Vendor_079,930291.78,912832.22,0.9812321678258835,0,0,0,0,0,1,29.8,0
MPLAD102911,Gujarat,Vadodara,MP_093,Vendor_007,1379543.76,0.0,0.0,0,0,0,0,1,1,60.0,1
MPLAD102912,Tamil Nadu,Madurai,MP_125,Vendor_003,1675874.76,0.0,0.0,0,0,0,0,1,1,60.0,1
MPLAD102913,Gujarat,Vadodara,MP_040,Vendor_041,825622.47,228804.36,0.27712952143853353,0,0,0,0,0,1,19.1,0
MPLAD102914,Assam,Silchar,MP_016,Vendor_107,762319.04,182941.01,0.23997958912321016,0,0,0,0,0,1,18.6,0
MPLAD102915,Tamil Nadu,Coimbatore,MP_078,Vendor_089,2149575.57,792335.41,0.36860086291360306,0,0,0,0,0,1,27.0,0
MPLAD102916,Kerala,Thiruvananthapuram,MP_102,Vendor_043,748766.76,301556.61,0.40273770967076583,0,0,0,0,0,1,15.1,0
MPLAD102917,Bihar,Bhagalpur,MP_070,Vendor_030,2231148.77,788860.32,0.3535668847398284,0,0,0,0,0,1,12.5,0
MPLAD102918,Rajasthan,Udaipur,MP_052,Vendor_109,1335519.41,1074104.08,0.804259430418911,0,0,0,0,0,1,29.2,0
MPLAD102919,Chhattisgarh,Raipur,MP_113,Vendor_061,891694.64,807859.3,0.9059820074728722,0,0,0,0,0,1,28.9,0
MPLAD102920,Gujarat,Vadodara,MP_025,Vendor_113,1558770.59,1428393.49,0.9163590198349841,0,0,0,0,0,1,29.2,0
MPLAD102921,Tamil Nadu,Madurai,MP_087,Vendor_060,4526333.05,533526.61,0.11787170853457193,0,0,0,0,0,1,2.9,0
MPLAD102922,Tamil Nadu,Coimbatore,MP_037,Vendor_011,603001.16,32896.57,0.05455473750664094,0,0,0,0,0,-1,55.9,1
MPLAD102923,Kerala,Kochi,MP_082,Vendor_119,1574867.15,1510930.5,0.9594018771678615,0,0,0,0,0,-1,57.9,1
MPLAD102924,Tamil Nadu,Coimbatore,MP_078,Vendor_099,8308424.94,2822685.6,0.3397377505826032,0,0,0,0,0,1,31.7,0
MPLAD102925,Rajasthan,Jaipur,MP_004,Vendor_120,1910877.84,0.0,0.0,0,0,0,0,1,1,60.0,1
MPLAD102926,Gujarat,Ahmedabad,MP_021,Vendor_031,381071.44,178866.6,0.46937813025295205,0,0,0,0,0,1,21.2,0
MPLAD102927,Assam,Dibrugarh,MP_075,Vendor_120,480327.16,430856.14,0.8970055742839943,0,0,0,0,0,1,18.0,0
MPLAD102928,Jharkhand,Jamshedpur,MP_118,Vendor_020,1090499.26,787352.63,0.7220111547806094,0,0,0,0,0,1,23.2,0
MPLAD102929,Chhattisgarh,Bilaspur,MP_103,Vendor_069,4916045.67,5645918.73,1.1484675100668869,0,0,1,0,0,1,90.0,1
MPLAD102930,Karnataka,Mysuru,MP_059,Vendor_094,383193.98,346294.74,0.9037061072827919,0,0,0,0,0,1,13.9,0
MPLAD102931,Assam,Silchar,MP_129,Vendor_002,736372.87,346374.27,0.47037891279183064,0,0,0,0,0,1,36.5,0
MPLAD102932,West Bengal,Siliguri,MP_111,Vendor_084,522265.05,0.0,0.0,0,0,0,0,1,-1,60.0,1
MPLAD102933,Jharkhand,Ranchi,MP_035,Vendor_012,316392.63,212662.95,0.6721488740113827,0,0,0,0,0,1,37.3,0
MPLAD102934,Rajasthan,Jodhpur,MP_063,Vendor_055,2129782.24,2055794.38,0.9652603638952307,0,0,0,0,0,-1,42.8,1
MPLAD102935,Rajasthan,Jaipur,MP_004,Vendor_023,2188061.5,0.0,0.0,0,0,0,0,1,1,60.0,1
MPLAD102936,Chhattisgarh,Raipur,MP_113,Vendor_109,1939904.71,314958.28,0.1623576036371395,0,0,0,0,0,1,8.1,0
MPLAD102937,Kerala,Thiruvananthapuram,MP_074,Vendor_001,734022.38,0.0,0.0,0,0,0,0,1,1,60.0,1
MPLAD102938,Tamil Nadu,Coimbatore,MP_037,Vendor_109,1801018.26,0.0,0.0,0,0,0,0,1,1,60.0,1
MPLAD102939,Chhattisgarh,Bilaspur,MP_103,Vendor_102,648278.94,313802.79,0.484055196980485,0,0,0,0,0,1,7.8,0
MPLAD102940,Telangana,Hyderabad,MP_140,Vendor_071,4047921.71,3441837.57,0.8502727613276888,0,0,0,0,0,1,30.6,0
MPLAD102941,Tamil Nadu,Madurai,MP_136,Vendor_028,2888589.96,2568822.36,0.88929976063477,0,0,0,0,0,-1,54.4,1
MPLAD102942,Tamil Nadu,Madurai,MP_087,Vendor_115,404525.06,0.0,0.0,0,0,0,0,1,1,60.0,1
MPLAD102943,West Bengal,Kolkata,MP_057,Vendor_039,1298117.27,454245.07,0.34992606638689894,0,0,0,0,0,1,9.7,0
MPLAD102944,Jharkhand,Ranchi,MP_109,Vendor_013,3923869.35,0.0,0.0,0,1,0,0,1,1,85.0,1
MPLAD102945,Punjab,Jalandhar,MP_146,Vendor_059,1070799.39,439634.22,0.41056637135364826,0,0,0,0,0,1,28.6,0
MPLAD102946,Punjab,Jalandhar,MP_045,Vendor_025,1915584.89,0.0,0.0,0,0,0,0,1,1,60.0,1
MPLAD102947,Kerala,Kochi,MP_108,Vendor_031,615416.83,207850.22,0.3377389272893301,0,0,0,0,0,1,23.7,0
MPLAD102948,Odisha,Bhubaneswar,MP_092,Vendor_084,1326880.03,1318223.94,0.9934763582205695,0,0,0,0,0,-1,42.7,1
MPLAD102949,Odisha,Cuttack,MP_017,Vendor_098,1121101.74,965567.99,0.8612670514631438,0,0,0,0,0,1,31.8,0
MPLAD102950,Kerala,Kochi,MP_073,Vendor_092,1258648.16,444830.42,0.3534191954008815,0,0,0,0,0,1,22.2,0
MPLAD102951,Tamil Nadu,Madurai,MP_125,Vendor_023,1590462.49,0.0,0.0,0,0,0,0,1,1,60.0,1
MPLAD102952,Assam,Dibrugarh,MP_131,Vendor_016,258465.25,94051.13,0.36388307519095897,0,0,0,0,0,1,11.1,0
MPLAD102953,Odisha,Cuttack,MP_017,Vendor_028,1504889.51,515876.7,0.34280038273374636,0,0,0,0,0,1,11.9,0
MPLAD102954,Maharashtra,Pune,MP_127,Vendor_089,804961.42,444977.45,0.5527935115200925,0,0,0,0,0,-1,47.9,1
MPLAD102955,Maharashtra,Mumbai,MP_105,Vendor_061,3863215.31,3412785.78,0.8834055329937072,0,0,0,0,0,-1,39.4,1
MPLAD102956,Uttar Pradesh,Varanasi,MP_096,Vendor_106,540354.85,281367.47,0.520708697256997,0,0,0,0,0,-1,43.8,1
MPLAD102957,Punjab,Jalandhar,MP_139,Vendor_084,988493.84,712679.65,0.7209753072411661,0,0,0,0,0,-1,55.1,1
MPLAD102958,Maharashtra,Nashik,MP_011,Vendor_068,1877596.31,456816.96,0.2432988164532556,0,0,0,0,0,1,32.8,0
MPLAD102959,Kerala,Kochi,MP_073,Vendor_017,363258.85,0.0,0.0,0,0,0,0,1,-1,60.0,1
MPLAD102960,Gujarat,Ahmedabad,MP_095,Vendor_017,201765.23,84675.11,0.41967146668432415,0,0,0,0,0,1,19.5,0
MPLAD102961,Maharashtra,Mumbai,MP_105,Vendor_067,1336818.27,429801.64,0.3215108961669113,0,0,0,0,0,1,14.3,0
MPLAD102962,Madhya Pradesh,Indore,MP_150,Vendor_047,4103012.59,3888692.97,0.9477653028600628,0,0,0,0,0,-1,65.7,1
MPLAD102963,Haryana,Gurugram,MP_091,Vendor_064,903237.32,416250.82,0.4608432477081439,0,0,0,0,0,1,30.4,0
MPLAD102964,Chhattisgarh,Bilaspur,MP_094,Vendor_077,2257177.83,1023573.52,0.45347491296244036,0,0,0,0,0,1,32.3,0
MPLAD102965,Chhattisgarh,Bilaspur,MP_058,Vendor_043,2282638.28,1317422.4,0.5771489997092312,0,0,0,0,0,1,15.5,0
MPLAD102966,Assam,Dibrugarh,MP_117,Vendor_071,951241.54,733087.57,0.7706639577577741,0,0,0,0,0,1,36.9,0
MPLAD102967,West Bengal,Kolkata,MP_089,Vendor_119,1817767.95,343494.82,0.1889651646680205,0,0,0,0,0,1,28.5,0
MPLAD102968,Kerala,Thiruvananthapuram,MP_083,Vendor_025,205388.46,0.0,0.0,0,0,0,0,1,1,60.0,1
MPLAD102969,Haryana,Gurugram,MP_126,Vendor_052,3039630.12,0.0,0.0,0,0,0,0,1,-1,62.2,1
MPLAD102970,Assam,Silchar,MP_016,Vendor_006,847245.18,847245.18,1.0,0,0,0,0,0,1,17.7,0
MPLAD102971,Uttar Pradesh,Lucknow,MP_049,Vendor_032,395647.64,453588.07,1.1464445232126241,0,0,1,0,0,-1,90.0,1
MPLAD102972,Madhya Pradesh,Bhopal,MP_084,Vendor_008,1320895.5,1468839.66,1.1120029252881851,0,0,1,0,0,-1,90.0,1
MPLAD102973,Odisha,Rourkela,MP_106,Vendor_111,2366465.4,480842.55,0.20319018820220233,0,0,0,0,0,1,16.7,0
MPLAD102974,Maharashtra,Pune,MP_127,Vendor_022,1916596.54,86410.85,0.045085571322173,0,0,0,0,0,1,27.1,0
MPLAD102975,Haryana,Gurugram,MP_126,Vendor_011,721074.32,0.0,0.0,0,0,0,0,1,-1,60.0,1
MPLAD102976,Rajasthan,Jaipur,MP_121,Vendor_059,861368.02,0.0,0.0,0,0,0,0,1,-1,60.0,1
MPLAD102977,Gujarat,Surat,MP_053,Vendor_010,803898.02,383452.38,0.4769913228546078,0,0,0,0,0,1,23.1,0
MPLAD102978,Haryana,Faridabad,MP_137,Vendor_030,790919.31,0.0,0.0,0,0,0,0,1,1,60.0,1
MPLAD102979,Odisha,Rourkela,MP_013,Vendor_037,1670358.75,344484.58,0.20623388837876894,0,0,0,0,0,1,11.3,0
MPLAD102980,Bihar,Bhagalpur,MP_018,Vendor_035,407076.87,379333.42,0.9318471471985131,0,0,0,0,0,-1,53.1,1
MPLAD102981,Kerala,Thiruvananthapuram,MP_083,Vendor_096,657730.8,73346.98,0.11151519740294964,0,0,0,0,0,1,14.9,0
MPLAD102982,Punjab,Jalandhar,MP_115,Vendor_006,306495.05,117361.96,0.38291633094890115,0,0,0,0,0,1,23.6,0
MPLAD102983,Karnataka,Mysuru,MP_062,Vendor_034,2252237.29,2176426.93,0.9663399765483859,0,0,0,0,0,-1,48.0,1
MPLAD102984,Haryana,Gurugram,MP_138,Vendor_117,1237785.31,236397.04,0.1909838791025885,0,0,0,0,0,1,25.6,0
MPLAD102985,Odisha,Cuttack,MP_079,Vendor_077,13786113.56,12472959.94,0.9047480920358819,0,0,0,0,0,-1,50.4,1
MPLAD102986,Assam,Dibrugarh,MP_117,Vendor_009,496844.05,212264.76,0.4272261286011174,0,0,0,0,0,1,28.1,0
MPLAD102987,Odisha,Bhubaneswar,MP_092,Vendor_019,1357159.0,317566.15,0.2339933272372655,0,0,0,0,0,1,21.4,0
MPLAD102988,Chhattisgarh,Raipur,MP_020,Vendor_111,3280851.73,3121063.58,0.9512967475674373,0,0,0,0,0,1,22.0,0
MPLAD102989,Kerala,Kochi,MP_073,Vendor_107,761818.37,590227.5,0.7747614434658487,0,0,0,0,0,-1,48.9,1
MPLAD102990,Tamil Nadu,Madurai,MP_087,Vendor_021,2161017.89,0.0,0.0,0,0,0,0,1,1,60.0,1
MPLAD102991,Rajasthan,Jodhpur,MP_063,Vendor_036,1296716.95,1218690.51,0.9398277010260412,0,0,0,0,0,-1,56.5,1
MPLAD102992,West Bengal,Siliguri,MP_032,Vendor_115,2381953.24,2196201.07,0.9220168696510598,0,0,0,0,0,1,33.0,0
MPLAD102993,Karnataka,Mysuru,MP_062,Vendor_095,1560809.22,141435.01,0.09061646240147148,0,0,0,0,0,1,25.4,0
MPLAD102994,Madhya Pradesh,Bhopal,MP_084,Vendor_099,804470.96,366221.88,0.4552331882806559,0,0,0,0,0,1,21.8,0
MPLAD102995,West Bengal,Siliguri,MP_032,Vendor_112,474570.83,88359.9,0.18618906686700484,0,0,0,0,0,1,32.2,0
MPLAD102996,Maharashtra,Mumbai,MP_067,Vendor_091,1426861.14,0.0,0.0,0,0,0,0,1,1,60.0,1
MPLAD102997,Haryana,Gurugram,MP_138,Vendor_059,1163599.62,0.0,0.0,0,0,0,0,1,1,60.0,1
MPLAD102998,Maharashtra,Nashik,MP_068,Vendor_063,684772.7,681898.1,0.9958021106857794,0,0,0,0,0,1,29.4,0
MPLAD102999,Gujarat,Ahmedabad,MP_047,Vendor_007,852314.67,764076.62,0.8964724495473015,0,0,0,0,0,-1,62.3,1
MPLAD103000,Gujarat,Ahmedabad,MP_015,Vendor_039,669588.88,333754.02,0.4984461808863971,0,0,0,0,0,1,38.5,0
MPLAD103001,Kerala,Kochi,MP_086,Vendor_054,650772.67,316822.44,0.48684042001948236,0,0,0,0,0,-1,62.4,1
MPLAD103002,Tamil Nadu,Chennai,MP_135,Vendor_040,955275.83,407807.59,0.426900354005607,0,0,0,0,0,1,11.3,0
MPLAD103003,Punjab,Jalandhar,MP_115,Vendor_112,1068470.94,265933.75,0.24889188844012924,0,0,0,0,0,1,20.0,0
MPLAD103004,Maharashtra,Mumbai,MP_069,Vendor_114,1878585.67,717032.41,0.38168736270622144,0,0,0,0,0,1,25.8,0
MPLAD103005,West Bengal,Siliguri,MP_032,Vendor_059,1514226.49,688529.5,0.45470707621816864,0,0,0,0,0,-1,42.0,1
MPLAD103006,Rajasthan,Jaipur,MP_121,Vendor_051,2553634.75,2396145.93,0.9383275858068583,0,0,0,0,0,1,32.2,0
MPLAD103007,Jharkhand,Jamshedpur,MP_132,Vendor_015,920324.25,877375.22,0.9533327194192699,0,0,0,0,0,1,22.6,0
MPLAD103008,Assam,Dibrugarh,MP_065,Vendor_049,1523884.26,1270491.23,0.83371897941908,0,0,0,0,0,1,31.6,0
MPLAD103009,Gujarat,Vadodara,MP_093,Vendor_086,811742.28,324534.71,0.39980018042179594,0,0,0,0,0,1,26.1,0
MPLAD103010,Gujarat,Ahmedabad,MP_095,Vendor_012,1746437.0,1492711.41,0.8547181547344679,0,0,0,0,0,1,38.3,0
MPLAD103011,Odisha,Rourkela,MP_090,Vendor_116,1534761.93,412701.45,0.26890258478068974,0,0,0,0,0,-1,45.8,1
MPLAD103012,Odisha,Cuttack,MP_039,Vendor_044,1355687.82,402789.69,0.2971109454977621,0,0,0,0,0,1,28.9,0
MPLAD103013,Tamil Nadu,Coimbatore,MP_078,Vendor_099,480514.15,261390.45,0.5439807547811027,0,0,0,0,0,1,12.1,0
MPLAD103014,Gujarat,Surat,MP_097,Vendor_105,664420.83,0.0,0.0,0,1,0,0,1,1,85.0,1
MPLAD103015,Odisha,Rourkela,MP_013,Vendor_053,4690708.18,3814849.58,0.8132779600883209,0,0,0,0,0,1,36.1,0
MPLAD103016,Gujarat,Vadodara,MP_025,Vendor_102,341634.64,295469.91,0.8648710505468649,0,0,0,0,0,-1,44.3,1
MPLAD103017,Odisha,Cuttack,MP_010,Vendor_116,1739044.74,1414071.2,0.8131310066237859,0,0,0,0,0,-1,56.3,1
MPLAD103018,Telangana,Hyderabad,MP_142,Vendor_034,666666.33,156127.91,0.23419198326695156,0,0,0,0,0,1,12.6,0
MPLAD103019,West Bengal,Kolkata,MP_057,Vendor_048,968447.45,642457.66,0.6633892835383066,0,0,0,0,0,1,29.4,0
MPLAD103020,Jharkhand,Ranchi,MP_107,Vendor_042,2396624.99,1118612.06,0.46674472004066014,0,0,0,0,0,1,24.5,0
MPLAD103021,Madhya Pradesh,Bhopal,MP_033,Vendor_093,372592.54,107543.38,0.288635354857078,0,0,0,0,0,1,19.7,0
MPLAD103022,Kerala,Kochi,MP_022,Vendor_062,1869808.94,859750.19,0.4598064388332639,0,0,0,0,0,1,28.9,0
MPLAD103023,Karnataka,Mysuru,MP_019,Vendor_069,2128958.04,1138722.36,0.5348730874940119,0,0,0,0,0,1,11.1,0
MPLAD103024,Gujarat,Surat,MP_122,Vendor_023,2333716.6,2033530.59,0.8713699812565073,0,0,0,0,0,-1,42.6,1
MPLAD103025,Tamil Nadu,Chennai,MP_135,Vendor_034,1449751.8,486402.7,0.3355075675712215,0,0,0,0,0,1,12.3,0
MPLAD103026,Tamil Nadu,Madurai,MP_145,Vendor_107,610694.85,238059.19,0.38981692739016877,0,0,0,0,0,1,27.0,0
MPLAD103027,Jharkhand,Ranchi,MP_035,Vendor_011,2427049.46,1935383.26,0.7974222577235818,0,0,0,0,0,-1,73.0,1
MPLAD103028,Odisha,Bhubaneswar,MP_092,Vendor_105,1041586.41,479397.33,0.4602568979370612,0,0,0,0,0,1,23.9,0
MPLAD103029,Jharkhand,Jamshedpur,MP_046,Vendor_039,1028190.88,518324.76,0.504113360740955,0,0,0,0,0,1,31.0,0
MPLAD103030,Rajasthan,Jaipur,MP_004,Vendor_094,777032.64,194782.95,0.2506753770343547,0,0,0,0,0,1,17.6,0
MPLAD103031,Andhra Pradesh,Guntur,MP_119,Vendor_096,640453.44,175217.26,0.27358313509878257,0,0,0,0,0,-1,48.5,1
MPLAD103032,Odisha,Rourkela,MP_106,Vendor_072,2622908.67,2566952.3,0.9786662911141316,0,0,0,0,0,1,38.4,0
MPLAD103033,Gujarat,Ahmedabad,MP_100,Vendor_013,875316.29,817772.28,0.9342591807585348,0,0,0,0,0,-1,43.0,1
MPLAD103034,Maharashtra,Pune,MP_014,Vendor_063,685036.41,0.0,0.0,0,0,0,0,1,1,60.0,1
MPLAD103035,Odisha,Cuttack,MP_010,Vendor_022,718783.34,561984.88,0.7818557397281913,0,0,0,0,0,-1,40.5,1
MPLAD103036,Maharashtra,Mumbai,MP_105,Vendor_084,1624144.01,0.0,0.0,0,0,0,0,1,-1,60.0,1
MPLAD103037,Kerala,Kochi,MP_085,Vendor_098,2422941.41,1127111.0,0.4651829364705934,0,0,0,0,0,1,34.6,0
MPLAD103038,Gujarat,Surat,MP_122,Vendor_033,524291.88,0.0,0.0,0,0,0,0,1,-1,60.1,1
MPLAD103039,Tamil Nadu,Coimbatore,MP_078,Vendor_055,3430412.0,36663.06,0.010687655010535178,0,1,0,0,0,1,85.0,1
MPLAD103040,Rajasthan,Udaipur,MP_052,Vendor_117,2449958.06,2305007.22,0.9408353790350191,0,0,0,0,0,1,37.9,0
MPLAD103041,Uttar Pradesh,Varanasi,MP_007,Vendor_088,627354.32,589815.14,0.9401627137914664,0,0,0,0,0,-1,44.5,1
MPLAD103042,Tamil Nadu,Madurai,MP_087,Vendor_072,921957.61,39359.62,0.042691355408411895,0,1,0,0,0,1,85.0,1
MPLAD103043,Jharkhand,Ranchi,MP_109,Vendor_033,436875.85,242094.3,0.5541489647459341,0,0,0,0,0,1,31.0,0
MPLAD103044,Jharkhand,Jamshedpur,MP_118,Vendor_063,1493969.27,1374879.91,0.9202866066984094,0,0,0,0,0,1,30.7,0
MPLAD103045,Rajasthan,Jodhpur,MP_099,Vendor_084,2681150.99,0.0,0.0,0,0,0,0,1,1,60.0,1
MPLAD103046,Rajasthan,Jodhpur,MP_099,Vendor_031,1301307.44,393724.0,0.30256032348512507,0,0,0,0,0,1,28.5,0
MPLAD103047,Andhra Pradesh,Vijayawada,MP_116,Vendor_102,531316.49,460786.39,0.8672540729914104,0,0,0,0,0,-1,41.9,1
MPLAD103048,Tamil Nadu,Madurai,MP_125,Vendor_010,3172723.34,0.0,0.0,0,1,0,0,1,1,85.0,1
MPLAD103049,Haryana,Faridabad,MP_112,Vendor_079,2003327.58,1067718.26,0.5329723758907168,0,0,0,0,0,1,14.9,0
MPLAD103050,Jharkhand,Ranchi,MP_107,Vendor_032,1850324.75,782658.89,0.4229846085126408,0,0,0,0,0,1,13.8,0
MPLAD103051,Kerala,Kochi,MP_086,Vendor_085,1045787.62,250299.21,0.23934038347097664,0,0,0,0,0,-1,43.8,1
MPLAD103052,West Bengal,Siliguri,MP_111,Vendor_047,581829.67,306868.75,0.5274202499848452,0,0,0,0,0,1,26.2,0
MPLAD103053,Punjab,Amritsar,MP_098,Vendor_050,834961.55,0.0,0.0,0,1,0,0,1,1,85.0,1
MPLAD103054,Maharashtra,Nashik,MP_011,Vendor_067,5183708.55,87930.88,0.016962928982571755,0,1,0,0,0,1,85.0,1
MPLAD103055,Rajasthan,Jaipur,MP_004,Vendor_080,1781059.17,0.0,0.0,0,1,0,0,1,-1,85.0,1
MPLAD103056,Jharkhand,Ranchi,MP_035,Vendor_109,1604474.53,1545125.65,0.9630103944373613,0,0,0,0,0,-1,46.7,1
MPLAD103057,Gujarat,Ahmedabad,MP_002,Vendor_022,718642.73,348713.64,0.485239223111601,0,0,0,0,0,-1,41.7,1
MPLAD103058,Karnataka,Mysuru,MP_019,Vendor_090,1144014.11,1105475.75,0.9663130378697863,0,0,0,0,0,1,25.2,0
MPLAD103059,Uttar Pradesh,Lucknow,MP_049,Vendor_105,1383592.78,0.0,0.0,0,1,0,0,1,-1,85.0,1
MPLAD103060,Rajasthan,Jodhpur,MP_063,Vendor_079,1549370.38,0.0,0.0,0,0,0,0,1,1,60.0,1
MPLAD103061,Karnataka,Hubballi,MP_029,Vendor_120,3432787.44,879940.18,0.2563340129209981,0,0,0,0,0,1,23.9,0
MPLAD103062,Punjab,Ludhiana,MP_124,Vendor_041,858647.56,436684.66,0.5085726441707934,0,0,0,0,0,-1,41.9,1
MPLAD103063,Madhya Pradesh,Bhopal,MP_084,Vendor_012,580032.56,147446.38,0.2542036260860942,0,0,0,0,0,1,24.3,0
MPLAD103064,Karnataka,Mysuru,MP_059,Vendor_001,1882089.21,786616.22,0.4179484244532702,0,0,0,0,0,1,22.0,0
MPLAD103065,Maharashtra,Nashik,MP_011,Vendor_014,1829930.43,881463.86,0.48169255265075844,0,0,0,0,0,1,22.6,0
MPLAD103066,Tamil Nadu,Madurai,MP_145,Vendor_071,331806.94,418291.31,1.260646657963212,0,0,1,0,0,-1,90.0,1
MPLAD103067,Bihar,Gaya,MP_060,Vendor_079,1024280.72,58749.45,0.057356785940479285,0,0,0,0,0,1,27.5,0
MPLAD103068,Bihar,Patna,MP_120,Vendor_059,609194.98,537585.5,0.8824522815339023,0,0,0,0,0,1,17.9,0
MPLAD103069,Karnataka,Mysuru,MP_034,Vendor_054,1601529.76,1424179.86,0.8892621889211725,0,0,0,0,0,-1,56.6,1
MPLAD103070,West Bengal,Siliguri,MP_032,Vendor_091,1110418.34,1098127.0,0.9889308924778746,0,0,0,0,0,1,28.3,0
MPLAD103071,Karnataka,Mysuru,MP_034,Vendor_013,965451.74,555109.33,0.574973669838743,0,0,0,0,0,1,26.1,0
MPLAD103072,Rajasthan,Jaipur,MP_004,Vendor_007,581342.92,29067.15,0.05000000688062048,0,0,0,0,0,-1,39.6,1
MPLAD103073,Odisha,Cuttack,MP_010,Vendor_006,2958238.32,2837394.18,0.9591499646316529,0,0,0,0,0,1,32.6,0
MPLAD103074,Jharkhand,Jamshedpur,MP_118,Vendor_075,226551.48,196143.83,0.8657803956963777,0,0,0,0,0,1,37.2,0
MPLAD103075,Chhattisgarh,Raipur,MP_048,Vendor_104,700179.82,464261.33,0.6630601407507004,0,0,0,0,0,1,13.2,0
MPLAD103076,Tamil Nadu,Madurai,MP_087,Vendor_012,846966.39,0.0,0.0,0,0,0,0,1,1,60.0,1
MPLAD103077,West Bengal,Siliguri,MP_071,Vendor_047,425243.09,0.0,0.0,0,0,0,0,1,1,60.0,1
MPLAD103078,Jharkhand,Ranchi,MP_051,Vendor_011,1647422.04,1586222.32,0.9628512193511749,0,0,0,0,0,-1,60.3,1
MPLAD103079,Maharashtra,Mumbai,MP_067,Vendor_087,2194448.48,539298.41,0.2457557855265757,0,0,0,0,0,1,14.6,0
MPLAD103080,Assam,Guwahati,MP_133,Vendor_057,1213932.61,1011282.51,0.8330631384883876,0,0,0,0,0,1,26.1,0
MPLAD103081,Karnataka,Mysuru,MP_034,Vendor_039,567609.03,471359.91,0.8304306046716697,0,0,0,0,0,1,24.0,0
MPLAD103082,Bihar,Patna,MP_028,Vendor_040,354240.57,303626.98,0.8571208543391853,0,0,0,0,0,1,19.4,0
MPLAD103083,Karnataka,Hubballi,MP_029,Vendor_016,1760030.79,1018342.77,0.5785937244881949,0,0,0,0,0,1,24.6,0
MPLAD103084,Gujarat,Vadodara,MP_040,Vendor_031,550129.81,0.0,0.0,0,0,0,0,1,-1,60.0,1
MPLAD103085,Telangana,Hyderabad,MP_142,Vendor_066,649249.12,137796.97,0.21224051870875082,0,0,0,0,0,1,18.5,0
MPLAD103086,Assam,Guwahati,MP_133,Vendor_111,3879334.55,0.0,0.0,0,0,0,0,1,1,60.0,1
MPLAD103087,Gujarat,Ahmedabad,MP_047,Vendor_012,2735623.63,1533463.2,0.5605534267153556,0,0,0,0,0,1,27.8,0
MPLAD103088,Tamil Nadu,Coimbatore,MP_037,Vendor_023,961583.06,961583.06,1.0,0,0,0,0,0,1,31.8,0
MPLAD103089,Jharkhand,Jamshedpur,MP_031,Vendor_033,1443348.84,849226.3,0.5883721775811314,0,0,0,0,0,1,35.8,0
MPLAD103090,Tamil Nadu,Coimbatore,MP_078,Vendor_079,350333.72,326425.13,0.9317548136673799,0,0,0,0,0,1,38.0,0
MPLAD103091,Kerala,Thiruvananthapuram,MP_102,Vendor_020,3116062.53,3116062.53,1.0,0,0,0,0,0,1,37.6,0
MPLAD103092,Maharashtra,Nashik,MP_068,Vendor_052,360072.58,383734.78,1.0657150844421421,0,0,1,0,0,-1,90.0,1
MPLAD103093,Jharkhand,Ranchi,MP_107,Vendor_113,414531.77,0.0,0.0,0,0,0,0,1,1,60.0,1
MPLAD103094,Tamil Nadu,Coimbatore,MP_128,Vendor_023,2247918.78,2247918.78,1.0,0,0,0,0,0,1,32.2,0
MPLAD103095,Odisha,Rourkela,MP_013,Vendor_105,797796.68,503733.11,0.6314053726069654,0,0,0,0,0,1,11.5,0
MPLAD103096,Rajasthan,Udaipur,MP_044,Vendor_056,919103.72,23349.89,0.025405065273808272,0,0,0,0,0,1,33.5,0
MPLAD103097,West Bengal,Kolkata,MP_089,Vendor_061,1159048.68,1096614.99,0.9461336774914407,0,0,0,0,0,-1,62.5,1
MPLAD103098,Madhya Pradesh,Bhopal,MP_033,Vendor_060,762966.37,596778.71,0.7821821950029069,0,0,0,0,0,1,15.9,0
MPLAD103099,West Bengal,Siliguri,MP_111,Vendor_007,1325689.43,716853.53,0.5407401717006977,0,0,0,0,0,1,32.0,0
MPLAD103100,Bihar,Gaya,MP_060,Vendor_080,1259020.02,486363.85,0.38630350770752636,0,0,0,0,0,-1,43.7,1
MPLAD103101,Odisha,Cuttack,MP_079,Vendor_034,913555.59,0.0,0.0,0,0,0,0,1,1,60.0,1
MPLAD103102,Karnataka,Hubballi,MP_029,Vendor_091,1567269.35,570822.34,0.3642145748591331,0,0,0,0,0,-1,41.9,1
MPLAD103103,Odisha,Cuttack,MP_079,Vendor_029,500000.0,500000.0,1.0,0,0,0,0,1,1,60.0,1
MPLAD103104,Rajasthan,Jodhpur,MP_063,Vendor_029,577528.52,518024.32,0.8969675125308098,0,0,0,0,0,1,17.9,0
MPLAD103105,Odisha,Bhubaneswar,MP_092,Vendor_085,5879910.89,5879910.89,1.0,0,0,0,0,0,-1,71.9,1
MPLAD103106,Assam,Dibrugarh,MP_075,Vendor_060,2084427.39,2614687.23,1.2543911304101603,0,0,1,0,0,1,90.0,1
MPLAD103107,Haryana,Gurugram,MP_138,Vendor_083,942466.91,788293.71,0.8364152647014418,0,0,0,0,0,-1,47.3,1
MPLAD103108,Odisha,Rourkela,MP_013,Vendor_095,657958.76,271721.51,0.41297650630869326,0,0,0,0,0,-1,45.7,1
MPLAD103109,Jharkhand,Jamshedpur,MP_118,Vendor_027,1905857.76,538326.42,0.2824588651358746,0,0,0,0,0,1,23.6,0
MPLAD103110,Gujarat,Surat,MP_053,Vendor_013,1066905.11,252232.2,0.23641483917909062,0,0,0,0,0,1,20.2,0
MPLAD103111,Odisha,Cuttack,MP_017,Vendor_002,3078760.69,0.0,0.0,0,0,0,0,1,1,60.0,1
MPLAD103112,Jharkhand,Ranchi,MP_035,Vendor_016,1118204.1,342995.31,0.30673766086173354,0,0,0,0,0,1,26.4,0
MPLAD103113,Maharashtra,Pune,MP_014,Vendor_020,362497.14,174352.37,0.4809758499060158,0,0,0,0,0,1,23.8,0
MPLAD103114,Kerala,Kochi,MP_008,Vendor_011,3316769.41,3724224.13,1.1228468638101676,0,0,1,0,0,-1,90.0,1
MPLAD103115,Assam,Guwahati,MP_024,Vendor_117,1608346.32,0.0,0.0,0,1,0,0,1,1,85.0,1
MPLAD103116,Telangana,Hyderabad,MP_041,Vendor_105,2196975.83,232783.14,0.10595616793836098,0,0,0,0,0,1,25.4,0
MPLAD103117,Chhattisgarh,Bilaspur,MP_081,Vendor_085,501756.13,315181.63,0.6281570092626472,0,0,0,0,0,1,17.3,0
MPLAD103118,Punjab,Jalandhar,MP_144,Vendor_027,2673561.23,0.0,0.0,0,0,0,0,1,1,60.0,1
MPLAD103119,Haryana,Gurugram,MP_138,Vendor_052,1132618.1,719861.08,0.6355726435945178,0,0,0,0,0,-1,39.8,1
MPLAD103120,Tamil Nadu,Madurai,MP_145,Vendor_045,570638.02,81921.23,0.1435607637920796,0,0,0,0,0,1,15.6,0
MPLAD103121,Tamil Nadu,Coimbatore,MP_128,Vendor_029,20947605.65,0.0,0.0,1,1,0,0,1,1,85.0,1
MPLAD103122,West Bengal,Siliguri,MP_032,Vendor_050,957738.87,0.0,0.0,0,0,0,0,1,1,60.0,1
MPLAD103123,Bihar,Patna,MP_028,Vendor_006,447157.93,165414.14,0.3699233065149935,0,0,0,0,0,1,7.9,0
MPLAD103124,Telangana,Hyderabad,MP_041,Vendor_064,1314576.74,1275618.82,0.9703646665770156,0,0,0,0,0,-1,50.6,1
MPLAD103125,Jharkhand,Ranchi,MP_109,Vendor_001,389104.46,0.0,0.0,0,0,0,0,1,1,60.0,1
MPLAD103126,Jharkhand,Jamshedpur,MP_031,Vendor_097,1358143.03,339649.01,0.25008338775629546,0,0,0,0,0,-1,74.3,1
MPLAD103127,Madhya Pradesh,Bhopal,MP_033,Vendor_108,961033.09,961033.09,1.0,0,0,0,0,0,-1,48.0,1
MPLAD103128,Odisha,Cuttack,MP_017,Vendor_008,1405191.85,574413.84,0.4087796552477869,0,0,0,0,0,1,17.7,0
MPLAD103129,Maharashtra,Pune,MP_127,Vendor_086,2080821.16,1758180.71,0.8449456127214701,0,0,0,0,0,1,26.0,0
MPLAD103130,West Bengal,Siliguri,MP_071,Vendor_044,292200.52,0.0,0.0,0,0,0,0,1,1,60.0,1
MPLAD103131,Haryana,Gurugram,MP_138,Vendor_039,213229.7,0.0,0.0,0,0,0,0,1,1,60.0,1
MPLAD103132,Haryana,Gurugram,MP_003,Vendor_010,2082039.53,2082039.53,1.0,0,0,0,0,0,1,30.8,0
MPLAD103133,Assam,Dibrugarh,MP_117,Vendor_060,3979765.05,3455218.71,0.8681966564835278,0,0,0,0,0,1,24.3,0
MPLAD103134,Maharashtra,Mumbai,MP_105,Vendor_118,771048.22,751566.19,0.9747330588481223,0,0,0,0,0,1,35.3,0
MPLAD103135,Odisha,Rourkela,MP_106,Vendor_050,938018.84,727914.66,0.7760128357336619,0,0,0,0,0,1,13.7,0
MPLAD103136,Punjab,Ludhiana,MP_141,Vendor_094,2829342.97,131971.18,0.04664375489267743,0,1,0,0,0,1,85.0,1
MPLAD103137,Tamil Nadu,Chennai,MP_135,Vendor_073,1375276.88,1364128.24,0.991893530559461,0,0,0,0,0,1,19.2,0
MPLAD103138,Tamil Nadu,Madurai,MP_136,Vendor_072,1577448.21,637722.72,0.40427490167807156,0,0,0,0,0,1,12.3,0
MPLAD103139,Gujarat,Vadodara,MP_040,Vendor_053,746859.68,191406.44,0.2562816619046833,0,0,0,0,0,1,28.2,0
MPLAD103140,Gujarat,Vadodara,MP_093,Vendor_051,2188159.85,1984876.39,0.9070984416426432,0,0,0,0,0,1,33.8,0
MPLAD103141,Rajasthan,Jodhpur,MP_099,Vendor_042,1095065.43,646589.07,0.5904570195408324,0,0,0,0,0,1,28.8,0
MPLAD103142,Maharashtra,Nashik,MP_068,Vendor_076,3795958.12,3297881.51,0.868787643526478,0,0,0,0,0,1,31.8,0
MPLAD103143,Punjab,Amritsar,MP_064,Vendor_096,3909748.72,3466148.97,0.8865400869035901,0,0,0,0,0,1,34.2,0
MPLAD103144,Kerala,Thiruvananthapuram,MP_083,Vendor_044,1598017.01,0.0,0.0,0,0,0,0,1,1,60.0,1
MPLAD103145,Bihar,Bhagalpur,MP_077,Vendor_111,1023046.84,421299.69,0.41180879851014446,0,0,0,0,0,1,13.9,0
MPLAD103146,Kerala,Kochi,MP_082,Vendor_115,447092.29,0.0,0.0,0,1,0,0,1,-1,85.0,1
MPLAD103147,Tamil Nadu,Madurai,MP_145,Vendor_024,355622.75,316573.6,0.8901950170510744,0,0,0,0,0,1,15.5,0
MPLAD103148,Odisha,Bhubaneswar,MP_092,Vendor_055,1198021.36,7748.58,0.006467814563840497,0,1,0,0,0,-1,85.0,1
MPLAD103149,Andhra Pradesh,Guntur,MP_036,Vendor_082,324718.03,104715.34,0.32248083052240734,0,0,0,0,0,1,32.3,0
MPLAD103150,Odisha,Cuttack,MP_079,Vendor_022,531067.85,193661.47,0.364664270299925,0,0,0,0,0,1,23.4,0
MPLAD103151,Punjab,Ludhiana,MP_101,Vendor_091,1742950.3,493534.56,0.2831604320559226,0,0,0,0,0,-1,39.7,1
MPLAD103152,Karnataka,Mysuru,MP_062,Vendor_028,789401.65,659102.47,0.8349393113125618,0,0,0,0,0,1,25.6,0
MPLAD103153,Kerala,Kochi,MP_022,Vendor_047,1685040.14,521421.09,0.30944134660198663,0,0,0,0,0,-1,52.3,1
MPLAD103154,Tamil Nadu,Madurai,MP_125,Vendor_035,1780325.34,1780325.34,1.0,0,0,0,0,0,-1,61.2,1
MPLAD103155,Bihar,Bhagalpur,MP_018,Vendor_034,828713.16,744275.4,0.8981097874685615,0,0,0,0,0,1,22.3,0
MPLAD103156,Bihar,Patna,MP_050,Vendor_009,4817386.42,229801.32,0.047702488437703534,0,1,0,0,0,1,85.0,1
MPLAD103157,Bihar,Bhagalpur,MP_147,Vendor_096,315074.88,0.0,0.0,0,0,0,0,1,1,60.0,1
MPLAD103158,Assam,Silchar,MP_076,Vendor_076,1076766.6,1076766.6,1.0,0,0,0,0,0,-1,47.5,1
MPLAD103159,Kerala,Kochi,MP_086,Vendor_067,5211064.35,1930020.26,0.3703696846499315,0,0,0,0,0,1,32.0,0
MPLAD103160,Haryana,Gurugram,MP_138,Vendor_075,3960630.54,3810899.27,0.9621950928045917,0,0,0,0,0,-1,55.9,1
MPLAD103161,Gujarat,Surat,MP_122,Vendor_110,2969411.18,759457.25,0.25576021775468627,0,0,0,0,0,1,25.4,0
MPLAD103162,Madhya Pradesh,Bhopal,MP_033,Vendor_067,753467.03,18761.34,0.024900014536800633,0,1,0,0,0,1,85.0,1
MPLAD103163,Tamil Nadu,Chennai,MP_066,Vendor_092,15815678.79,15815678.79,1.0,0,0,0,0,0,-1,51.2,1
MPLAD103164,Telangana,Hyderabad,MP_143,Vendor_106,2331437.91,1994169.17,0.8553387424329906,0,0,0,0,0,1,29.3,0
MPLAD103165,Madhya Pradesh,Indore,MP_150,Vendor_042,1023698.0,1082696.25,1.057632475593388,0,0,1,0,0,-1,90.0,1
MPLAD103166,Chhattisgarh,Bilaspur,MP_058,Vendor_002,684115.83,0.0,0.0,0,0,0,0,1,1,60.0,1
MPLAD103167,Punjab,Jalandhar,MP_144,Vendor_027,655291.06,655291.06,1.0,0,0,0,0,0,1,20.7,0
MPLAD103168,Punjab,Amritsar,MP_098,Vendor_012,601514.42,107067.17,0.17799601545711904,0,0,0,0,0,1,19.8,0
MPLAD103169,Maharashtra,Pune,MP_127,Vendor_065,939540.65,724941.69,0.7715916176697623,0,0,0,0,0,1,16.5,0
MPLAD103170,Jharkhand,Ranchi,MP_051,Vendor_103,15602249.72,0.0,0.0,0,1,0,0,1,1,85.0,1
MPLAD103171,Bihar,Patna,MP_050,Vendor_054,774663.01,661747.97,0.8542397938943799,0,0,0,0,0,-1,50.3,1
MPLAD103172,Gujarat,Vadodara,MP_040,Vendor_105,1260977.75,1234225.99,0.9787849071880927,0,0,0,0,0,1,37.2,0
MPLAD103173,Gujarat,Vadodara,MP_040,Vendor_036,825387.46,0.0,0.0,0,0,0,0,1,-1,60.0,1
MPLAD103174,Jharkhand,Ranchi,MP_107,Vendor_111,1591687.23,978748.12,0.6149123405356466,0,0,0,0,0,1,15.0,0
MPLAD103175,Tamil Nadu,Coimbatore,MP_078,Vendor_064,2233061.95,0.0,0.0,0,0,0,0,1,1,60.0,1
MPLAD103176,Bihar,Gaya,MP_060,Vendor_062,722200.88,338094.77,0.4681450540464587,0,0,0,0,0,1,20.4,0
MPLAD103177,Odisha,Cuttack,MP_017,Vendor_039,1082092.1,430763.43,0.39808388768386715,0,0,0,0,0,1,4.1,0
MPLAD103178,Tamil Nadu,Coimbatore,MP_128,Vendor_094,2332360.65,2230415.2,0.9562908720827545,0,0,0,1,0,-1,80.0,1
MPLAD103179,Haryana,Gurugram,MP_138,Vendor_109,816071.23,488951.3,0.5991527234699844,0,0,0,0,0,1,9.2,0
MPLAD103180,Gujarat,Ahmedabad,MP_021,Vendor_056,568077.47,276904.49,0.48744142238205646,0,0,0,0,0,1,33.7,0
MPLAD103181,Maharashtra,Mumbai,MP_105,Vendor_089,1246903.29,1246903.29,1.0,0,0,0,0,0,-1,41.7,1
MPLAD103182,Tamil Nadu,Chennai,MP_066,Vendor_055,1747064.43,798672.14,0.45715093632808956,0,0,0,0,0,1,34.6,0
MPLAD103183,Tamil Nadu,Coimbatore,MP_037,Vendor_114,2070657.93,1318391.92,0.6367019394652017,0,0,0,0,0,1,17.2,0
MPLAD103184,Kerala,Kochi,MP_022,Vendor_065,1691715.09,904591.13,0.5347183667907106,0,0,0,0,0,-1,39.1,1
MPLAD103185,West Bengal,Kolkata,MP_001,Vendor_064,315887.23,78256.6,0.24773587713564746,0,0,0,0,0,1,18.4,0
MPLAD103186,Jharkhand,Ranchi,MP_035,Vendor_028,1996544.33,546720.54,0.27383340894814995,0,0,0,0,0,1,15.3,0
MPLAD103187,Gujarat,Vadodara,MP_093,Vendor_012,7210045.52,2533209.13,0.35134440177570475,0,0,0,0,0,1,37.1,0
MPLAD103188,West Bengal,Siliguri,MP_032,Vendor_058,5037925.44,1218850.72,0.24193504539042957,0,0,0,0,0,1,12.7,0
MPLAD103189,Tamil Nadu,Madurai,MP_136,Vendor_074,2376385.49,1605356.52,0.6755454983021294,0,0,0,0,0,1,22.0,0
MPLAD103190,Andhra Pradesh,Guntur,MP_036,Vendor_082,1421718.44,456334.36,0.32097379281371635,0,0,0,0,0,1,34.3,0
MPLAD103191,Gujarat,Ahmedabad,MP_027,Vendor_112,590922.11,0.0,0.0,0,1,0,0,1,-1,85.0,1
MPLAD103192,Chhattisgarh,Raipur,MP_005,Vendor_038,1604901.63,1564685.89,0.9749419283722704,0,0,0,0,0,1,19.8,0
MPLAD103193,Maharashtra,Nashik,MP_011,Vendor_028,476537.34,476537.34,1.0,0,0,0,0,0,1,32.9,0
MPLAD103194,Punjab,Amritsar,MP_064,Vendor_103,3819631.18,3724861.44,0.9751887720217007,0,0,0,0,0,-1,50.9,1
MPLAD103195,Bihar,Patna,MP_028,Vendor_091,447487.29,0.0,0.0,0,0,0,0,1,-1,60.0,1
MPLAD103196,Kerala,Kochi,MP_073,Vendor_075,925765.09,873886.73,0.9439616371794707,0,0,0,0,0,-1,71.1,1
MPLAD103197,Andhra Pradesh,Vijayawada,MP_116,Vendor_033,1408478.55,408938.18,0.2903403676257618,0,0,0,0,0,-1,42.1,1
MPLAD103198,Odisha,Cuttack,MP_039,Vendor_079,1567668.62,0.0,0.0,0,0,0,0,1,1,60.0,1
MPLAD103199,Maharashtra,Nashik,MP_068,Vendor_072,3452294.23,3312293.04,0.9594469124956363,0,0,0,0,0,-1,60.8,1
MPLAD103200,Assam,Silchar,MP_129,Vendor_099,613480.3,215628.78,0.3514844404946662,0,0,0,0,0,1,18.1,0
MPLAD103201,Odisha,Cuttack,MP_039,Vendor_088,866941.38,854478.12,0.9856238722853441,0,0,0,0,0,1,12.8,0
MPLAD103202,Telangana,Hyderabad,MP_143,Vendor_088,599736.19,106333.03,0.17729967237761657,0,0,0,0,0,1,15.2,0
MPLAD103203,Punjab,Ludhiana,MP_124,Vendor_074,14653984.64,14593887.21,0.9958989018020425,0,0,0,0,0,1,37.8,0
MPLAD103204,Chhattisgarh,Raipur,MP_005,Vendor_052,737617.75,93020.72,0.12610965503473853,0,0,0,0,0,-1,62.1,1
MPLAD103205,Maharashtra,Mumbai,MP_105,Vendor_054,833773.63,200725.14,0.24074297000733882,0,0,0,0,0,-1,59.5,1
MPLAD103206,Kerala,Kochi,MP_008,Vendor_107,2191640.61,1221593.24,0.5573875727736218,0,0,0,0,0,-1,54.9,1
MPLAD103207,Gujarat,Ahmedabad,MP_047,Vendor_051,634188.96,357917.84,0.5643709723360685,0,0,0,0,0,1,20.3,0
MPLAD103208,Karnataka,Hubballi,MP_029,Vendor_097,656014.95,0.0,0.0,0,0,0,0,1,-1,60.0,1
MPLAD103209,Odisha,Cuttack,MP_010,Vendor_107,1731013.08,619519.67,0.35789427425932563,0,0,0,0,0,1,24.6,0
MPLAD103210,Gujarat,Surat,MP_006,Vendor_002,1354107.45,222077.3,0.1640027163280137,0,0,0,0,0,1,26.1,0
MPLAD103211,Assam,Guwahati,MP_024,Vendor_043,2010241.93,897285.57,0.4463570063927579,0,0,0,0,0,1,10.4,0
MPLAD103212,Maharashtra,Pune,MP_014,Vendor_101,909276.35,632183.44,0.6952599613967745,0,0,0,0,0,1,10.5,0
MPLAD103213,Rajasthan,Udaipur,MP_044,Vendor_079,1305645.27,0.0,0.0,0,0,0,0,1,-1,60.0,1
MPLAD103214,Madhya Pradesh,Indore,MP_150,Vendor_116,1410586.99,1308494.73,0.9276242722187591,0,0,0,0,0,-1,55.5,1
MPLAD103215,Bihar,Bhagalpur,MP_147,Vendor_118,434080.83,170930.91,0.39377668440230357,0,0,0,0,0,1,14.0,0
MPLAD103216,Kerala,Thiruvananthapuram,MP_134,Vendor_018,7281440.08,6193446.1,0.8505798347515894,0,0,0,0,0,-1,39.9,1
MPLAD103217,Assam,Silchar,MP_016,Vendor_032,1210712.65,863048.99,0.7128437866739066,0,0,0,0,0,1,10.7,0
MPLAD103218,Gujarat,Ahmedabad,MP_027,Vendor_106,2735320.54,15407.12,0.005632656127387542,0,1,0,0,0,-1,85.0,1
MPLAD103219,Gujarat,Ahmedabad,MP_047,Vendor_113,1693635.72,520057.45,0.3070657071403761,0,0,0,0,0,1,16.4,0
MPLAD103220,Odisha,Rourkela,MP_013,Vendor_078,2594103.59,577424.04,0.2225909721669982,0,0,0,0,0,1,22.5,0
MPLAD103221,Gujarat,Ahmedabad,MP_027,Vendor_013,2374701.02,45392.06,0.019114852614161928,0,1,0,0,0,1,85.0,1
MPLAD103222,Madhya Pradesh,Bhopal,MP_033,Vendor_068,447622.09,0.0,0.0,0,0,0,0,1,1,60.0,1
MPLAD103223,Odisha,Bhubaneswar,MP_092,Vendor_074,2222136.37,0.0,0.0,0,1,0,0,1,1,85.0,1
MPLAD103224,Gujarat,Ahmedabad,MP_002,Vendor_091,2398794.08,2030818.53,0.8465997756672803,0,0,0,0,0,-1,39.8,1
MPLAD103225,Kerala,Thiruvananthapuram,MP_102,Vendor_079,389539.2,308589.86,0.7921920566659273,0,0,0,0,0,1,26.5,0
MPLAD103226,Bihar,Bhagalpur,MP_077,Vendor_042,1365634.94,1365634.94,1.0,0,0,0,0,0,1,30.1,0
MPLAD103227,Tamil Nadu,Coimbatore,MP_078,Vendor_024,1060708.7,262588.21,0.2475592120626521,0,0,0,0,0,1,14.9,0
MPLAD103228,Assam,Dibrugarh,MP_117,Vendor_083,2086639.11,2060562.8,0.9875032007810876,0,0,0,0,0,-1,47.4,1
MPLAD103229,Chhattisgarh,Raipur,MP_005,Vendor_067,1477986.28,671122.14,0.45407873474982463,0,0,0,0,0,1,12.9,0
MPLAD103230,Rajasthan,Jodhpur,MP_099,Vendor_113,4765544.93,4708006.5,0.9879261593699842,0,0,0,0,0,1,35.4,0
MPLAD103231,Bihar,Bhagalpur,MP_077,Vendor_020,2164703.91,0.0,0.0,0,0,0,0,1,1,60.0,1
MPLAD103232,Odisha,Rourkela,MP_090,Vendor_051,1367555.03,1556959.07,1.1384982950192506,0,0,1,0,0,1,90.0,1
MPLAD103233,Tamil Nadu,Coimbatore,MP_128,Vendor_014,1500000.0,585665.5,0.3904436666666667,0,0,0,0,0,1,35.2,0
MPLAD103234,Punjab,Jalandhar,MP_115,Vendor_040,6911892.8,3619605.22,0.5236778585454914,0,0,0,0,0,1,33.7,0
MPLAD103235,Chhattisgarh,Raipur,MP_048,Vendor_069,2179461.45,772511.51,0.35445064192348985,0,0,0,0,0,1,17.8,0
MPLAD103236,West Bengal,Siliguri,MP_032,Vendor_087,316813.52,266825.46,0.8422161402707814,0,0,0,0,0,1,22.6,0
MPLAD103237,Chhattisgarh,Bilaspur,MP_130,Vendor_101,353385.35,0.0,0.0,0,0,0,0,1,1,60.0,1
MPLAD103238,Odisha,Cuttack,MP_079,Vendor_112,1554365.68,365183.44,0.23494049353946106,0,0,0,0,0,1,8.2,0
MPLAD103239,Gujarat,Ahmedabad,MP_021,Vendor_085,2510251.81,489602.46,0.1950411739768848,0,0,0,0,0,-1,44.7,1
MPLAD103240,Haryana,Gurugram,MP_138,Vendor_044,662224.4,359188.69,0.542397244801007,0,0,0,0,0,1,6.1,0
MPLAD103241,Kerala,Thiruvananthapuram,MP_074,Vendor_087,710440.0,0.0,0.0,0,0,0,0,1,1,60.0,1
MPLAD103242,West Bengal,Siliguri,MP_111,Vendor_026,419917.19,76483.22,0.18213881646521782,0,0,0,0,0,1,27.6,0
MPLAD103243,Chhattisgarh,Raipur,MP_048,Vendor_056,3430346.89,0.0,0.0,0,0,0,0,1,1,60.0,1
MPLAD103244,Gujarat,Ahmedabad,MP_095,Vendor_034,4597589.4,0.0,0.0,0,0,0,0,1,1,60.0,1
MPLAD103245,Tamil Nadu,Coimbatore,MP_128,Vendor_120,1648858.53,1527824.63,0.9265953398682419,0,0,0,0,0,1,22.2,0
MPLAD103246,Haryana,Gurugram,MP_091,Vendor_051,2871577.97,1412383.11,0.49184912433354544,0,0,0,0,0,1,23.7,0
MPLAD103247,Bihar,Gaya,MP_072,Vendor_018,804647.89,676173.6,0.840334770529256,0,0,0,0,0,1,38.3,0
MPLAD103248,Karnataka,Mysuru,MP_034,Vendor_103,1327470.1,1228956.99,0.9257888294433146,0,0,0,0,0,1,29.8,0
MPLAD103249,Maharashtra,Pune,MP_127,Vendor_057,527992.96,0.0,0.0,0,0,0,0,1,1,60.0,1
MPLAD103250,Gujarat,Vadodara,MP_025,Vendor_103,1714947.6,240443.51,0.14020458117787388,0,0,0,0,0,1,32.9,0
MPLAD103251,West Bengal,Kolkata,MP_001,Vendor_030,547833.65,613852.66,1.120509227573005,0,0,1,0,0,-1,90.0,1
MPLAD103252,Punjab,Jalandhar,MP_114,Vendor_102,939597.97,330949.5,0.3522245796252625,0,0,0,0,0,1,16.8,0
MPLAD103253,Madhya Pradesh,Bhopal,MP_033,Vendor_073,2685630.87,1071185.76,0.3988581498543767,0,0,0,0,0,1,23.4,0
MPLAD103254,Punjab,Ludhiana,MP_030,Vendor_072,4295816.02,1061493.81,0.2470994579511811,0,0,0,0,0,1,20.1,0
MPLAD103255,Tamil Nadu,Coimbatore,MP_078,Vendor_053,611678.98,840883.2,1.3747132523664618,0,0,1,0,0,1,90.0,1
MPLAD103256,Jharkhand,Jamshedpur,MP_031,Vendor_011,3799903.14,926736.8,0.24388432174615904,0,0,0,0,0,-1,56.9,1
MPLAD103257,Chhattisgarh,Bilaspur,MP_094,Vendor_027,756300.8,965674.09,1.2768386467394983,0,0,1,0,0,-1,90.0,1
MPLAD103258,Kerala,Thiruvananthapuram,MP_083,Vendor_011,1364240.15,414427.53,0.3037790157400074,0,0,0,0,0,-1,55.0,1
MPLAD103259,Odisha,Cuttack,MP_039,Vendor_015,1829160.73,1642790.24,0.8981114743262611,0,0,0,0,0,1,16.2,0
MPLAD103260,Kerala,Kozhikode,MP_043,Vendor_011,794660.07,0.0,0.0,0,0,0,0,1,-1,78.4,1
MPLAD103261,Madhya Pradesh,Indore,MP_038,Vendor_119,1774169.61,1512039.46,0.8522519219568866,0,0,0,0,0,-1,46.1,1
MPLAD103262,Maharashtra,Mumbai,MP_061,Vendor_033,366535.53,0.0,0.0,0,0,0,0,1,-1,60.0,1
MPLAD103263,Bihar,Bhagalpur,MP_070,Vendor_028,5298211.34,0.0,0.0,0,0,0,0,1,1,60.0,1
MPLAD103264,Rajasthan,Udaipur,MP_052,Vendor_062,3000000.0,3000000.0,1.0,0,0,0,0,1,1,60.0,1
MPLAD103265,Assam,Dibrugarh,MP_131,Vendor_021,689494.34,259138.44,0.37583838614251713,0,0,0,0,0,-1,43.3,1
MPLAD103266,West Bengal,Kolkata,MP_009,Vendor_002,672964.03,426995.73,0.6345000787040579,0,0,0,0,0,1,15.2,0
MPLAD103267,Chhattisgarh,Bilaspur,MP_094,Vendor_052,1589395.9,847992.32,0.5335312114495828,0,0,0,0,0,-1,53.1,1
MPLAD103268,Kerala,Kochi,MP_108,Vendor_002,2341024.54,693384.07,0.29618829625767185,0,0,0,0,0,1,27.9,0
MPLAD103269,Jharkhand,Ranchi,MP_051,Vendor_096,600635.92,150657.95,0.2508307361970626,0,0,0,0,0,1,4.2,0
MPLAD103270,West Bengal,Kolkata,MP_054,Vendor_014,644505.69,0.0,0.0,0,0,0,0,1,1,60.0,1
MPLAD103271,Tamil Nadu,Chennai,MP_135,Vendor_006,840551.68,0.0,0.0,0,0,0,0,1,1,60.0,1
MPLAD103272,Rajasthan,Udaipur,MP_052,Vendor_049,2375959.55,2080761.78,0.8757563991356672,0,0,0,0,0,1,15.0,0
MPLAD103273,Maharashtra,Nashik,MP_068,Vendor_091,2799121.82,668992.45,0.23900083419734836,0,0,0,0,0,1,30.7,0
MPLAD103274,Chhattisgarh,Raipur,MP_020,Vendor_111,963281.64,0.0,0.0,0,1,0,0,1,-1,85.0,1
MPLAD103275,Punjab,Jalandhar,MP_045,Vendor_036,640800.65,215187.71,0.3358106924517008,0,0,0,0,0,1,24.2,0
MPLAD103276,Gujarat,Ahmedabad,MP_047,Vendor_120,405170.45,154605.7,0.3815818749861941,0,0,0,0,0,1,18.7,0
MPLAD103277,Tamil Nadu,Madurai,MP_125,Vendor_004,1362531.49,104815.28,0.07692686794343373,0,0,0,0,0,1,23.6,0
MPLAD103278,West Bengal,Siliguri,MP_071,Vendor_012,2340603.78,652917.43,0.2789525658204312,0,0,0,0,0,1,9.9,0
MPLAD103279,Punjab,Jalandhar,MP_139,Vendor_069,3279892.77,0.0,0.0,0,0,0,0,1,1,60.0,1
MPLAD103280,Kerala,Kochi,MP_085,Vendor_103,1039005.77,982993.64,0.9460906458681168,0,0,0,0,0,-1,56.1,1
MPLAD103281,West Bengal,Siliguri,MP_071,Vendor_013,1042806.2,290668.01,0.27873636539560276,0,0,0,0,0,1,6.5,0
MPLAD103282,Punjab,Amritsar,MP_012,Vendor_090,1263722.91,536846.94,0.4248138066912152,0,0,0,0,0,1,21.0,0
MPLAD103283,Haryana,Gurugram,MP_003,Vendor_003,543639.3,198883.17,0.36583663101619035,0,0,0,0,0,1,9.8,0
MPLAD103284,Assam,Silchar,MP_088,Vendor_107,1312325.06,628777.16,0.4791321747677363,0,0,0,0,0,1,18.8,0
MPLAD103285,Bihar,Bhagalpur,MP_147,Vendor_016,333582.31,266665.73,0.7994000940877231,0,0,0,0,0,1,19.8,0
MPLAD103286,Karnataka,Mysuru,MP_019,Vendor_044,1195366.04,0.0,0.0,0,1,0,0,1,1,85.0,1
MPLAD103287,Andhra Pradesh,Guntur,MP_119,Vendor_069,1948187.27,0.0,0.0,0,0,0,0,1,1,60.0,1
MPLAD103288,Punjab,Jalandhar,MP_114,Vendor_036,2328262.07,1518498.99,0.6522027780145901,0,0,0,0,0,-1,45.7,1
MPLAD103289,Chhattisgarh,Raipur,MP_005,Vendor_094,632251.17,0.0,0.0,0,0,0,0,1,1,60.0,1
MPLAD103290,Assam,Dibrugarh,MP_131,Vendor_049,5944783.0,2568575.44,0.43207219506582495,0,0,0,0,0,1,11.8,0
MPLAD103291,Punjab,Ludhiana,MP_124,Vendor_111,1449406.35,217274.12,0.14990559410754617,0,0,0,0,0,-1,40.8,1
MPLAD103292,Bihar,Patna,MP_028,Vendor_038,2811663.03,0.0,0.0,0,0,0,0,1,1,60.0,1
MPLAD103293,Maharashtra,Pune,MP_014,Vendor_009,1210963.56,0.0,0.0,0,0,0,0,1,1,60.0,1
MPLAD103294,Maharashtra,Mumbai,MP_067,Vendor_088,2563006.52,714601.4,0.2788137269350372,0,0,0,0,0,1,9.2,0
MPLAD103295,Karnataka,Hubballi,MP_029,Vendor_092,356713.85,121007.25,0.3392277872025435,0,0,0,0,0,-1,55.4,1
MPLAD103296,Punjab,Jalandhar,MP_139,Vendor_100,859363.82,212476.73,0.2472488660274295,0,0,0,0,0,1,29.2,0
MPLAD103297,Chhattisgarh,Bilaspur,MP_130,Vendor_059,1641413.56,128494.68,0.0782829404674834,0,0,0,0,0,-1,53.2,1
MPLAD103298,Odisha,Cuttack,MP_017,Vendor_109,1482882.25,0.0,0.0,0,0,0,0,1,1,60.0,1
MPLAD103299,Rajasthan,Udaipur,MP_052,Vendor_092,554850.48,93970.31,0.16936150077765094,0,0,0,0,0,1,13.7,0
MPLAD103300,Assam,Silchar,MP_076,Vendor_055,2501567.71,2293994.05,0.9170225698188277,0,0,0,0,0,-1,41.7,1
MPLAD103301,Punjab,Jalandhar,MP_115,Vendor_074,2283896.63,674688.28,0.29541104056009754,0,0,0,0,0,1,29.4,0
MPLAD103302,Kerala,Kochi,MP_082,Vendor_111,1224941.15,567051.7,0.4629215860696655,0,0,0,0,0,-1,55.4,1
MPLAD103303,Bihar,Bhagalpur,MP_018,Vendor_011,2040728.83,922195.74,0.45189528684220137,0,0,0,0,0,-1,48.9,1
MPLAD103304,Kerala,Thiruvananthapuram,MP_134,Vendor_098,1498840.66,1381211.53,0.9215199232718975,0,0,0,0,0,1,18.2,0
MPLAD103305,Haryana,Faridabad,MP_055,Vendor_061,1505235.42,732097.63,0.48636752781169607,0,0,0,0,0,-1,39.8,1
MPLAD103306,Madhya Pradesh,Bhopal,MP_033,Vendor_002,2192487.48,169762.38,0.07742912173893007,0,0,0,0,0,1,26.2,0
MPLAD103307,Maharashtra,Nashik,MP_068,Vendor_102,972950.96,543302.1,0.5584064586359008,0,0,0,0,0,1,38.3,0
MPLAD103308,Gujarat,Vadodara,MP_025,Vendor_007,2551774.18,0.0,0.0,0,0,0,0,1,-1,60.0,1
MPLAD103309,West Bengal,Siliguri,MP_111,Vendor_056,814775.74,787585.95,0.9666291119566225,0,0,0,0,0,1,31.0,0
MPLAD103310,West Bengal,Kolkata,MP_056,Vendor_119,2323373.08,2026879.26,0.8723864787139567,0,0,0,0,0,1,33.7,0
MPLAD103311,Odisha,Bhubaneswar,MP_092,Vendor_031,1424437.69,1424437.69,1.0,0,0,0,0,0,1,38.2,0
MPLAD103312,Gujarat,Surat,MP_006,Vendor_063,2769498.77,2532051.62,0.9142634932457472,0,0,0,0,0,1,29.1,0
MPLAD103313,Karnataka,Mysuru,MP_062,Vendor_068,787431.93,678727.43,0.8619506069559562,0,0,0,0,0,-1,55.3,1
MPLAD103314,Punjab,Amritsar,MP_012,Vendor_053,3146517.86,2805635.09,0.8916634879676164,0,0,0,0,0,1,32.2,0
MPLAD103315,Odisha,Bhubaneswar,MP_092,Vendor_032,1123679.09,387311.31,0.344681425014325,0,0,0,0,0,1,34.2,0
MPLAD103316,Odisha,Rourkela,MP_106,Vendor_027,893470.23,229753.21,0.25714702324217337,0,0,0,0,0,1,1.4,0
MPLAD103317,Punjab,Jalandhar,MP_144,Vendor_048,218149.47,0.0,0.0,0,0,0,0,1,1,60.0,1
MPLAD103318,Tamil Nadu,Madurai,MP_136,Vendor_038,626565.25,140031.32,0.22349040263563932,0,0,0,0,0,1,10.9,0
MPLAD103319,Maharashtra,Mumbai,MP_061,Vendor_042,1236767.67,0.0,0.0,0,0,0,0,1,1,60.0,1
MPLAD103320,Uttar Pradesh,Varanasi,MP_096,Vendor_040,269647.36,0.0,0.0,0,0,0,0,1,1,60.0,1
MPLAD103321,Rajasthan,Jaipur,MP_121,Vendor_029,1580236.19,1496312.37,0.9468915972617993,0,0,0,0,0,1,25.2,0
MPLAD103322,West Bengal,Kolkata,MP_057,Vendor_056,1491975.18,15247.86,0.01021991532057524,0,1,0,0,0,1,85.0,1
MPLAD103323,Bihar,Bhagalpur,MP_147,Vendor_050,715068.12,993897.95,1.3899346400731722,0,0,1,0,0,1,90.0,1
MPLAD103324,Jharkhand,Jamshedpur,MP_118,Vendor_068,1356383.23,0.0,0.0,0,0,0,0,1,1,60.0,1
MPLAD103325,Haryana,Gurugram,MP_126,Vendor_052,1715308.77,0.0,0.0,0,0,0,0,1,-1,60.0,1
MPLAD103326,Maharashtra,Nashik,MP_068,Vendor_061,324277.16,118951.96,0.36682188779499614,0,0,0,0,0,-1,47.9,1
MPLAD103327,Haryana,Faridabad,MP_055,Vendor_083,335704.15,0.0,0.0,0,0,0,0,1,1,60.0,1
MPLAD103328,Gujarat,Ahmedabad,MP_047,Vendor_022,1260829.93,1193354.24,0.9464831152921632,0,0,0,0,0,-1,47.6,1
MPLAD103329,Rajasthan,Udaipur,MP_052,Vendor_038,1482787.31,694208.73,0.46817822442788504,0,0,0,0,0,1,11.4,0
MPLAD103330,Jharkhand,Ranchi,MP_107,Vendor_004,1718603.73,382928.93,0.2228139758546899,0,0,0,0,0,1,20.5,0
MPLAD103331,Bihar,Gaya,MP_072,Vendor_055,951805.6,564901.84,0.5935054805308984,0,0,0,0,0,1,23.7,0
MPLAD103332,Odisha,Cuttack,MP_079,Vendor_092,1336134.98,467504.43,0.3498931148408374,0,0,0,0,0,1,4.4,0
MPLAD103333,Kerala,Thiruvananthapuram,MP_102,Vendor_022,681995.65,168737.05,0.24741660742264263,0,0,0,0,0,1,21.0,0
MPLAD103334,Punjab,Ludhiana,MP_101,Vendor_104,1028843.21,0.0,0.0,0,0,0,0,1,1,60.0,1
MPLAD103335,West Bengal,Kolkata,MP_056,Vendor_040,1253519.6,395940.55,0.3158630706691782,0,0,0,0,0,1,9.3,0
MPLAD103336,Bihar,Patna,MP_120,Vendor_006,2474584.98,6385.46,0.002580416535139561,0,1,0,0,0,1,85.0,1
MPLAD103337,Gujarat,Surat,MP_053,Vendor_104,2658857.38,2626439.13,0.9878074505824002,0,0,0,0,0,1,35.2,0
MPLAD103338,Bihar,Bhagalpur,MP_077,Vendor_004,967642.73,259421.67,0.2680965422020998,0,0,0,0,0,1,18.9,0
MPLAD103339,Gujarat,Ahmedabad,MP_027,Vendor_071,852251.98,393786.73,0.46205434453786776,0,0,0,0,0,1,28.0,0
MPLAD103340,Haryana,Panipat,MP_026,Vendor_060,595007.46,317468.87,0.5335544364435364,0,0,0,0,0,-1,43.9,1
MPLAD103341,Gujarat,Surat,MP_122,Vendor_071,1179704.5,1059080.2,0.8977504112258621,0,0,0,0,0,1,29.7,0
MPLAD103342,Odisha,Bhubaneswar,MP_092,Vendor_018,1411584.12,518696.31,0.36745688949802013,0,0,0,0,0,1,17.1,0
MPLAD103343,Rajasthan,Jodhpur,MP_099,Vendor_022,1209690.07,388786.17,0.3213932061127029,0,0,0,0,0,1,32.0,0
MPLAD103344,Haryana,Gurugram,MP_126,Vendor_051,666327.53,328745.86,0.49336976966867924,0,0,0,0,0,1,11.1,0
MPLAD103345,Maharashtra,Mumbai,MP_105,Vendor_018,2144942.18,1781216.63,0.8304264080442484,0,0,0,0,0,-1,49.4,1
MPLAD103346,Kerala,Kochi,MP_085,Vendor_110,876043.92,367631.1,0.4196491655349882,0,0,0,0,0,-1,39.3,1
MPLAD103347,Chhattisgarh,Raipur,MP_113,Vendor_089,1197027.55,1130870.97,0.9447326170563075,0,0,0,0,0,-1,45.7,1
MPLAD103348,Andhra Pradesh,Guntur,MP_036,Vendor_019,1591941.91,1496901.36,0.9402989836482163,0,0,0,0,0,-1,67.8,1
MPLAD103349,Haryana,Faridabad,MP_055,Vendor_050,967447.95,325440.22,0.33639041769637323,0,0,0,0,0,1,31.5,0
MPLAD103350,Telangana,Hyderabad,MP_140,Vendor_014,1533327.95,0.0,0.0,0,0,0,0,1,1,60.0,1
MPLAD103351,Rajasthan,Udaipur,MP_023,Vendor_014,1541587.15,0.0,0.0,0,0,0,0,1,1,60.0,1
MPLAD103352,Rajasthan,Jodhpur,MP_063,Vendor_065,867663.36,370499.5,0.427008350335319,0,0,0,0,0,1,31.2,0
MPLAD103353,Madhya Pradesh,Indore,MP_150,Vendor_042,1075614.86,274431.99,0.2551396417115323,0,0,0,0,0,1,29.8,0
MPLAD103354,Chhattisgarh,Raipur,MP_048,Vendor_059,641628.35,0.0,0.0,0,0,0,0,1,1,60.0,1
MPLAD103355,Assam,Dibrugarh,MP_117,Vendor_028,364739.87,0.0,0.0,0,0,0,0,1,1,60.0,1
MPLAD103356,Kerala,Kochi,MP_022,Vendor_006,1912731.9,356002.38,0.18612246703262492,0,0,0,0,0,-1,44.1,1
MPLAD103357,Karnataka,Mysuru,MP_059,Vendor_042,4817095.86,3631006.69,0.7537750535859171,0,0,0,0,0,1,21.1,0
MPLAD103358,Jharkhand,Ranchi,MP_035,Vendor_042,3861895.7,2817023.9,0.7294406992918011,0,0,0,0,0,1,25.0,0
MPLAD103359,West Bengal,Kolkata,MP_089,Vendor_088,3794449.45,1248765.27,0.32910315091956227,0,0,0,0,0,1,20.7,0
MPLAD103360,Bihar,Bhagalpur,MP_018,Vendor_016,3135646.26,2677015.66,0.8537364989633749,0,0,0,0,0,-1,39.5,1
MPLAD103361,Chhattisgarh,Bilaspur,MP_103,Vendor_044,655751.52,245101.66,0.3737721568681991,0,0,0,0,0,1,10.6,0
MPLAD103362,Punjab,Amritsar,MP_012,Vendor_071,809580.11,323960.84,0.4001590898768499,0,0,0,0,0,1,23.4,0
MPLAD103363,Punjab,Amritsar,MP_064,Vendor_006,1364608.33,652366.91,0.4780616501146523,0,0,0,0,0,1,13.5,0
MPLAD103364,Karnataka,Mysuru,MP_059,Vendor_028,1936649.99,1488468.56,0.7685790244420986,0,0,0,0,0,1,27.2,0
MPLAD103365,Kerala,Kochi,MP_082,Vendor_020,2246482.84,0.0,0.0,0,0,0,0,1,1,60.0,1
MPLAD103366,Bihar,Gaya,MP_060,Vendor_118,1420776.43,1396393.93,0.9828386088865508,0,0,0,0,0,-1,42.7,1
MPLAD103367,Madhya Pradesh,Bhopal,MP_084,Vendor_009,650535.05,0.0,0.0,0,0,0,0,1,1,60.0,1
MPLAD103368,Karnataka,Hubballi,MP_029,Vendor_077,306184.21,132794.39,0.43370750568750754,0,0,0,0,0,1,25.1,0
MPLAD103369,Madhya Pradesh,Bhopal,MP_033,Vendor_107,1472385.43,1348719.17,0.9160095872451006,0,0,0,0,0,1,31.5,0
MPLAD103370,Rajasthan,Udaipur,MP_023,Vendor_058,1396844.03,1161798.02,0.8317306693145977,0,0,0,0,0,-1,55.8,1
MPLAD103371,Bihar,Gaya,MP_072,Vendor_036,1926992.63,1899667.86,0.9858199924718966,0,0,0,0,0,-1,69.8,1
MPLAD103372,West Bengal,Siliguri,MP_111,Vendor_092,893512.6,867827.7,0.9712540147727071,0,0,0,1,0,1,80.0,1
MPLAD103373,Chhattisgarh,Raipur,MP_005,Vendor_053,1185956.75,370964.57,0.3127977221766308,0,0,0,0,0,1,10.5,0
MPLAD103374,Punjab,Ludhiana,MP_101,Vendor_006,808888.47,346811.42,0.4287506038996946,0,0,0,0,0,1,18.6,0
MPLAD103375,Chhattisgarh,Raipur,MP_048,Vendor_066,851607.48,361473.19,0.4244598579617925,0,0,0,0,0,1,15.5,0
MPLAD103376,Tamil Nadu,Madurai,MP_042,Vendor_103,1258182.68,0.0,0.0,0,0,0,0,1,1,60.0,1
MPLAD103377,Punjab,Jalandhar,MP_146,Vendor_065,791101.8,0.0,0.0,0,1,0,0,1,1,85.0,1
MPLAD103378,Jharkhand,Jamshedpur,MP_046,Vendor_017,2500000.0,2500000.0,1.0,0,0,0,0,1,1,60.0,1
MPLAD103379,Rajasthan,Udaipur,MP_044,Vendor_058,979774.83,18937.31,0.0193282266702034,0,1,0,0,0,1,85.0,1
MPLAD103380,Maharashtra,Mumbai,MP_061,Vendor_057,780501.15,764656.27,0.9796990946137619,0,0,0,0,0,-1,39.3,1
MPLAD103381,Kerala,Kochi,MP_086,Vendor_031,1817324.47,0.0,0.0,0,0,0,0,1,-1,60.0,1
MPLAD103382,Bihar,Patna,MP_050,Vendor_035,680214.31,636608.76,0.9358943948121291,0,0,0,0,0,-1,48.4,1
MPLAD103383,Gujarat,Vadodara,MP_025,Vendor_097,483220.73,211962.13,0.43864453000598713,0,0,0,0,0,-1,58.3,1
MPLAD103384,Karnataka,Hubballi,MP_029,Vendor_060,819667.22,739384.49,0.9020544825496377,0,0,0,0,0,1,34.5,0
MPLAD103385,Bihar,Patna,MP_050,Vendor_038,896121.32,429552.24,0.47934607782794414,0,0,0,0,0,1,6.3,0
MPLAD103386,Assam,Dibrugarh,MP_123,Vendor_106,725940.46,860154.96,1.1848836197943837,0,0,1,0,0,-1,90.0,1
MPLAD103387,Madhya Pradesh,Indore,MP_150,Vendor_086,2835631.75,2433529.61,0.8581966293754469,0,0,0,0,0,1,20.6,0
MPLAD103388,Tamil Nadu,Chennai,MP_135,Vendor_114,447532.62,345264.92,0.771485484119571,0,0,0,0,0,1,19.4,0
MPLAD103389,Assam,Silchar,MP_129,Vendor_076,769297.04,195112.33,0.2536241787697506,0,0,0,0,0,1,19.5,0
MPLAD103390,Kerala,Kochi,MP_086,Vendor_053,1595864.93,0.0,0.0,0,0,0,0,1,-1,60.0,1
MPLAD103391,Kerala,Thiruvananthapuram,MP_083,Vendor_109,336039.91,293908.7,0.8746243861331829,0,0,0,0,0,1,19.2,0
MPLAD103392,Tamil Nadu,Madurai,MP_125,Vendor_064,1508126.59,1435813.93,0.9520513327730664,0,0,0,0,0,1,26.1,0
MPLAD103393,Kerala,Thiruvananthapuram,MP_074,Vendor_021,1608156.36,687056.24,0.4272322375418768,0,0,0,0,0,1,9.8,0
MPLAD103394,Bihar,Patna,MP_120,Vendor_041,529983.73,0.0,0.0,0,0,0,0,1,-1,60.0,1
MPLAD103395,Maharashtra,Nashik,MP_068,Vendor_056,1113374.04,415715.41,0.37338342287916104,0,0,0,0,0,-1,48.5,1
MPLAD103396,Madhya Pradesh,Bhopal,MP_084,Vendor_010,2022639.32,2005592.06,0.9915717746454172,0,0,0,0,0,-1,48.6,1
MPLAD103397,Rajasthan,Jodhpur,MP_099,Vendor_054,924382.13,311922.1,0.33743847904112984,0,0,0,0,0,-1,68.7,1
MPLAD103398,Bihar,Bhagalpur,MP_110,Vendor_078,2496370.62,1707420.87,0.6839612901709282,0,0,0,0,0,1,21.4,0
MPLAD103399,Madhya Pradesh,Indore,MP_150,Vendor_044,3659665.6,1507621.15,0.4119559858146602,0,0,0,0,0,1,32.1,0
MPLAD103400,West Bengal,Kolkata,MP_001,Vendor_072,1896781.6,885174.45,0.46667178234963896,0,0,0,0,0,1,35.3,0
MPLAD103401,Bihar,Gaya,MP_072,Vendor_073,355539.07,172460.59,0.485067899851344,0,0,0,0,0,1,17.5,0
MPLAD103402,Chhattisgarh,Bilaspur,MP_081,Vendor_100,260660.18,222957.18,0.8553557355787907,0,0,0,0,0,1,20.6,0
MPLAD103403,Gujarat,Vadodara,MP_025,Vendor_056,1234657.97,470458.01,0.3810431888274289,0,0,0,0,0,1,22.6,0
MPLAD103404,West Bengal,Siliguri,MP_111,Vendor_034,1467291.88,305316.58,0.20808169401169183,0,0,0,0,0,1,14.1,0
MPLAD103405,Assam,Silchar,MP_016,Vendor_010,1877289.74,0.0,0.0,0,0,0,0,1,1,60.0,1
MPLAD103406,Assam,Silchar,MP_016,Vendor_056,1010995.97,897144.84,0.8873871574384218,0,0,0,0,0,-1,41.5,1
MPLAD103407,Kerala,Thiruvananthapuram,MP_074,Vendor_022,1233309.94,0.0,0.0,0,0,0,0,1,-1,60.0,1
MPLAD103408,Odisha,Cuttack,MP_039,Vendor_026,2898130.93,1356839.18,0.46817732282371377,0,0,0,0,0,1,38.0,0
MPLAD103409,Bihar,Bhagalpur,MP_147,Vendor_017,2809483.48,2809483.48,1.0,0,0,0,0,0,1,20.0,0
MPLAD103410,Kerala,Kochi,MP_085,Vendor_014,5223920.53,155165.77,0.029702934627146783,0,0,0,0,0,1,33.5,0
MPLAD103411,Maharashtra,Nashik,MP_068,Vendor_076,2043187.14,489519.86,0.23958640420965063,0,0,0,0,0,1,18.2,0
MPLAD103412,Assam,Dibrugarh,MP_131,Vendor_119,798140.94,777341.28,0.9739398658086629,0,0,0,0,0,-1,55.9,1
MPLAD103413,Kerala,Kochi,MP_008,Vendor_052,879836.81,749878.09,0.8522922449675638,0,0,0,0,0,-1,54.0,1
MPLAD103414,West Bengal,Siliguri,MP_032,Vendor_085,1142749.58,557901.4,0.4882096740739996,0,0,0,0,0,1,24.5,0
MPLAD103415,Tamil Nadu,Madurai,MP_042,Vendor_071,431395.82,0.0,0.0,0,0,0,0,1,1,60.0,1
MPLAD103416,Uttar Pradesh,Lucknow,MP_049,Vendor_117,1712352.82,0.0,0.0,0,0,0,0,1,-1,60.0,1
MPLAD103417,Chhattisgarh,Bilaspur,MP_058,Vendor_068,717901.39,536835.16,0.7477839818641387,0,0,0,0,0,-1,62.3,1
MPLAD103418,Rajasthan,Jodhpur,MP_063,Vendor_072,2066850.49,1664070.11,0.8051236013689602,0,0,0,0,0,1,29.7,0
MPLAD103419,Tamil Nadu,Chennai,MP_066,Vendor_070,2337910.66,1117344.3,0.47792429330896674,0,0,0,0,0,1,7.8,0
MPLAD103420,Haryana,Gurugram,MP_091,Vendor_042,1037356.54,319949.38,0.30842759231074013,0,0,0,0,0,1,26.7,0
MPLAD103421,Telangana,Hyderabad,MP_142,Vendor_024,2676930.55,2554780.76,0.9543694587071002,0,0,0,0,0,1,25.3,0
MPLAD103422,Telangana,Hyderabad,MP_140,Vendor_078,3479350.38,833438.72,0.23953860030618704,0,0,0,0,0,1,19.3,0
MPLAD103423,Tamil Nadu,Madurai,MP_087,Vendor_066,2329234.85,0.0,0.0,0,0,0,0,1,1,60.0,1
MPLAD103424,Maharashtra,Nashik,MP_068,Vendor_063,2659104.52,1704777.27,0.6411095378830766,0,0,0,0,0,1,12.8,0
MPLAD103425,Andhra Pradesh,Vijayawada,MP_116,Vendor_044,3424316.99,1184212.8,0.3458245260173767,0,0,0,0,0,1,30.3,0
MPLAD103426,Bihar,Bhagalpur,MP_110,Vendor_012,745216.63,398985.44,0.5353952447357488,0,0,0,0,0,1,28.5,0
MPLAD103427,Tamil Nadu,Madurai,MP_125,Vendor_095,1493753.07,482804.12,0.323215482998137,0,0,0,0,0,1,23.4,0
MPLAD103428,Telangana,Hyderabad,MP_140,Vendor_046,1899669.99,1851374.61,0.9745769632334931,0,0,0,0,0,-1,64.3,1
MPLAD103429,Gujarat,Vadodara,MP_040,Vendor_068,456784.15,0.0,0.0,0,0,0,0,1,1,60.0,1
MPLAD103430,Jharkhand,Jamshedpur,MP_031,Vendor_059,1841161.4,0.0,0.0,0,0,0,0,1,1,60.0,1
MPLAD103431,Maharashtra,Nashik,MP_068,Vendor_072,1140870.79,0.0,0.0,0,0,0,0,1,1,60.0,1
MPLAD103432,Uttar Pradesh,Varanasi,MP_007,Vendor_109,866376.77,502876.16,0.5804358766452152,0,0,0,0,0,1,28.6,0
MPLAD103433,Haryana,Panipat,MP_026,Vendor_069,301856.75,194959.16,0.645866491307549,0,0,0,0,0,1,20.6,0
MPLAD103434,Uttar Pradesh,Lucknow,MP_049,Vendor_090,468436.79,468436.79,1.0,0,0,0,0,0,-1,67.3,1
MPLAD103435,Assam,Guwahati,MP_133,Vendor_051,1857989.83,1813076.58,0.9758269667170353,0,0,0,1,0,-1,80.0,1
MPLAD103436,Assam,Silchar,MP_088,Vendor_096,2236414.56,2236414.56,1.0,0,0,0,0,0,-1,40.9,1
MPLAD103437,Punjab,Jalandhar,MP_114,Vendor_027,5732063.63,0.0,0.0,0,0,0,0,1,1,60.0,1
MPLAD103438,Haryana,Faridabad,MP_112,Vendor_108,5103990.47,2684675.86,0.5259954687963985,0,0,0,0,0,1,11.9,0
MPLAD103439,Chhattisgarh,Bilaspur,MP_103,Vendor_070,896833.05,390749.12,0.43569884049210716,0,0,0,0,0,1,27.2,0
MPLAD103440,Uttar Pradesh,Varanasi,MP_096,Vendor_110,1021268.5,666906.44,0.6530177323593158,0,0,0,0,0,1,31.9,0
MPLAD103441,Kerala,Kochi,MP_022,Vendor_063,832772.32,0.0,0.0,0,1,0,0,1,1,85.0,1
MPLAD103442,Karnataka,Mysuru,MP_059,Vendor_002,1010690.95,910990.15,0.9013538213634941,0,0,0,0,0,1,25.8,0
MPLAD103443,Uttar Pradesh,Varanasi,MP_096,Vendor_048,1678262.32,1552511.25,0.9250706707161249,0,0,0,0,0,-1,42.4,1
MPLAD103444,Andhra Pradesh,Guntur,MP_119,Vendor_015,766312.98,233871.49,0.3051905632604579,0,0,0,0,0,1,31.1,0
MPLAD103445,Haryana,Gurugram,MP_003,Vendor_111,3270600.11,0.0,0.0,0,0,0,0,1,1,60.0,1
MPLAD103446,Karnataka,Mysuru,MP_034,Vendor_036,1022726.2,1007833.8,0.985438526948855,0,0,0,0,0,-1,46.9,1
MPLAD103447,Uttar Pradesh,Lucknow,MP_049,Vendor_051,3441170.03,0.0,0.0,0,0,0,0,1,-1,60.0,1
MPLAD103448,Kerala,Kochi,MP_082,Vendor_050,239349.73,55247.79,0.23082453445842616,0,0,0,0,0,1,33.1,0
MPLAD103449,Gujarat,Vadodara,MP_093,Vendor_109,821131.2,1115360.57,1.3583219953157304,0,0,1,0,0,-1,90.0,1
MPLAD103450,West Bengal,Siliguri,MP_071,Vendor_051,349548.28,115213.17,0.32960588448611444,0,0,0,0,0,1,15.8,0
MPLAD103451,Haryana,Faridabad,MP_055,Vendor_033,227523.64,83809.87,0.3683567562473947,0,0,0,0,0,1,28.0,0
MPLAD103452,Odisha,Cuttack,MP_017,Vendor_108,1958218.95,0.0,0.0,0,0,0,0,1,1,60.0,1
MPLAD103453,Kerala,Kozhikode,MP_043,Vendor_033,635481.14,58948.02,0.09276124229272956,0,0,0,0,0,-1,59.4,1
MPLAD103454,West Bengal,Siliguri,MP_032,Vendor_120,983841.29,582928.3,0.5925023740363652,0,0,0,0,0,1,34.2,0
MPLAD103455,Punjab,Jalandhar,MP_045,Vendor_038,844048.82,0.0,0.0,0,0,0,0,1,1,60.0,1
MPLAD103456,Odisha,Rourkela,MP_106,Vendor_083,510106.89,171788.73,0.33677006401540666,0,0,0,0,0,1,29.0,0
MPLAD103457,Chhattisgarh,Bilaspur,MP_094,Vendor_100,2391917.53,840316.32,0.3513149217983281,0,0,0,0,0,1,30.2,0
MPLAD103458,Bihar,Bhagalpur,MP_077,Vendor_116,1182737.34,648507.39,0.5483105741804009,0,0,0,0,0,-1,66.9,1
MPLAD103459,West Bengal,Kolkata,MP_001,Vendor_063,304151.8,128035.31,0.42095858055089597,0,0,0,0,0,1,10.2,0
MPLAD103460,Gujarat,Vadodara,MP_040,Vendor_120,1502168.66,555351.36,0.36969973797749184,0,0,0,0,0,1,29.3,0
MPLAD103461,Chhattisgarh,Bilaspur,MP_081,Vendor_101,2629803.52,1224894.1,0.4657739982034856,0,0,0,0,0,1,22.9,0
MPLAD103462,Maharashtra,Mumbai,MP_105,Vendor_071,3467143.06,801369.76,0.23113259133876063,0,0,0,0,0,1,26.8,0
MPLAD103463,Tamil Nadu,Madurai,MP_136,Vendor_088,1538920.17,386686.49,0.25127131188357876,0,0,0,0,0,1,5.6,0
MPLAD103464,Andhra Pradesh,Vijayawada,MP_116,Vendor_060,602994.96,0.0,0.0,0,0,0,0,1,1,60.0,1
MPLAD103465,Gujarat,Ahmedabad,MP_095,Vendor_087,868086.47,409628.71,0.47187546881130404,0,0,0,0,0,1,24.4,0
MPLAD103466,Chhattisgarh,Raipur,MP_005,Vendor_089,500506.44,0.0,0.0,0,0,0,0,1,1,60.0,1
MPLAD103467,Karnataka,Mysuru,MP_034,Vendor_058,1982555.85,541557.88,0.2731614748709349,0,0,0,0,0,1,20.1,0
MPLAD103468,Chhattisgarh,Raipur,MP_113,Vendor_046,1347839.57,1175353.9,0.8720280411414244,0,0,0,0,0,-1,41.2,1
MPLAD103469,Uttar Pradesh,Varanasi,MP_096,Vendor_048,528110.39,452109.01,0.8560880803727418,0,0,0,0,0,-1,64.0,1
MPLAD103470,West Bengal,Siliguri,MP_032,Vendor_027,480128.82,198394.03,0.4132100005994225,0,0,0,0,0,1,10.1,0
MPLAD103471,Bihar,Gaya,MP_060,Vendor_048,1752098.72,1296989.07,0.7402488542426423,0,0,0,0,0,1,34.4,0
MPLAD103472,Rajasthan,Jaipur,MP_004,Vendor_103,1492860.53,185360.93,0.12416493455018199,0,0,0,0,0,1,33.1,0
MPLAD103473,Chhattisgarh,Raipur,MP_005,Vendor_029,1109878.11,1440769.2,1.2981328192876962,0,0,1,0,0,1,90.0,1
MPLAD103474,Telangana,Hyderabad,MP_140,Vendor_026,2996817.26,2996817.26,1.0,0,0,0,0,0,-1,53.0,1
MPLAD103475,Kerala,Kochi,MP_085,Vendor_057,1847599.04,1701900.79,0.9211418457978848,0,0,0,0,0,1,34.3,0
MPLAD103476,Assam,Dibrugarh,MP_131,Vendor_016,1355949.48,576434.58,0.42511508614612986,0,0,0,0,0,1,16.6,0
MPLAD103477,Tamil Nadu,Madurai,MP_087,Vendor_007,305429.33,273465.6,0.8953481972409132,0,0,0,0,0,-1,39.7,1
MPLAD103478,Kerala,Kozhikode,MP_043,Vendor_091,1494956.25,1026075.28,0.6863580656624567,0,0,0,0,0,-1,52.5,1
MPLAD103479,Punjab,Jalandhar,MP_114,Vendor_107,828191.71,241272.54,0.2913245050472674,0,0,0,0,0,1,32.2,0
MPLAD103480,Chhattisgarh,Raipur,MP_020,Vendor_034,1272570.11,579300.8,0.4552211272666148,0,0,0,0,0,1,22.0,0
MPLAD103481,Uttar Pradesh,Lucknow,MP_049,Vendor_094,314254.26,147512.58,0.4694051880155896,0,0,0,0,0,-1,44.9,1
MPLAD103482,Kerala,Kozhikode,MP_043,Vendor_085,1886082.48,1332736.75,0.7066163670636504,0,0,0,0,0,1,29.7,0
MPLAD103483,Rajasthan,Jaipur,MP_121,Vendor_109,4398958.57,2417491.34,0.549559924589151,0,0,0,0,0,1,12.6,0
MPLAD103484,Maharashtra,Mumbai,MP_105,Vendor_004,1765782.02,88289.1,0.04999999943367869,0,0,0,0,0,1,28.7,0
MPLAD103485,Kerala,Kochi,MP_085,Vendor_108,4986249.74,1275082.85,0.2557198127825824,0,0,0,0,0,1,22.2,0
MPLAD103486,Andhra Pradesh,Vijayawada,MP_116,Vendor_098,3186590.86,1534786.19,0.48163892304643086,0,0,0,0,0,1,33.7,0
MPLAD103487,Telangana,Hyderabad,MP_041,Vendor_071,1450294.57,347668.01,0.23972234137234616,0,0,0,0,0,1,26.4,0
MPLAD103488,Assam,Guwahati,MP_148,Vendor_032,1404581.4,554557.54,0.3948205066648327,0,0,0,0,0,1,14.1,0
MPLAD103489,Kerala,Kochi,MP_008,Vendor_088,2281353.28,2111379.81,0.9254944547650245,0,0,0,0,0,1,30.1,0
MPLAD103490,Assam,Dibrugarh,MP_131,Vendor_105,890333.0,871432.12,0.9787709991654808,0,0,0,0,0,1,26.9,0
MPLAD103491,Odisha,Rourkela,MP_106,Vendor_102,18372842.65,8022419.0,0.4366454964441771,0,0,0,0,0,1,6.6,0
MPLAD103492,Tamil Nadu,Chennai,MP_066,Vendor_114,581778.54,69154.77,0.11886785992484357,0,0,0,0,0,-1,43.0,1
MPLAD103493,Odisha,Cuttack,MP_010,Vendor_025,3981993.2,1767013.45,0.4437509963603152,0,0,0,0,0,1,38.2,0
MPLAD103494,Jharkhand,Jamshedpur,MP_031,Vendor_062,516938.15,78208.17,0.15129115543126387,0,0,0,0,0,1,22.5,0
MPLAD103495,Haryana,Gurugram,MP_003,Vendor_011,1703991.27,947588.64,0.5560994687490388,0,0,0,0,0,-1,42.2,1
MPLAD103496,Assam,Dibrugarh,MP_075,Vendor_080,1926753.17,1059599.51,0.5499404524140474,0,0,0,0,0,1,30.8,0
MPLAD103497,Haryana,Panipat,MP_026,Vendor_112,870949.82,433903.37,0.4981956021300975,0,0,0,0,0,1,31.9,0
MPLAD103498,Odisha,Cuttack,MP_039,Vendor_037,1583456.49,0.0,0.0,0,0,0,0,1,1,60.0,1
MPLAD103499,Gujarat,Vadodara,MP_093,Vendor_108,5804164.94,5240794.85,0.9029369261859742,0,0,0,0,0,1,19.6,0
MPLAD103500,Andhra Pradesh,Guntur,MP_119,Vendor_115,217413.12,87978.3,0.4046595716026706,0,0,0,0,0,1,27.0,0
MPLAD103501,Punjab,Jalandhar,MP_144,Vendor_091,1984853.56,981399.54,0.4944443055033239,0,0,0,0,0,1,24.9,0
MPLAD103502,Chhattisgarh,Bilaspur,MP_103,Vendor_029,2580758.1,2347106.53,0.9094639788207968,0,0,0,0,0,1,35.4,0
MPLAD103503,Tamil Nadu,Madurai,MP_136,Vendor_039,980421.86,322109.05,0.3285412771192189,0,0,0,0,0,1,8.6,0
MPLAD103504,Karnataka,Mysuru,MP_034,Vendor_060,1659648.97,845403.83,0.5093871326296187,0,0,0,0,0,1,22.9,0
MPLAD103505,Tamil Nadu,Coimbatore,MP_037,Vendor_051,2784537.28,2657279.02,0.9542982380182032,0,0,0,0,0,1,14.5,0
MPLAD103506,Tamil Nadu,Coimbatore,MP_128,Vendor_088,3209812.88,2220682.52,0.6918417375158642,0,0,0,0,0,1,31.3,0
MPLAD103507,Telangana,Hyderabad,MP_142,Vendor_098,629929.67,207559.27,0.3294959419834915,0,0,0,0,0,1,24.3,0
MPLAD103508,Gujarat,Ahmedabad,MP_015,Vendor_080,1837287.52,1947681.66,1.060085391534146,0,0,1,0,0,-1,90.0,1
MPLAD103509,Chhattisgarh,Raipur,MP_113,Vendor_019,1042035.06,422058.89,0.40503329129827936,0,0,0,0,0,1,21.8,0
MPLAD103510,Bihar,Bhagalpur,MP_110,Vendor_041,355837.28,355837.28,1.0,0,0,0,0,0,-1,41.9,1
MPLAD103511,Rajasthan,Udaipur,MP_052,Vendor_028,523449.94,0.0,0.0,0,1,0,0,1,1,85.0,1
MPLAD103512,Andhra Pradesh,Vijayawada,MP_116,Vendor_007,999889.31,0.0,0.0,0,0,0,0,1,-1,60.0,1
MPLAD103513,Maharashtra,Pune,MP_127,Vendor_023,1696055.99,0.0,0.0,0,1,0,0,1,1,85.0,1
MPLAD103514,Odisha,Cuttack,MP_010,Vendor_070,2145380.85,285775.34,0.133204945872431,0,0,0,0,0,1,13.2,0
MPLAD103515,Jharkhand,Ranchi,MP_035,Vendor_026,1786936.18,251144.16,0.14054456046661948,0,0,0,0,0,1,35.9,0
MPLAD103516,Bihar,Gaya,MP_072,Vendor_055,586763.85,0.0,0.0,0,0,0,0,1,-1,60.0,1
MPLAD103517,Tamil Nadu,Madurai,MP_087,Vendor_094,1642707.04,512296.39,0.3118610790150385,0,0,0,0,0,1,20.9,0
MPLAD103518,Gujarat,Ahmedabad,MP_021,Vendor_031,727707.66,114732.22,0.1576625151918835,0,0,0,0,0,1,21.6,0
MPLAD103519,Tamil Nadu,Madurai,MP_125,Vendor_049,793075.24,0.0,0.0,0,0,0,0,1,1,60.0,1
MPLAD103520,West Bengal,Kolkata,MP_089,Vendor_115,835477.02,310341.0,0.3714536636806599,0,0,0,0,0,1,13.8,0
MPLAD103521,Andhra Pradesh,Guntur,MP_119,Vendor_105,17163136.82,16686113.96,0.9722065456330727,0,0,0,0,0,1,37.4,0
MPLAD103522,Gujarat,Surat,MP_122,Vendor_051,1867967.21,1867967.21,1.0,0,0,0,0,0,-1,59.0,1
MPLAD103523,Chhattisgarh,Bilaspur,MP_058,Vendor_007,911749.93,444403.0,0.48741764093143386,0,0,0,0,0,1,26.3,0
MPLAD103524,Haryana,Gurugram,MP_126,Vendor_054,671930.86,178330.95,0.2654007437610471,0,0,0,0,0,-1,56.7,1
MPLAD103525,Madhya Pradesh,Indore,MP_150,Vendor_082,2239532.71,2118929.83,0.9461481944597273,0,0,0,0,0,1,25.1,0
MPLAD103526,Odisha,Bhubaneswar,MP_092,Vendor_070,1933789.91,770154.46,0.39826170155164375,0,0,0,0,0,1,23.5,0
MPLAD103527,Assam,Silchar,MP_088,Vendor_091,518242.77,268217.08,0.5175510311509025,0,0,0,0,0,1,26.0,0
MPLAD103528,Jharkhand,Jamshedpur,MP_046,Vendor_010,880159.83,866664.99,0.9846677392673101,0,0,0,0,0,-1,61.6,1
MPLAD103529,Maharashtra,Mumbai,MP_105,Vendor_082,920756.76,508680.72,0.552459392206906,0,0,0,0,0,1,17.5,0
MPLAD103530,Jharkhand,Jamshedpur,MP_132,Vendor_113,2258707.61,2258707.61,1.0,0,0,0,0,0,1,20.9,0
MPLAD103531,Madhya Pradesh,Indore,MP_150,Vendor_091,1717494.97,0.0,0.0,0,0,0,0,1,1,60.0,1
MPLAD103532,Punjab,Jalandhar,MP_146,Vendor_087,2979701.78,568492.64,0.19078843521045252,0,0,0,0,0,1,19.0,0
MPLAD103533,Rajasthan,Udaipur,MP_044,Vendor_071,852596.3,179432.18,0.21045385723583362,0,0,0,0,0,1,12.5,0
MPLAD103534,Maharashtra,Mumbai,MP_069,Vendor_097,1974715.69,526940.3,0.26684362851241644,0,0,0,0,0,-1,63.0,1
MPLAD103535,Odisha,Cuttack,MP_017,Vendor_017,931894.49,80886.12,0.08679750858919662,0,0,0,0,0,1,15.3,0
MPLAD103536,Gujarat,Surat,MP_006,Vendor_069,656970.33,286808.79,0.43656277445588754,0,0,0,0,0,1,15.5,0
MPLAD103537,Punjab,Amritsar,MP_064,Vendor_053,1816546.29,469463.35,0.25843731733365294,0,0,0,0,0,1,20.7,0
MPLAD103538,Madhya Pradesh,Bhopal,MP_084,Vendor_075,1267665.26,439311.52,0.34655167563714734,0,0,0,0,0,-1,40.4,1
MPLAD103539,Gujarat,Ahmedabad,MP_002,Vendor_086,732629.42,726603.91,0.9917755009074029,0,0,0,0,0,-1,51.1,1
MPLAD103540,Tamil Nadu,Coimbatore,MP_078,Vendor_111,1286241.34,1067559.96,0.8299841769974521,0,0,0,0,0,1,22.8,0
MPLAD103541,Punjab,Ludhiana,MP_149,Vendor_069,831115.17,417256.42,0.5020440428250154,0,0,0,0,0,1,16.7,0
MPLAD103542,Bihar,Bhagalpur,MP_018,Vendor_108,1860475.77,518791.29,0.27884872158265195,0,0,0,0,0,1,5.0,0
MPLAD103543,Rajasthan,Jodhpur,MP_099,Vendor_018,4030335.67,0.0,0.0,0,0,0,0,1,1,60.0,1
MPLAD103544,Madhya Pradesh,Indore,MP_038,Vendor_055,649961.44,111041.07,0.17084255029036802,0,0,0,0,0,1,26.3,0
MPLAD103545,Odisha,Cuttack,MP_039,Vendor_098,2118429.97,736375.57,0.34760439591024095,0,0,0,0,0,1,17.2,0
MPLAD103546,West Bengal,Siliguri,MP_032,Vendor_049,1532360.4,479214.79,0.31272981865101707,0,0,0,0,0,1,24.9,0
MPLAD103547,Rajasthan,Udaipur,MP_044,Vendor_049,2235973.52,0.0,0.0,0,0,0,0,1,1,60.0,1
MPLAD103548,Jharkhand,Jamshedpur,MP_118,Vendor_057,1191178.64,0.0,0.0,0,0,0,0,1,1,60.0,1
MPLAD103549,Bihar,Gaya,MP_060,Vendor_065,3168884.92,3121655.53,0.9850958961299232,0,0,0,0,0,-1,52.3,1
MPLAD103550,Maharashtra,Nashik,MP_011,Vendor_112,4196022.06,1490831.83,0.35529647096278616,0,0,0,0,0,-1,40.1,1
MPLAD103551,Chhattisgarh,Bilaspur,MP_103,Vendor_099,2459961.56,414112.17,0.16834091098561718,0,0,0,0,0,-1,43.3,1
MPLAD103552,Bihar,Patna,MP_050,Vendor_096,1034716.51,885014.25,0.8553205070633308,0,0,0,0,0,1,9.9,0
MPLAD103553,Jharkhand,Jamshedpur,MP_118,Vendor_110,937523.04,232791.45,0.2483047776617842,0,0,0,0,0,-1,41.0,1
MPLAD103554,Jharkhand,Ranchi,MP_107,Vendor_109,1504102.77,1314633.73,0.8740318522250976,0,0,0,0,0,1,11.3,0
MPLAD103555,Chhattisgarh,Bilaspur,MP_103,Vendor_094,1051861.31,1002690.02,0.953253067174797,0,0,0,0,0,1,24.3,0
MPLAD103556,Assam,Dibrugarh,MP_117,Vendor_092,878328.75,0.0,0.0,0,0,0,0,1,1,60.0,1
MPLAD103557,Odisha,Cuttack,MP_039,Vendor_063,1623939.37,1293588.25,0.7965742280144362,0,0,0,0,0,1,20.6,0
MPLAD103558,Rajasthan,Jodhpur,MP_099,Vendor_108,3428537.27,1485177.32,0.43318103407987746,0,0,0,0,0,1,8.5,0
MPLAD103559,Uttar Pradesh,Varanasi,MP_007,Vendor_024,3355995.07,3012794.84,0.8977351805227771,0,0,0,0,0,1,32.7,0
MPLAD103560,Assam,Silchar,MP_088,Vendor_078,1647908.24,775895.5,0.4708365922121974,0,0,0,0,0,1,9.6,0
MPLAD103561,Tamil Nadu,Chennai,MP_135,Vendor_037,5813323.24,5534282.12,0.9519997239995208,0,0,0,0,0,1,24.2,0
MPLAD103562,West Bengal,Siliguri,MP_032,Vendor_052,1030612.56,949746.86,0.9215362754748496,0,0,0,0,0,-1,66.9,1
MPLAD103563,Haryana,Gurugram,MP_003,Vendor_067,2771026.96,2326892.95,0.8397222342434374,0,0,0,0,0,1,33.1,0
MPLAD103564,Gujarat,Surat,MP_122,Vendor_111,726322.85,715667.68,0.9853299810132644,0,0,0,0,0,-1,51.3,1
MPLAD103565,Assam,Guwahati,MP_133,Vendor_091,1758296.58,1607231.11,0.9140841927816297,0,0,0,0,0,1,27.9,0
MPLAD103566,Odisha,Cuttack,MP_039,Vendor_110,2140827.91,622212.3,0.2906409698292844,0,0,0,0,0,1,16.4,0
MPLAD103567,Andhra Pradesh,Guntur,MP_036,Vendor_098,741752.08,183398.92,0.24725096827500642,0,0,0,0,0,-1,53.2,1
MPLAD103568,Maharashtra,Nashik,MP_011,Vendor_113,1284796.03,1093163.02,0.850845577410447,0,0,0,0,0,-1,48.9,1
MPLAD103569,Kerala,Thiruvananthapuram,MP_102,Vendor_085,614327.59,63656.25,0.10361938977866841,0,0,0,0,0,1,21.9,0
MPLAD103570,West Bengal,Kolkata,MP_057,Vendor_032,644573.3,307859.75,0.47761790629552914,0,0,0,0,0,1,10.0,0
MPLAD103571,Punjab,Jalandhar,MP_115,Vendor_049,490517.32,0.0,0.0,0,0,0,0,1,1,60.0,1
MPLAD103572,Assam,Guwahati,MP_148,Vendor_063,1387871.61,268281.85,0.19330451611442642,0,0,0,0,0,1,11.2,0
MPLAD103573,West Bengal,Kolkata,MP_089,Vendor_083,881306.96,253615.11,0.28777159549494535,0,0,0,0,0,-1,41.6,1
MPLAD103574,Jharkhand,Ranchi,MP_051,Vendor_030,4281228.64,3660271.41,0.8549581715402148,0,0,0,0,0,1,10.9,0
MPLAD103575,Gujarat,Surat,MP_053,Vendor_005,1803761.46,798529.07,0.4427021464357044,0,0,0,0,0,1,16.3,0
MPLAD103576,West Bengal,Siliguri,MP_111,Vendor_049,884637.82,425085.76,0.48051954188438384,0,0,0,0,0,1,10.8,0
MPLAD103577,Punjab,Jalandhar,MP_114,Vendor_039,2426262.07,0.0,0.0,0,0,0,0,1,-1,60.0,1
MPLAD103578,Bihar,Bhagalpur,MP_110,Vendor_062,2817229.1,118120.59,0.04192793195271197,0,1,0,0,0,1,85.0,1
MPLAD103579,Maharashtra,Mumbai,MP_069,Vendor_002,705802.27,185865.99,0.26334002864569983,0,0,0,0,0,1,12.7,0
MPLAD103580,Bihar,Bhagalpur,MP_070,Vendor_042,1498647.86,616631.0,0.4114582327565596,0,0,0,0,0,1,11.2,0
MPLAD103581,Karnataka,Mysuru,MP_034,Vendor_028,2079061.63,294299.03,0.14155377875931463,0,0,0,0,0,1,30.2,0
MPLAD103582,Bihar,Gaya,MP_060,Vendor_052,1299103.63,1216231.06,0.9362078835850841,0,0,0,0,0,-1,76.5,1
MPLAD103583,Maharashtra,Nashik,MP_068,Vendor_120,1634890.9,0.0,0.0,0,0,0,0,1,1,60.0,1
MPLAD103584,Kerala,Kochi,MP_022,Vendor_061,873940.28,0.0,0.0,0,0,0,0,1,-1,77.3,1
MPLAD103585,West Bengal,Kolkata,MP_054,Vendor_096,3270780.54,1130991.65,0.34578646783804085,0,0,0,0,0,1,17.9,0
MPLAD103586,Tamil Nadu,Coimbatore,MP_128,Vendor_115,303124.04,142324.23,0.46952471997931944,0,0,0,0,0,1,10.8,0
MPLAD103587,Punjab,Amritsar,MP_064,Vendor_091,1046989.27,848034.45,0.8099743467285008,0,0,0,0,0,-1,65.1,1
MPLAD103588,Gujarat,Vadodara,MP_093,Vendor_103,798059.71,238499.26,0.29884889189557007,0,0,0,0,0,1,25.7,0
MPLAD103589,Haryana,Gurugram,MP_003,Vendor_078,1759007.74,1640125.65,0.9324152547503856,0,0,0,0,0,1,24.7,0
MPLAD103590,Punjab,Jalandhar,MP_139,Vendor_006,757058.14,522561.25,0.6902524685884759,0,0,0,0,0,1,34.6,0
MPLAD103591,Tamil Nadu,Madurai,MP_136,Vendor_014,6772441.87,2074385.87,0.30629806941406795,0,0,0,0,0,1,27.9,0
MPLAD103592,Jharkhand,Ranchi,MP_051,Vendor_063,1687811.78,17483.78,0.010358844633730427,0,1,0,0,0,1,85.0,1
MPLAD103593,Maharashtra,Mumbai,MP_061,Vendor_076,632783.47,113869.19,0.17994969116370882,0,0,0,0,0,1,6.5,0
MPLAD103594,Chhattisgarh,Bilaspur,MP_130,Vendor_105,628701.28,539854.9,0.8586826799525523,0,0,0,0,0,1,25.0,0
MPLAD103595,Maharashtra,Pune,MP_127,Vendor_102,403833.88,136069.34,0.3369438443352004,0,0,0,0,0,1,13.8,0
MPLAD103596,Maharashtra,Mumbai,MP_069,Vendor_050,1545874.99,773691.04,0.5004874553278076,0,0,0,0,0,1,4.9,0
MPLAD103597,Punjab,Jalandhar,MP_114,Vendor_089,2631092.54,2476849.61,0.9413768510019795,0,0,0,0,0,-1,40.4,1
MPLAD103598,Punjab,Jalandhar,MP_115,Vendor_003,352305.43,172691.86,0.49017654936513466,0,0,0,0,0,1,19.3,0
MPLAD103599,Assam,Guwahati,MP_024,Vendor_038,1824937.58,1824937.58,1.0,0,0,0,0,0,1,36.3,0
MPLAD103600,Assam,Dibrugarh,MP_117,Vendor_002,2134006.24,1798042.24,0.842566533451186,0,0,0,0,0,1,36.2,0
MPLAD103601,Tamil Nadu,Chennai,MP_135,Vendor_014,4237437.75,3757354.9,0.8867044477526543,0,0,0,0,0,1,26.3,0
MPLAD103602,West Bengal,Siliguri,MP_071,Vendor_071,954385.34,954385.34,1.0,0,0,0,0,0,1,25.7,0
MPLAD103603,Kerala,Thiruvananthapuram,MP_134,Vendor_111,1133121.41,387450.17,0.34193173527627546,0,0,0,0,0,1,11.3,0
MPLAD103604,Jharkhand,Ranchi,MP_035,Vendor_075,2655370.19,2313885.14,0.8713983265738177,0,0,0,0,0,-1,40.5,1
MPLAD103605,Telangana,Hyderabad,MP_143,Vendor_120,1073826.73,1427263.96,1.3291380444589975,0,0,1,0,0,-1,90.0,1
MPLAD103606,Bihar,Bhagalpur,MP_147,Vendor_107,1015574.45,0.0,0.0,0,0,0,0,1,1,60.0,1
MPLAD103607,Kerala,Kochi,MP_085,Vendor_098,1851557.75,0.0,0.0,0,0,0,0,1,-1,60.0,1
MPLAD103608,Punjab,Amritsar,MP_012,Vendor_038,651349.12,218182.14,0.3349695782194348,0,0,0,0,0,1,20.2,0
MPLAD103609,Kerala,Kochi,MP_104,Vendor_070,1067027.68,87299.71,0.08181578757169637,0,0,0,0,0,1,34.4,0
MPLAD103610,Bihar,Patna,MP_120,Vendor_070,1091907.43,972106.66,0.8902830343411072,0,0,0,0,0,1,23.7,0
MPLAD103611,Punjab,Jalandhar,MP_146,Vendor_108,829412.12,203640.3,0.24552366078277224,0,0,0,0,0,1,18.0,0
MPLAD103612,Chhattisgarh,Raipur,MP_005,Vendor_114,429080.16,130013.05,0.3030041053401304,0,0,0,0,0,1,28.4,0
MPLAD103613,Gujarat,Surat,MP_122,Vendor_021,1707501.37,543430.26,0.3182605118495454,0,0,0,0,0,1,18.6,0
MPLAD103614,Bihar,Bhagalpur,MP_077,Vendor_079,1164555.91,1036531.75,0.8900661111238533,0,0,0,0,0,1,23.7,0
MPLAD103615,Punjab,Ludhiana,MP_141,Vendor_012,999561.73,988850.53,0.9892841035440603,0,0,0,0,0,-1,48.9,1
MPLAD103616,Bihar,Bhagalpur,MP_110,Vendor_069,778644.86,773052.06,0.9928172645999359,0,0,0,0,0,1,11.2,0
MPLAD103617,Punjab,Amritsar,MP_012,Vendor_023,363824.57,351568.88,0.9663142871301957,0,0,0,0,0,-1,60.7,1
MPLAD103618,Assam,Dibrugarh,MP_123,Vendor_033,3069321.8,2996433.1,0.9762525063354388,0,0,0,0,0,-1,66.0,1
MPLAD103619,Punjab,Jalandhar,MP_146,Vendor_107,897921.47,756783.32,0.8428168222773423,0,0,0,0,0,-1,45.6,1
MPLAD103620,Haryana,Faridabad,MP_112,Vendor_115,813153.75,642565.76,0.7902143475326776,0,0,0,0,0,-1,47.8,1
MPLAD103621,Tamil Nadu,Coimbatore,MP_078,Vendor_021,1930081.78,91484.71,0.047399395687782724,0,0,0,0,0,1,16.0,0
MPLAD103622,Tamil Nadu,Madurai,MP_125,Vendor_037,1348208.2,1113436.81,0.8258641432384108,0,0,0,0,0,1,10.2,0
MPLAD103623,Rajasthan,Udaipur,MP_023,Vendor_019,225507.84,192063.71,0.8516941583937835,0,0,0,0,0,1,20.5,0
MPLAD103624,Karnataka,Mysuru,MP_034,Vendor_024,588618.97,516572.34,0.8776005639097905,0,0,0,0,0,-1,52.7,1
MPLAD103625,West Bengal,Kolkata,MP_057,Vendor_024,2881236.58,2003120.46,0.6952294281922521,0,0,0,0,0,1,26.9,0
MPLAD103626,Chhattisgarh,Raipur,MP_048,Vendor_043,1026203.33,942681.22,0.9186105642436377,0,0,0,0,0,-1,39.8,1
MPLAD103627,Kerala,Kochi,MP_108,Vendor_050,1200913.61,0.0,0.0,0,0,0,0,1,-1,60.0,1
MPLAD103628,Assam,Guwahati,MP_148,Vendor_005,991009.06,333051.53,0.336073143468537,0,0,0,0,0,1,21.5,0
MPLAD103629,Kerala,Kochi,MP_104,Vendor_046,465206.62,365723.71,0.7861532795900454,0,0,0,0,0,-1,66.1,1
MPLAD103630,Tamil Nadu,Madurai,MP_145,Vendor_009,1000136.19,309060.12,0.309018034833836,0,0,0,0,0,1,19.3,0
MPLAD103631,Punjab,Amritsar,MP_012,Vendor_014,5664097.08,5664097.08,1.0,0,0,0,0,0,-1,60.6,1
MPLAD103632,Madhya Pradesh,Bhopal,MP_084,Vendor_099,5319313.47,5122362.62,0.9629743854896373,0,0,0,0,0,-1,57.2,1
MPLAD103633,Madhya Pradesh,Indore,MP_038,Vendor_112,752030.08,125211.86,0.1664984730398018,0,0,0,0,0,1,26.1,0
MPLAD103634,Madhya Pradesh,Indore,MP_038,Vendor_047,7460722.79,3027065.16,0.4057334986440369,0,0,0,0,0,-1,47.4,1
MPLAD103635,Karnataka,Hubballi,MP_029,Vendor_108,1405337.85,0.0,0.0,0,0,0,0,1,1,60.0,1
MPLAD103636,Maharashtra,Mumbai,MP_105,Vendor_049,2295189.68,560740.99,0.2443113939062326,0,0,0,0,0,1,11.0,0
MPLAD103637,Rajasthan,Jodhpur,MP_063,Vendor_100,786494.07,432637.5,0.5500836134721271,0,0,0,0,0,1,36.5,0
MPLAD103638,Punjab,Ludhiana,MP_141,Vendor_022,630247.82,586715.21,0.9309277896431281,0,0,0,0,0,-1,44.9,1
MPLAD103639,Rajasthan,Jaipur,MP_121,Vendor_059,733620.4,606352.47,0.8265207319752831,0,0,0,0,0,1,32.7,0
MPLAD103640,Jharkhand,Jamshedpur,MP_118,Vendor_083,347431.89,0.0,0.0,0,0,0,0,1,1,60.0,1
MPLAD103641,Maharashtra,Mumbai,MP_061,Vendor_118,2070837.56,1823185.16,0.8804095479125846,0,0,0,0,0,1,28.9,0
MPLAD103642,Telangana,Hyderabad,MP_140,Vendor_092,2315729.59,2211598.43,0.9550331090254801,0,0,0,0,0,-1,49.4,1
MPLAD103643,Rajasthan,Udaipur,MP_023,Vendor_077,1030587.08,497552.33,0.4827853362958907,0,0,0,0,0,-1,42.8,1
MPLAD103644,Kerala,Kozhikode,MP_043,Vendor_018,3530823.51,3071625.14,0.8699458161249187,0,0,0,0,0,1,34.7,0
MPLAD103645,Punjab,Jalandhar,MP_139,Vendor_076,5405600.09,1411122.74,0.2610483048145724,0,0,0,0,0,1,14.6,0
MPLAD103646,Jharkhand,Ranchi,MP_107,Vendor_032,860278.31,260042.73,0.3022774455396882,0,0,0,0,0,1,4.3,0
MPLAD103647,Odisha,Rourkela,MP_013,Vendor_054,235119.95,189526.3,0.8060834480442854,0,0,0,0,0,-1,40.2,1
MPLAD103648,Madhya Pradesh,Indore,MP_150,Vendor_109,951675.41,154218.07,0.16204902257588016,0,0,0,0,0,1,18.2,0
MPLAD103649,Chhattisgarh,Bilaspur,MP_103,Vendor_078,1827487.23,1619509.18,0.8861945262402736,0,0,0,0,0,1,33.8,0
MPLAD103650,Gujarat,Ahmedabad,MP_015,Vendor_032,576609.91,0.0,0.0,0,0,0,0,1,1,60.0,1
MPLAD103651,Kerala,Kozhikode,MP_043,Vendor_096,987156.27,614274.63,0.6222668575057524,0,0,0,0,0,1,25.7,0
MPLAD103652,West Bengal,Kolkata,MP_057,Vendor_079,3663516.38,0.0,0.0,0,0,0,0,1,1,60.0,1
MPLAD103653,Chhattisgarh,Bilaspur,MP_094,Vendor_102,1492526.53,788227.84,0.5281164683886724,0,0,0,0,0,1,11.5,0
MPLAD103654,Rajasthan,Jodhpur,MP_063,Vendor_114,2521758.27,2218547.15,0.8797620201717431,0,0,0,0,0,1,22.5,0
MPLAD103655,Kerala,Thiruvananthapuram,MP_083,Vendor_081,688142.86,667385.39,0.9698355222344384,0,0,0,0,0,-1,46.4,1
MPLAD103656,Andhra Pradesh,Vijayawada,MP_116,Vendor_092,1718629.77,1501994.72,0.8739489715693682,0,0,0,0,0,1,37.2,0
MPLAD103657,Tamil Nadu,Coimbatore,MP_128,Vendor_031,368405.55,0.0,0.0,0,0,0,0,1,1,60.0,1
MPLAD103658,Chhattisgarh,Bilaspur,MP_130,Vendor_062,882316.65,248904.71,0.28210360758804676,0,0,0,0,0,1,20.9,0
MPLAD103659,Kerala,Thiruvananthapuram,MP_134,Vendor_027,906164.77,884967.17,0.9766073448209646,0,0,0,0,0,1,35.3,0
MPLAD103660,Gujarat,Ahmedabad,MP_100,Vendor_117,990562.79,529941.51,0.534990326054949,0,0,0,0,0,1,22.3,0
MPLAD103661,Punjab,Jalandhar,MP_144,Vendor_097,1538722.5,225.74,0.00014670611497524734,0,1,0,0,0,-1,85.0,1
MPLAD103662,Punjab,Ludhiana,MP_141,Vendor_097,911389.99,0.0,0.0,0,0,0,0,1,-1,77.5,1
MPLAD103663,Odisha,Rourkela,MP_013,Vendor_025,640953.61,545759.08,0.851479844227728,0,0,0,0,0,1,25.7,0
MPLAD103664,Karnataka,Mysuru,MP_019,Vendor_012,1138738.13,317513.16,0.2788289525353823,0,0,0,0,0,1,34.7,0
MPLAD103665,Chhattisgarh,Bilaspur,MP_094,Vendor_071,651594.01,502526.87,0.7712269638574486,0,0,0,0,0,-1,45.7,1
MPLAD103666,Kerala,Kochi,MP_104,Vendor_016,816407.71,307408.39,0.3765378330393279,0,0,0,0,0,1,27.4,0
MPLAD103667,West Bengal,Siliguri,MP_032,Vendor_105,1826027.74,0.0,0.0,0,0,0,0,1,1,60.0,1
MPLAD103668,Punjab,Amritsar,MP_098,Vendor_085,249344.36,245162.79,0.9832297389842707,0,0,0,0,0,1,20.7,0
MPLAD103669,Odisha,Cuttack,MP_039,Vendor_082,1743096.41,0.0,0.0,0,0,0,0,1,1,60.0,1
MPLAD103670,Assam,Guwahati,MP_148,Vendor_061,1527827.15,1398152.57,0.9151248359475744,0,0,0,0,0,-1,71.3,1
MPLAD103671,Chhattisgarh,Raipur,MP_005,Vendor_020,2436867.65,95692.13,0.03926849699859572,0,1,0,0,0,1,85.0,1
MPLAD103672,Rajasthan,Jaipur,MP_004,Vendor_106,546445.88,313322.09,0.5733817409328807,0,0,0,0,0,1,36.2,0
MPLAD103673,Uttar Pradesh,Lucknow,MP_049,Vendor_020,1416919.48,0.0,0.0,0,0,0,0,1,1,60.0,1
MPLAD103674,Kerala,Kochi,MP_108,Vendor_097,4984621.74,4598782.75,0.9225941284764367,0,0,0,0,0,-1,70.3,1
MPLAD103675,Haryana,Faridabad,MP_137,Vendor_109,631049.0,235309.77,0.3728866855030275,0,0,0,0,0,1,26.0,0
MPLAD103676,Assam,Guwahati,MP_133,Vendor_111,1226308.51,316149.63,0.2578059496626995,0,0,0,0,0,1,20.1,0
MPLAD103677,Assam,Silchar,MP_129,Vendor_092,607159.12,161582.64,0.26612898444150856,0,0,0,0,0,1,17.2,0
MPLAD103678,Chhattisgarh,Bilaspur,MP_058,Vendor_038,3749929.31,563366.4,0.15023387200864327,0,0,0,0,0,1,16.8,0
MPLAD103679,Punjab,Jalandhar,MP_144,Vendor_004,1064319.6,239945.95,0.22544539253058948,0,0,0,0,0,1,29.1,0
MPLAD103680,Andhra Pradesh,Guntur,MP_036,Vendor_078,745512.51,157082.58,0.2107041503569135,0,0,0,0,0,1,32.7,0
MPLAD103681,Gujarat,Ahmedabad,MP_027,Vendor_049,360008.47,143272.15,0.3979688311222233,0,0,0,0,0,-1,43.7,1
MPLAD103682,Odisha,Cuttack,MP_010,Vendor_117,3382752.9,2282055.01,0.6746147523811153,0,0,0,0,0,1,12.4,0
MPLAD103683,West Bengal,Kolkata,MP_057,Vendor_087,1225403.0,953944.29,0.7784739306171113,0,0,0,0,0,1,23.3,0
MPLAD103684,Assam,Dibrugarh,MP_065,Vendor_095,2160608.15,50002.61,0.02314284059328389,0,1,0,0,0,1,85.0,1
MPLAD103685,Odisha,Cuttack,MP_079,Vendor_021,2578109.75,2553219.8,0.990345659256748,0,0,0,0,0,1,35.1,0
MPLAD103686,Odisha,Rourkela,MP_106,Vendor_004,765562.16,0.0,0.0,0,0,0,0,1,1,60.0,1
MPLAD103687,Jharkhand,Jamshedpur,MP_031,Vendor_104,1920117.85,490589.51,0.2554996871676392,0,0,0,0,0,1,18.7,0
MPLAD103688,Tamil Nadu,Coimbatore,MP_128,Vendor_015,500998.02,464018.9,0.9261890895297351,0,0,0,0,0,1,38.8,0
MPLAD103689,Bihar,Bhagalpur,MP_110,Vendor_007,2696727.19,2668695.84,0.9896054187075556,0,0,0,0,0,1,36.5,0
MPLAD103690,Bihar,Patna,MP_028,Vendor_005,944824.14,944824.14,1.0,0,0,0,0,0,1,38.0,0
MPLAD103691,Jharkhand,Jamshedpur,MP_118,Vendor_057,967867.51,443143.86,0.45785591046443946,0,0,0,0,0,1,22.5,0
MPLAD103692,Kerala,Thiruvananthapuram,MP_134,Vendor_115,685905.4,205737.53,0.29995029926867467,0,0,0,0,0,1,8.7,0
MPLAD103693,Assam,Silchar,MP_076,Vendor_036,1682682.53,219627.97,0.13052252346139231,0,0,0,0,0,1,38.9,0
MPLAD103694,Tamil Nadu,Chennai,MP_135,Vendor_002,713040.28,388669.6,0.5450878595526187,0,0,0,0,0,1,17.1,0
MPLAD103695,Kerala,Kochi,MP_104,Vendor_068,984981.55,0.0,0.0,0,0,0,0,1,-1,60.0,1
MPLAD103696,Tamil Nadu,Coimbatore,MP_037,Vendor_094,867046.15,729018.28,0.8408067782781805,0,0,0,0,0,1,24.4,0
MPLAD103697,Tamil Nadu,Madurai,MP_145,Vendor_005,902157.24,419682.71,0.4651990710621577,0,0,0,0,0,1,14.0,0
MPLAD103698,Chhattisgarh,Raipur,MP_113,Vendor_051,1157582.57,1115321.93,0.9634923321279794,0,0,0,0,0,-1,47.1,1
MPLAD103699,Rajasthan,Jodhpur,MP_063,Vendor_022,701368.74,701368.74,1.0,0,0,0,0,0,-1,55.7,1
MPLAD103700,Uttar Pradesh,Lucknow,MP_049,Vendor_118,825871.85,2020.15,0.002446081677199677,0,1,0,0,0,-1,85.0,1
MPLAD103701,Rajasthan,Udaipur,MP_044,Vendor_070,5327702.47,0.0,0.0,0,0,0,0,1,1,60.0,1
MPLAD103702,Bihar,Patna,MP_120,Vendor_043,890573.69,833135.89,0.9355047194354014,0,0,0,0,0,1,26.9,0
MPLAD103703,Uttar Pradesh,Lucknow,MP_049,Vendor_085,838541.78,0.0,0.0,0,0,0,0,1,-1,60.0,1
MPLAD103704,Telangana,Hyderabad,MP_142,Vendor_025,1226670.53,959439.73,0.7821494904585341,0,0,0,0,0,1,20.1,0
MPLAD103705,Punjab,Ludhiana,MP_124,Vendor_011,505606.3,227321.04,0.44960088511555335,0,0,0,0,0,-1,64.2,1
MPLAD103706,Tamil Nadu,Madurai,MP_136,Vendor_091,1818873.56,1539983.68,0.8466689020428665,0,0,0,0,0,1,25.2,0
MPLAD103707,Madhya Pradesh,Indore,MP_150,Vendor_033,2582016.56,2553842.73,0.9890884394637655,0,0,0,0,0,1,38.1,0
MPLAD103708,Haryana,Faridabad,MP_137,Vendor_058,367900.09,476241.12,1.2944849238824594,0,0,1,0,0,-1,90.0,1
MPLAD103709,Maharashtra,Mumbai,MP_069,Vendor_016,1700169.12,1700169.12,1.0,0,0,0,0,0,1,22.8,0
MPLAD103710,Odisha,Bhubaneswar,MP_092,Vendor_021,930168.05,0.0,0.0,0,0,0,0,1,1,60.0,1
MPLAD103711,Odisha,Rourkela,MP_106,Vendor_004,1327951.59,1130873.43,0.8515923611341886,0,0,0,0,0,1,35.2,0
MPLAD103712,Punjab,Jalandhar,MP_146,Vendor_108,3945181.65,1571178.56,0.3982525265978564,0,0,0,0,0,1,30.2,0
MPLAD103713,Gujarat,Surat,MP_053,Vendor_073,5811330.66,3180204.59,0.5472420648664311,0,0,0,0,0,1,18.9,0
MPLAD103714,Gujarat,Ahmedabad,MP_021,Vendor_098,908524.14,382087.01,0.42055790614435407,0,0,0,0,0,1,38.5,0
MPLAD103715,Bihar,Bhagalpur,MP_110,Vendor_033,865982.4,692364.5,0.7995133619343765,0,0,0,0,0,1,32.8,0
MPLAD103716,Tamil Nadu,Chennai,MP_135,Vendor_039,2332865.3,1064500.1,0.4563058570076893,0,0,0,0,0,1,13.4,0
MPLAD103717,Gujarat,Vadodara,MP_040,Vendor_046,2311051.43,1463656.18,0.6333291250035054,0,0,0,0,0,1,19.6,0
MPLAD103718,Bihar,Gaya,MP_072,Vendor_094,1000271.08,572937.58,0.5727823101713587,0,0,0,0,0,1,21.9,0
MPLAD103719,Gujarat,Ahmedabad,MP_095,Vendor_003,636344.36,328512.38,0.5162493779311567,0,0,0,0,0,1,36.1,0
MPLAD103720,Bihar,Gaya,MP_060,Vendor_082,1566888.03,1264832.22,0.8072256573432371,0,0,0,0,0,-1,39.8,1
MPLAD103721,Kerala,Kochi,MP_022,Vendor_018,1897449.34,733737.55,0.3866967800046772,0,0,0,0,0,1,27.5,0
MPLAD103722,Punjab,Jalandhar,MP_045,Vendor_090,1318259.02,1210697.69,0.9184065283315869,0,0,0,0,0,1,19.9,0
MPLAD103723,Assam,Dibrugarh,MP_075,Vendor_082,1962991.14,553197.28,0.2818134370183658,0,0,0,0,0,1,21.8,0
MPLAD103724,Madhya Pradesh,Bhopal,MP_084,Vendor_053,3791800.46,1491643.07,0.3933864890137178,0,0,0,0,0,1,15.8,0
MPLAD103725,Punjab,Ludhiana,MP_030,Vendor_054,7667425.18,7667425.18,1.0,0,0,0,0,0,-1,100.0,1
MPLAD103726,Punjab,Jalandhar,MP_114,Vendor_038,773060.27,487261.5,0.6303020849849132,0,0,0,0,0,1,13.5,0
MPLAD103727,Gujarat,Vadodara,MP_040,Vendor_048,1921137.09,859523.74,0.4474036467642192,0,0,0,0,0,1,24.8,0
MPLAD103728,Chhattisgarh,Bilaspur,MP_058,Vendor_025,747780.13,646112.23,0.8640403831003105,0,0,0,0,0,1,19.7,0
MPLAD103729,Punjab,Jalandhar,MP_139,Vendor_073,1076022.54,192492.89,0.1788929904758315,0,0,0,0,0,1,20.2,0
MPLAD103730,Maharashtra,Nashik,MP_011,Vendor_107,982178.7,923438.82,0.9401943047634814,0,0,0,0,0,-1,56.1,1
MPLAD103731,Odisha,Cuttack,MP_039,Vendor_102,791320.91,0.0,0.0,0,0,0,0,1,1,60.0,1
MPLAD103732,Bihar,Bhagalpur,MP_147,Vendor_053,596667.22,112605.14,0.18872352330667672,0,0,0,0,0,1,4.5,0
MPLAD103733,Maharashtra,Pune,MP_127,Vendor_013,1230768.45,277726.21,0.22565268877342445,0,0,0,0,0,1,15.2,0
MPLAD103734,Gujarat,Ahmedabad,MP_015,Vendor_064,905512.77,0.0,0.0,0,1,0,0,1,1,85.0,1
MPLAD103735,Maharashtra,Pune,MP_127,Vendor_065,1588863.9,685224.52,0.4312669700658439,0,0,0,0,0,1,31.7,0
MPLAD103736,Gujarat,Surat,MP_053,Vendor_046,1006827.85,0.0,0.0,0,0,0,0,1,1,60.0,1
MPLAD103737,Tamil Nadu,Coimbatore,MP_037,Vendor_078,1862052.66,0.0,0.0,0,0,0,0,1,1,60.0,1
MPLAD103738,Bihar,Bhagalpur,MP_077,Vendor_053,1154480.82,1154480.82,1.0,0,0,0,0,0,-1,43.2,1
MPLAD103739,Punjab,Ludhiana,MP_124,Vendor_116,2933864.66,1517014.04,0.5170702182288123,0,0,0,0,0,-1,45.9,1
MPLAD103740,West Bengal,Kolkata,MP_001,Vendor_097,1758319.21,936009.19,0.5323317772317349,0,0,0,0,0,-1,54.1,1
MPLAD103741,Bihar,Patna,MP_028,Vendor_012,257102.45,237999.82,0.925700319075139,0,0,0,0,0,-1,41.4,1
MPLAD103742,Punjab,Jalandhar,MP_114,Vendor_110,1120262.33,0.0,0.0,0,0,0,0,1,-1,60.0,1
MPLAD103743,Jharkhand,Jamshedpur,MP_031,Vendor_046,2172855.79,595854.08,0.27422624305867993,0,0,0,0,0,1,20.3,0
MPLAD103744,Gujarat,Surat,MP_097,Vendor_074,1279002.84,1060633.96,0.8292663056166474,0,0,0,0,0,1,35.1,0
MPLAD103745,Gujarat,Surat,MP_006,Vendor_017,1448586.99,1448586.99,1.0,0,0,0,0,0,1,23.4,0
MPLAD103746,West Bengal,Siliguri,MP_071,Vendor_019,2398603.47,1062314.08,0.4428885779940942,0,0,0,0,0,1,25.4,0
MPLAD103747,Odisha,Cuttack,MP_079,Vendor_068,1329490.8,1329490.8,1.0,0,0,0,0,0,-1,41.9,1
MPLAD103748,Punjab,Ludhiana,MP_101,Vendor_068,1073258.48,604251.26,0.5630062759904771,0,0,0,0,0,-1,62.3,1
MPLAD103749,West Bengal,Kolkata,MP_089,Vendor_091,578234.68,145138.56,0.25100286271311156,0,0,0,0,0,1,23.9,0
MPLAD103750,West Bengal,Kolkata,MP_054,Vendor_016,601736.92,0.0,0.0,0,0,0,0,1,1,60.0,1
MPLAD103751,Chhattisgarh,Bilaspur,MP_103,Vendor_042,598867.72,552581.02,0.9227096427905649,0,0,0,0,0,-1,49.2,1
MPLAD103752,Rajasthan,Jaipur,MP_004,Vendor_058,1109635.58,1109635.58,1.0,0,0,0,0,0,-1,54.5,1
MPLAD103753,Haryana,Panipat,MP_026,Vendor_109,2706479.17,915565.57,0.3382865754699305,0,0,0,0,0,1,21.5,0
MPLAD103754,Jharkhand,Jamshedpur,MP_046,Vendor_047,3044824.88,2445905.78,0.8032993280060166,0,0,0,0,0,-1,42.6,1
MPLAD103755,Chhattisgarh,Raipur,MP_005,Vendor_091,5433493.32,0.0,0.0,0,0,0,0,1,1,60.0,1
MPLAD103756,Punjab,Ludhiana,MP_124,Vendor_003,375761.21,332657.69,0.8852901288028107,0,0,0,0,0,1,37.8,0
MPLAD103757,Bihar,Bhagalpur,MP_070,Vendor_079,1406230.63,309472.37,0.22007227221327133,0,0,0,0,0,1,8.9,0
MPLAD103758,Punjab,Ludhiana,MP_030,Vendor_045,2452021.54,766981.74,0.31279567796945207,0,0,0,0,0,1,38.8,0
MPLAD103759,Madhya Pradesh,Bhopal,MP_033,Vendor_030,711461.18,372557.07,0.5236505946817787,0,0,0,0,0,1,13.3,0
MPLAD103760,Rajasthan,Jaipur,MP_004,Vendor_010,720946.25,616373.05,0.8549500742947204,0,0,0,0,0,-1,45.1,1
MPLAD103761,Kerala,Kochi,MP_082,Vendor_066,374314.94,325614.61,0.8698947736363395,0,0,0,0,0,-1,46.1,1
MPLAD103762,Madhya Pradesh,Indore,MP_150,Vendor_080,4291291.54,0.0,0.0,0,0,0,0,1,1,60.0,1
MPLAD103763,Tamil Nadu,Coimbatore,MP_037,Vendor_017,4614138.13,0.0,0.0,0,0,0,0,1,1,60.0,1
MPLAD103764,Odisha,Bhubaneswar,MP_092,Vendor_028,1060349.43,856561.36,0.8078104592370083,0,0,0,0,0,-1,42.6,1
MPLAD103765,Telangana,Hyderabad,MP_041,Vendor_114,995134.43,0.0,0.0,0,0,0,0,1,1,60.0,1
MPLAD103766,Madhya Pradesh,Indore,MP_150,Vendor_013,3043349.34,2756998.53,0.9059093196313769,0,0,0,0,0,-1,43.2,1
MPLAD103767,Chhattisgarh,Raipur,MP_113,Vendor_097,1135598.9,0.0,0.0,0,0,0,0,1,-1,60.0,1
MPLAD103768,Chhattisgarh,Bilaspur,MP_058,Vendor_105,1354968.18,603528.0,0.4454185780215149,0,0,0,0,0,1,13.1,0
MPLAD103769,Odisha,Cuttack,MP_039,Vendor_051,1753557.03,702268.0,0.40048198489444053,0,0,0,0,0,1,8.4,0
MPLAD103770,Maharashtra,Nashik,MP_011,Vendor_048,907408.79,826085.22,0.9103782430849054,0,0,0,0,0,1,33.0,0
MPLAD103771,Tamil Nadu,Madurai,MP_087,Vendor_062,925153.83,524520.06,0.5669544274599178,0,0,0,0,0,1,15.3,0
MPLAD103772,Maharashtra,Mumbai,MP_105,Vendor_083,652422.84,303941.33,0.4658655573738038,0,0,0,0,0,1,11.6,0
MPLAD103773,Rajasthan,Jodhpur,MP_063,Vendor_051,1654099.01,325689.36,0.19689834649015356,0,0,0,0,0,1,23.1,0
MPLAD103774,Odisha,Cuttack,MP_017,Vendor_111,643246.71,0.0,0.0,0,0,0,0,1,1,60.0,1
MPLAD103775,Assam,Silchar,MP_088,Vendor_079,1059093.15,1046788.31,0.988381720720222,0,0,0,0,0,-1,56.1,1
MPLAD103776,West Bengal,Siliguri,MP_032,Vendor_120,876788.01,340306.11,0.3881281519805454,0,0,0,0,0,1,14.1,0
MPLAD103777,Uttar Pradesh,Varanasi,MP_096,Vendor_063,500315.8,134848.39,0.2695265470328941,0,0,0,0,0,-1,39.4,1
MPLAD103778,Punjab,Ludhiana,MP_030,Vendor_062,1862342.73,1033588.31,0.5549936074333643,0,0,0,0,0,1,25.4,0
MPLAD103779,West Bengal,Kolkata,MP_054,Vendor_114,514268.81,0.0,0.0,0,0,0,0,1,1,60.0,1
MPLAD103780,Assam,Silchar,MP_076,Vendor_107,2498145.69,0.0,0.0,0,0,0,0,1,-1,60.0,1
MPLAD103781,Maharashtra,Mumbai,MP_061,Vendor_062,1740786.26,2084728.9,1.1975789032250288,0,0,1,0,0,1,90.0,1
MPLAD103782,Chhattisgarh,Raipur,MP_020,Vendor_075,994530.99,994530.99,1.0,0,0,0,0,0,1,32.3,0
MPLAD103783,Chhattisgarh,Bilaspur,MP_103,Vendor_061,1852440.48,767402.11,0.41426546131187975,0,0,0,0,0,-1,51.8,1
MPLAD103784,Odisha,Rourkela,MP_090,Vendor_115,200694.31,0.0,0.0,0,0,0,0,1,1,60.0,1
MPLAD103785,Bihar,Patna,MP_028,Vendor_051,910914.54,1192844.23,1.3095018002457177,0,0,1,0,0,1,90.0,1
MPLAD103786,Rajasthan,Udaipur,MP_044,Vendor_113,1387473.39,0.0,0.0,0,1,0,0,1,1,85.0,1
MPLAD103787,Haryana,Gurugram,MP_003,Vendor_076,1153146.33,994453.84,0.8623830420550356,0,0,0,0,0,1,24.2,0
MPLAD103788,Rajasthan,Udaipur,MP_023,Vendor_038,358707.21,127036.96,0.3541522346316931,0,0,0,0,0,1,5.7,0
MPLAD103789,Gujarat,Ahmedabad,MP_002,Vendor_108,648680.45,0.0,0.0,0,1,0,0,1,-1,85.0,1
MPLAD103790,Jharkhand,Jamshedpur,MP_118,Vendor_051,1733610.97,1659501.05,0.9572511242242543,0,0,0,0,0,-1,40.1,1
MPLAD103791,Assam,Silchar,MP_129,Vendor_033,1196771.86,1027103.22,0.8582280836716865,0,0,0,0,0,-1,42.7,1
MPLAD103792,West Bengal,Siliguri,MP_032,Vendor_074,3372600.55,1388690.64,0.41175663094759324,0,0,0,0,0,1,37.0,0
MPLAD103793,Odisha,Cuttack,MP_039,Vendor_049,2473327.2,2239270.99,0.9053678744971551,0,0,0,0,0,1,17.5,0
MPLAD103794,Punjab,Amritsar,MP_098,Vendor_097,627657.37,419142.68,0.6677889881226122,0,0,0,0,0,-1,66.0,1
MPLAD103795,Bihar,Bhagalpur,MP_018,Vendor_010,1319770.56,1291977.6,0.9789410668472557,0,0,0,0,0,1,26.1,0
MPLAD103796,Rajasthan,Udaipur,MP_052,Vendor_080,957959.74,952273.65,0.994064374772159,0,0,0,0,0,-1,48.3,1
MPLAD103797,Tamil Nadu,Coimbatore,MP_037,Vendor_009,3115567.25,2625367.75,0.8426612360879067,0,0,0,0,0,1,9.5,0
MPLAD103798,Rajasthan,Jaipur,MP_004,Vendor_054,716127.64,448842.23,0.6267628910399269,0,0,0,0,0,-1,50.6,1
MPLAD103799,Bihar,Bhagalpur,MP_110,Vendor_066,910597.26,252905.27,0.27773559301067957,0,0,0,0,0,1,4.9,0
MPLAD103800,Haryana,Gurugram,MP_138,Vendor_021,2182398.8,2145904.96,0.9832781066411878,0,0,0,0,0,1,33.6,0
MPLAD103801,Telangana,Hyderabad,MP_142,Vendor_104,383728.51,0.0,0.0,0,0,0,0,1,1,60.0,1
MPLAD103802,Telangana,Hyderabad,MP_142,Vendor_111,1774242.33,920535.13,0.518832807917507,0,0,0,0,0,1,23.5,0
MPLAD103803,Chhattisgarh,Bilaspur,MP_080,Vendor_020,950940.36,427408.0,0.4494582604528427,0,0,0,0,0,1,14.1,0
MPLAD103804,Gujarat,Ahmedabad,MP_095,Vendor_015,901349.7,0.0,0.0,0,0,0,0,1,-1,60.0,1
MPLAD103805,Gujarat,Vadodara,MP_025,Vendor_059,3858460.19,3347113.29,0.867473843237968,0,0,0,0,0,-1,44.3,1
MPLAD103806,Assam,Silchar,MP_016,Vendor_042,1590400.17,1404784.33,0.8832898515095104,0,0,0,0,0,1,21.5,0
MPLAD103807,Gujarat,Ahmedabad,MP_047,Vendor_119,606012.95,517334.18,0.853668523090142,0,0,0,0,0,1,32.8,0
MPLAD103808,Jharkhand,Jamshedpur,MP_118,Vendor_034,2649763.21,2290181.1,0.8642965119890845,0,0,0,0,0,-1,52.4,1
MPLAD103809,Assam,Silchar,MP_088,Vendor_022,3382633.67,1157892.87,0.34230513350267694,0,0,0,0,0,1,16.0,0
MPLAD103810,Assam,Silchar,MP_016,Vendor_086,1456168.07,777315.0,0.5338085733468939,0,0,0,0,0,1,10.4,0
MPLAD103811,Tamil Nadu,Madurai,MP_136,Vendor_004,1472176.88,0.0,0.0,0,0,0,0,1,1,60.0,1
MPLAD103812,Odisha,Rourkela,MP_106,Vendor_009,1843344.27,0.0,0.0,0,0,0,0,1,1,60.0,1
MPLAD103813,Madhya Pradesh,Indore,MP_150,Vendor_078,1133972.97,0.0,0.0,0,0,0,0,1,1,60.0,1
MPLAD103814,Bihar,Patna,MP_028,Vendor_096,1430508.3,588581.66,0.41144931490435954,0,0,0,0,0,1,6.4,0
MPLAD103815,Bihar,Bhagalpur,MP_077,Vendor_092,1226082.88,877409.55,0.7156200973950473,0,0,0,0,0,1,28.1,0
MPLAD103816,Bihar,Bhagalpur,MP_110,Vendor_102,1346891.12,1216073.76,0.9028745842499875,0,0,0,0,0,1,6.2,0
MPLAD103817,Bihar,Gaya,MP_072,Vendor_094,1583152.36,1235551.26,0.7804373673801048,0,0,0,0,0,1,35.1,0
MPLAD103818,Jharkhand,Ranchi,MP_051,Vendor_043,1751066.62,443210.3,0.25310875950567774,0,0,0,0,0,1,8.9,0
MPLAD103819,Bihar,Gaya,MP_060,Vendor_014,1342978.42,528697.02,0.39367499293101077,0,0,0,0,0,1,17.4,0
MPLAD103820,Andhra Pradesh,Guntur,MP_036,Vendor_109,903096.7,611646.14,0.6772764644140545,0,0,0,0,0,-1,49.1,1
MPLAD103821,Haryana,Gurugram,MP_138,Vendor_086,708277.11,87169.35,0.12307238052631689,0,0,0,0,0,1,32.4,0
MPLAD103822,Kerala,Thiruvananthapuram,MP_134,Vendor_099,1715445.98,513979.7,0.2996187032365776,0,0,0,0,0,1,22.5,0
MPLAD103823,Chhattisgarh,Raipur,MP_048,Vendor_082,1106824.61,127408.4,0.11511164356925528,0,0,0,0,0,1,24.1,0
MPLAD103824,Bihar,Bhagalpur,MP_077,Vendor_045,1453383.01,0.0,0.0,0,0,0,0,1,1,60.0,1
MPLAD103825,Kerala,Kozhikode,MP_043,Vendor_002,704792.92,486908.67,0.6908535204922319,0,0,0,0,0,1,34.6,0
MPLAD103826,Punjab,Amritsar,MP_012,Vendor_069,759405.53,283978.71,0.3739486990567477,0,0,0,0,0,1,25.3,0
MPLAD103827,Chhattisgarh,Bilaspur,MP_080,Vendor_028,650689.73,256968.62,0.3949172826194752,0,0,0,0,0,1,30.7,0
MPLAD103828,Andhra Pradesh,Guntur,MP_119,Vendor_107,1704232.16,285324.91,0.16742138582809046,0,0,0,0,0,-1,40.6,1
MPLAD103829,Tamil Nadu,Madurai,MP_136,Vendor_088,462228.83,147733.46,0.31961108959819745,0,0,0,0,0,1,4.9,0
MPLAD103830,Gujarat,Ahmedabad,MP_027,Vendor_045,2346980.5,3065676.94,1.3062217346927254,0,0,1,0,0,-1,90.0,1
MPLAD103831,West Bengal,Kolkata,MP_057,Vendor_106,948882.35,301784.82,0.31804240009312007,0,0,0,0,0,-1,40.8,1
MPLAD103832,Madhya Pradesh,Bhopal,MP_084,Vendor_002,3078902.61,3050880.65,0.9908987182936585,0,0,0,0,0,-1,48.6,1
MPLAD103833,Assam,Dibrugarh,MP_117,Vendor_098,652681.43,0.0,0.0,0,0,0,0,1,1,60.0,1
MPLAD103834,Kerala,Kochi,MP_086,Vendor_059,2209626.28,2141751.11,0.9692820588647235,0,0,0,0,0,-1,58.5,1
MPLAD103835,Gujarat,Ahmedabad,MP_100,Vendor_057,614719.7,548732.16,0.8926542617716662,0,0,0,0,0,1,24.5,0
MPLAD103836,Odisha,Rourkela,MP_090,Vendor_012,1417752.58,681363.16,0.4805938424037289,0,0,0,0,0,1,15.6,0
MPLAD103837,Kerala,Kozhikode,MP_043,Vendor_070,2356024.86,1087754.52,0.46169059523421163,0,0,0,0,0,1,31.8,0
MPLAD103838,Haryana,Faridabad,MP_112,Vendor_043,1421012.51,647750.61,0.4558373733106684,0,0,0,0,0,1,5.0,0
MPLAD103839,Gujarat,Ahmedabad,MP_100,Vendor_120,1099897.15,315876.36,0.2871871792739894,0,0,0,0,0,1,37.1,0
MPLAD103840,Odisha,Cuttack,MP_017,Vendor_015,1265013.05,0.0,0.0,0,0,0,0,1,1,60.0,1
MPLAD103841,Bihar,Bhagalpur,MP_070,Vendor_117,861834.69,265153.31,0.3076614495524658,0,0,0,0,0,1,4.9,0
MPLAD103842,West Bengal,Kolkata,MP_001,Vendor_096,1933576.99,646746.96,0.3344821351023628,0,0,0,0,0,1,34.1,0
MPLAD103843,Punjab,Ludhiana,MP_149,Vendor_043,1763933.93,534896.79,0.30324083056784334,0,0,0,0,0,1,30.9,0
MPLAD103844,Madhya Pradesh,Indore,MP_038,Vendor_036,1081922.34,816773.2,0.7549277520233105,0,0,0,0,0,-1,56.4,1
MPLAD103845,Gujarat,Ahmedabad,MP_100,Vendor_104,2817259.97,2718748.43,0.9650328542452544,0,0,0,0,0,1,18.4,0
MPLAD103846,West Bengal,Siliguri,MP_071,Vendor_032,1035814.79,383214.7,0.36996449915529783,0,0,0,0,0,1,11.3,0
MPLAD103847,Maharashtra,Pune,MP_014,Vendor_011,968699.48,549310.09,0.5670593422843584,0,0,0,0,0,-1,47.1,1
MPLAD103848,Rajasthan,Udaipur,MP_023,Vendor_085,2107099.39,813728.61,0.38618425588362965,0,0,0,0,0,1,19.0,0
MPLAD103849,Punjab,Ludhiana,MP_141,Vendor_099,1441192.1,1260197.63,0.8744133623824332,0,0,0,0,0,-1,53.7,1
MPLAD103850,Maharashtra,Pune,MP_127,Vendor_008,1303326.46,1106715.16,0.849146544604028,0,0,0,0,0,-1,50.5,1
MPLAD103851,Gujarat,Ahmedabad,MP_027,Vendor_105,1079145.77,966141.08,0.8952832016382736,0,0,0,0,0,-1,50.7,1
MPLAD103852,Punjab,Jalandhar,MP_114,Vendor_096,847084.79,842455.64,0.9945351987727226,0,0,0,0,0,-1,48.0,1
MPLAD103853,Gujarat,Vadodara,MP_093,Vendor_013,490484.5,431803.57,0.8803612958207649,0,0,0,0,0,-1,48.7,1
MPLAD103854,West Bengal,Kolkata,MP_054,Vendor_022,1000000.0,318773.81,0.31877381,0,0,0,0,0,1,17.8,0
MPLAD103855,Tamil Nadu,Madurai,MP_087,Vendor_098,2659939.51,0.0,0.0,0,0,0,0,1,1,60.0,1
MPLAD103856,Punjab,Amritsar,MP_098,Vendor_038,1196973.15,431022.55,0.360093749805499,0,0,0,0,0,1,27.8,0
MPLAD103857,Odisha,Rourkela,MP_090,Vendor_105,2441993.82,0.0,0.0,0,0,0,0,1,1,60.0,1
MPLAD103858,Punjab,Jalandhar,MP_114,Vendor_035,1515955.94,1272882.65,0.8396567580981278,0,0,0,0,0,-1,52.1,1
MPLAD103859,Assam,Guwahati,MP_148,Vendor_028,802718.07,387683.7,0.4829637135239774,0,0,0,0,0,1,16.4,0
MPLAD103860,Karnataka,Mysuru,MP_062,Vendor_120,2164492.14,2140550.75,0.9889390265930926,0,0,0,0,0,-1,43.2,1
MPLAD103861,Odisha,Bhubaneswar,MP_092,Vendor_038,733280.38,733280.38,1.0,0,0,0,0,0,1,24.7,0
MPLAD103862,Punjab,Amritsar,MP_098,Vendor_094,3240171.61,379795.11,0.11721450457372534,0,0,0,0,0,1,30.0,0
MPLAD103863,Madhya Pradesh,Indore,MP_150,Vendor_095,3502020.74,3237083.15,0.924347224168638,0,0,0,0,0,-1,48.2,1
MPLAD103864,Maharashtra,Nashik,MP_011,Vendor_008,2437727.13,2248907.4,0.9225427129737855,0,0,0,0,0,-1,47.5,1
MPLAD103865,Uttar Pradesh,Varanasi,MP_096,Vendor_014,2469535.03,2229340.72,0.9027370306223194,0,0,0,0,0,-1,41.5,1
MPLAD103866,Kerala,Kochi,MP_008,Vendor_036,1883261.05,1408320.16,0.7478093172478664,0,0,0,0,0,-1,58.0,1
MPLAD103867,Gujarat,Vadodara,MP_040,Vendor_047,2699294.27,1532332.91,0.5676790882084893,0,0,0,0,0,1,33.0,0
MPLAD103868,Assam,Guwahati,MP_148,Vendor_019,1747379.73,0.0,0.0,0,1,0,0,1,1,85.0,1
MPLAD103869,West Bengal,Kolkata,MP_009,Vendor_080,1015404.37,378950.97,0.3732020278778197,0,0,0,0,0,-1,47.4,1
MPLAD103870,Maharashtra,Nashik,MP_011,Vendor_005,1649368.21,1375351.53,0.8338656715106689,0,0,0,0,0,1,29.0,0
MPLAD103871,Bihar,Bhagalpur,MP_018,Vendor_001,897193.74,429800.0,0.47904926309450174,0,0,0,0,0,1,8.1,0
MPLAD103872,Telangana,Hyderabad,MP_143,Vendor_088,6895779.84,4673181.34,0.6776871432136673,0,0,0,0,0,1,17.4,0
MPLAD103873,Assam,Dibrugarh,MP_117,Vendor_114,3355802.68,3204303.79,0.9548546489628525,0,0,0,0,0,1,37.4,0
MPLAD103874,Chhattisgarh,Bilaspur,MP_130,Vendor_056,902644.79,197397.1,0.21868746398015546,0,0,0,0,0,1,25.5,0
MPLAD103875,Haryana,Faridabad,MP_137,Vendor_060,1098179.79,673672.27,0.6134444251610203,0,0,0,0,0,1,9.0,0
MPLAD103876,Bihar,Bhagalpur,MP_070,Vendor_031,1491232.39,535027.62,0.35878218820072705,0,0,0,0,0,1,26.7,0
MPLAD103877,Assam,Dibrugarh,MP_075,Vendor_103,777786.6,0.0,0.0,0,0,0,0,1,1,60.0,1
MPLAD103878,West Bengal,Siliguri,MP_071,Vendor_074,912692.79,719048.42,0.7878318179767806,0,0,0,0,0,1,23.0,0
MPLAD103879,Assam,Dibrugarh,MP_131,Vendor_113,2956341.94,2826575.75,0.9561058251604008,0,0,0,0,0,1,28.5,0
MPLAD103880,Karnataka,Mysuru,MP_034,Vendor_076,625064.63,0.0,0.0,0,0,0,0,1,1,60.0,1
MPLAD103881,Tamil Nadu,Madurai,MP_042,Vendor_091,2421348.89,559686.35,0.2311465118932117,0,0,0,0,0,1,19.0,0
MPLAD103882,Odisha,Cuttack,MP_017,Vendor_069,1469570.49,1376033.98,0.9363511239260118,0,0,0,0,0,-1,55.6,1
MPLAD103883,Telangana,Hyderabad,MP_041,Vendor_093,473233.25,583468.32,1.2329402466965285,0,0,1,0,0,-1,90.0,1
MPLAD103884,Karnataka,Mysuru,MP_019,Vendor_061,2142681.41,0.0,0.0,0,0,0,0,1,-1,60.0,1
MPLAD103885,Gujarat,Surat,MP_122,Vendor_003,453537.45,0.0,0.0,0,0,0,0,1,1,60.0,1
MPLAD103886,Odisha,Cuttack,MP_079,Vendor_075,1487497.02,0.0,0.0,0,0,0,0,1,1,60.0,1
MPLAD103887,Karnataka,Mysuru,MP_019,Vendor_014,919892.97,470333.56,0.5112916125448812,0,0,0,0,0,1,38.9,0
MPLAD103888,Jharkhand,Jamshedpur,MP_118,Vendor_071,539139.31,298847.36,0.5543045265981439,0,0,0,0,0,1,9.7,0
MPLAD103889,Rajasthan,Jodhpur,MP_063,Vendor_082,1706365.98,258803.07,0.15166914544323018,0,0,0,0,0,1,26.3,0
MPLAD103890,Gujarat,Surat,MP_122,Vendor_059,678480.69,641598.83,0.9456405163129993,0,0,0,0,0,-1,52.1,1
MPLAD103891,Kerala,Kochi,MP_108,Vendor_078,3394548.97,3265443.32,0.9619667734532636,0,0,0,0,0,-1,57.4,1
MPLAD103892,Assam,Dibrugarh,MP_117,Vendor_061,1701103.24,0.0,0.0,0,0,0,0,1,-1,60.0,1
MPLAD103893,Madhya Pradesh,Bhopal,MP_033,Vendor_028,2767126.07,752996.3,0.27212215163004844,0,0,0,0,0,1,35.7,0
MPLAD103894,Chhattisgarh,Bilaspur,MP_080,Vendor_006,1183884.91,0.0,0.0,0,0,0,0,1,1,60.0,1
MPLAD103895,Karnataka,Mysuru,MP_034,Vendor_034,1506098.47,397325.87,0.2638113495992065,0,0,0,0,0,1,25.6,0
MPLAD103896,Maharashtra,Mumbai,MP_067,Vendor_115,2725304.51,1322916.25,0.48541960912837595,0,0,0,0,0,1,7.5,0
MPLAD103897,Gujarat,Surat,MP_122,Vendor_046,3007721.27,810587.67,0.26950225676995665,0,0,0,0,0,1,16.9,0
MPLAD103898,Odisha,Rourkela,MP_090,Vendor_093,992008.97,36934.89,0.03723241534801848,0,1,0,0,0,1,85.0,1
MPLAD103899,Odisha,Cuttack,MP_039,Vendor_088,1565224.35,1515075.97,0.9679608996627224,0,0,0,0,0,1,26.7,0
MPLAD103900,Gujarat,Surat,MP_122,Vendor_029,3375914.03,0.0,0.0,0,0,0,0,1,1,60.0,1
MPLAD103901,West Bengal,Kolkata,MP_054,Vendor_049,2279953.66,2142696.9,0.9397984430964267,0,0,0,0,0,1,22.2,0
MPLAD103902,Gujarat,Surat,MP_097,Vendor_051,511912.14,0.0,0.0,0,0,0,0,1,1,60.0,1
MPLAD103903,Assam,Guwahati,MP_148,Vendor_009,3767496.69,0.0,0.0,0,0,0,0,1,1,60.0,1
MPLAD103904,Jharkhand,Jamshedpur,MP_046,Vendor_052,1907398.95,0.0,0.0,0,0,0,0,1,-1,60.0,1
MPLAD103905,Bihar,Patna,MP_120,Vendor_095,254676.78,111602.26,0.4382113673653326,0,0,0,0,0,1,16.0,0
MPLAD103906,Jharkhand,Ranchi,MP_109,Vendor_055,2691835.8,2411705.0,0.8959331769047726,0,0,0,0,0,1,18.0,0
MPLAD103907,West Bengal,Kolkata,MP_057,Vendor_062,1944293.36,1766404.59,0.9085072378172396,0,0,0,0,0,1,23.1,0
MPLAD103908,Jharkhand,Ranchi,MP_035,Vendor_107,993650.63,764804.39,0.7696914457750608,0,0,0,0,0,1,32.9,0
MPLAD103909,Maharashtra,Mumbai,MP_105,Vendor_067,1894907.12,758119.82,0.4000828388886944,0,0,0,0,0,1,7.6,0
MPLAD103910,West Bengal,Siliguri,MP_032,Vendor_010,764440.99,460492.05,0.6023905782446334,0,0,0,0,0,1,27.5,0
MPLAD103911,Haryana,Gurugram,MP_138,Vendor_075,5415215.98,747082.88,0.13795994153496347,0,0,0,0,0,-1,47.8,1
MPLAD103912,Jharkhand,Ranchi,MP_051,Vendor_009,1811438.07,301807.64,0.1666121768104388,0,0,0,0,0,1,11.6,0
MPLAD103913,Andhra Pradesh,Guntur,MP_036,Vendor_088,649169.7,0.0,0.0,0,1,0,0,1,-1,85.0,1
MPLAD103914,Jharkhand,Jamshedpur,MP_132,Vendor_044,654071.22,591329.44,0.9040750027191228,0,0,0,0,0,1,13.8,0
MPLAD103915,Punjab,Jalandhar,MP_139,Vendor_106,475467.44,466050.76,0.9801949004121081,0,0,0,0,0,1,35.1,0
MPLAD103916,Jharkhand,Jamshedpur,MP_031,Vendor_046,2356397.3,745744.29,0.31647646600172225,0,0,0,0,0,1,33.1,0
MPLAD103917,Tamil Nadu,Chennai,MP_135,Vendor_006,242982.11,179376.36,0.7382286704152828,0,0,0,0,0,1,24.7,0
MPLAD103918,Karnataka,Mysuru,MP_019,Vendor_009,3094933.5,0.0,0.0,0,0,0,0,1,1,60.0,1
MPLAD103919,Chhattisgarh,Bilaspur,MP_081,Vendor_100,1221686.04,1221686.04,1.0,0,0,0,0,0,1,22.9,0
MPLAD103920,Punjab,Ludhiana,MP_101,Vendor_102,1699669.83,362422.37,0.21323104264314674,0,0,0,0,0,1,12.8,0
MPLAD103921,Rajasthan,Jodhpur,MP_099,Vendor_086,492995.23,476900.39,0.9673529498449712,0,0,0,0,0,1,34.5,0
MPLAD103922,Andhra Pradesh,Guntur,MP_119,Vendor_109,777378.39,283389.53,0.36454516056202696,0,0,0,0,0,1,24.5,0
MPLAD103923,Karnataka,Mysuru,MP_019,Vendor_097,953998.61,485867.76,0.5092960879680947,0,0,0,0,0,-1,59.5,1
MPLAD103924,West Bengal,Kolkata,MP_057,Vendor_113,2838302.46,1144157.72,0.4031133877113294,0,0,0,0,0,1,9.7,0
MPLAD103925,Haryana,Gurugram,MP_126,Vendor_090,2638774.61,1591780.91,0.6032273101187676,0,0,0,0,0,1,16.5,0
MPLAD103926,Jharkhand,Ranchi,MP_109,Vendor_062,2639452.03,0.0,0.0,0,1,0,0,1,1,85.0,1
MPLAD103927,Jharkhand,Jamshedpur,MP_031,Vendor_056,2478107.33,1611102.77,0.6501343789657408,0,0,0,0,0,1,24.1,0
MPLAD103928,Punjab,Amritsar,MP_012,Vendor_036,806401.33,407051.51,0.5047753455466152,0,0,0,0,0,1,30.9,0
MPLAD103929,Bihar,Gaya,MP_060,Vendor_082,848948.59,944698.63,1.1127866176207444,0,0,1,0,0,-1,90.0,1
MPLAD103930,Tamil Nadu,Chennai,MP_066,Vendor_099,703946.72,368113.25,0.522927715324819,0,0,0,0,0,-1,44.3,1
MPLAD103931,Assam,Dibrugarh,MP_131,Vendor_073,2500000.0,522221.53,0.208888612,0,0,0,0,0,1,10.8,0
MPLAD103932,Assam,Guwahati,MP_133,Vendor_061,999763.21,104868.39,0.10489322766737937,0,0,0,0,0,1,28.7,0
MPLAD103933,Andhra Pradesh,Guntur,MP_119,Vendor_061,841343.19,776789.9,0.9232735335981029,0,0,0,0,0,-1,68.4,1
MPLAD103934,Chhattisgarh,Raipur,MP_113,Vendor_034,2989372.17,0.0,0.0,0,0,0,0,1,1,60.0,1
MPLAD103935,Maharashtra,Pune,MP_014,Vendor_090,1243133.28,353011.88,0.28396945498876836,0,0,0,0,0,1,17.8,0
MPLAD103936,Rajasthan,Udaipur,MP_044,Vendor_103,1226135.87,728805.4,0.5943920391139034,0,0,0,0,0,1,24.3,0
MPLAD103937,Assam,Dibrugarh,MP_131,Vendor_009,3914316.64,5013498.98,1.2808107879591468,0,0,1,0,0,-1,90.0,1
MPLAD103938,Jharkhand,Jamshedpur,MP_031,Vendor_054,973738.21,918942.11,0.9437260452170199,0,0,0,0,0,-1,58.2,1
MPLAD103939,Kerala,Kochi,MP_008,Vendor_057,909301.58,209089.27,0.2299449100264403,0,0,0,0,0,1,22.7,0
MPLAD103940,Rajasthan,Udaipur,MP_044,Vendor_020,865567.54,371595.62,0.4293086360424283,0,0,0,0,0,1,4.6,0
MPLAD103941,Assam,Dibrugarh,MP_123,Vendor_025,789198.49,299421.14,0.37939902799357866,0,0,0,0,0,1,18.7,0
MPLAD103942,Maharashtra,Pune,MP_014,Vendor_044,1335828.57,1182448.93,0.8851801470303932,0,0,0,0,0,1,24.1,0
MPLAD103943,West Bengal,Siliguri,MP_111,Vendor_009,2099679.09,1818142.24,0.8659143431294541,0,0,0,0,0,1,31.0,0
MPLAD103944,Gujarat,Ahmedabad,MP_047,Vendor_090,1881129.57,1769219.06,0.9405088773337394,0,0,0,0,0,-1,55.2,1
MPLAD103945,Chhattisgarh,Bilaspur,MP_094,Vendor_037,912105.02,0.0,0.0,0,0,0,0,1,-1,60.0,1
MPLAD103946,Haryana,Gurugram,MP_003,Vendor_076,867296.25,837196.03,0.9652941886927333,0,0,0,0,0,-1,39.1,1
MPLAD103947,Bihar,Bhagalpur,MP_077,Vendor_115,2051015.31,1136899.06,0.5543103722614338,0,0,0,0,0,1,24.9,0
MPLAD103948,Madhya Pradesh,Indore,MP_038,Vendor_110,756022.08,0.0,0.0,0,0,0,0,1,-1,60.0,1
MPLAD103949,Odisha,Cuttack,MP_017,Vendor_051,3480895.49,3480895.49,1.0,0,0,0,0,0,1,21.2,0
MPLAD103950,Haryana,Gurugram,MP_091,Vendor_112,1456115.77,137148.81,0.09418812214361225,0,0,0,0,0,1,19.1,0
MPLAD103951,Maharashtra,Mumbai,MP_061,Vendor_032,703215.55,359282.74,0.5109141002356958,0,0,0,0,0,1,23.1,0
MPLAD103952,Chhattisgarh,Bilaspur,MP_058,Vendor_049,1731654.38,1731654.38,1.0,0,0,0,0,0,1,12.0,0
MPLAD103953,Gujarat,Ahmedabad,MP_027,Vendor_011,769039.53,608761.21,0.7915863700790516,0,0,0,0,0,-1,85.9,1
MPLAD103954,Chhattisgarh,Bilaspur,MP_080,Vendor_043,766171.56,0.0,0.0,0,0,0,0,1,1,60.0,1
MPLAD103955,Andhra Pradesh,Guntur,MP_119,Vendor_032,813684.43,148402.43,0.18238327357449863,0,0,0,0,0,1,31.6,0
MPLAD103956,Assam,Dibrugarh,MP_123,Vendor_049,1191803.71,559964.63,0.4698463558231414,0,0,0,0,0,1,25.8,0
MPLAD103957,Jharkhand,Ranchi,MP_109,Vendor_025,2545836.89,2545836.89,1.0,0,0,0,0,0,1,17.9,0
MPLAD103958,West Bengal,Siliguri,MP_032,Vendor_010,260217.79,224993.35,0.8646347738177317,0,0,0,0,0,1,25.1,0
MPLAD103959,Gujarat,Surat,MP_006,Vendor_098,958249.28,30757.48,0.03209757694782719,0,1,0,0,0,-1,85.0,1
MPLAD103960,West Bengal,Kolkata,MP_056,Vendor_108,586235.65,0.0,0.0,0,0,0,0,1,1,60.0,1
MPLAD103961,Maharashtra,Mumbai,MP_105,Vendor_003,2166385.36,1926680.03,0.8893524049664,0,0,0,0,0,1,23.5,0
MPLAD103962,Punjab,Ludhiana,MP_141,Vendor_045,3324480.68,84830.12,0.025516803424467483,0,1,0,0,0,1,85.0,1
MPLAD103963,Karnataka,Mysuru,MP_059,Vendor_102,2921084.51,2908594.27,0.9957241086462097,0,0,0,0,0,1,30.4,0
MPLAD103964,Haryana,Panipat,MP_026,Vendor_012,1233129.7,979898.19,0.7946432479892424,0,0,0,0,0,-1,46.0,1
MPLAD103965,Kerala,Kochi,MP_008,Vendor_019,1684870.64,982908.16,0.583373071300002,0,0,0,0,0,-1,45.9,1
MPLAD103966,Odisha,Rourkela,MP_090,Vendor_097,746437.18,511140.11,0.6847731111143204,0,0,0,0,0,-1,54.4,1
MPLAD103967,Telangana,Hyderabad,MP_041,Vendor_105,2388277.67,0.0,0.0,0,0,0,0,1,1,60.0,1
MPLAD103968,Chhattisgarh,Bilaspur,MP_080,Vendor_056,429771.2,239786.51,0.5579399224517604,0,0,0,0,0,1,30.9,0
MPLAD103969,Karnataka,Mysuru,MP_019,Vendor_069,2267455.68,2091398.21,0.9223546146666028,0,0,0,0,0,1,38.2,0
MPLAD103970,Karnataka,Mysuru,MP_059,Vendor_049,1989259.28,549249.69,0.27610764243864677,0,0,0,0,0,1,18.3,0
MPLAD103971,Kerala,Kochi,MP_082,Vendor_002,3022176.43,2950084.96,0.9761458433450888,0,0,0,0,0,-1,50.6,1
MPLAD103972,Bihar,Bhagalpur,MP_070,Vendor_072,2534220.27,1701830.7,0.6715401656857555,0,0,0,0,0,1,31.3,0
MPLAD103973,Chhattisgarh,Raipur,MP_113,Vendor_022,741696.51,132852.3,0.17911948918298132,0,0,0,0,0,1,34.5,0
MPLAD103974,Chhattisgarh,Raipur,MP_048,Vendor_015,1500633.98,824503.9,0.5494370452680274,0,0,0,0,0,-1,39.3,1
MPLAD103975,Punjab,Jalandhar,MP_144,Vendor_047,2450110.91,733635.19,0.2994293797091822,0,0,0,0,0,1,30.6,0
MPLAD103976,Punjab,Amritsar,MP_064,Vendor_075,2334321.52,134496.56,0.05761698157158745,0,0,0,0,0,-1,44.2,1
MPLAD103977,West Bengal,Siliguri,MP_071,Vendor_065,1091507.6,950391.28,0.870714303775805,0,0,0,0,0,1,28.9,0
MPLAD103978,Gujarat,Vadodara,MP_025,Vendor_103,1614789.8,1347664.43,0.8345757633594167,0,0,0,0,0,-1,42.1,1
MPLAD103979,Andhra Pradesh,Guntur,MP_036,Vendor_111,1001204.89,773296.71,0.7723660938172205,0,0,0,0,0,-1,45.3,1
MPLAD103980,Tamil Nadu,Chennai,MP_135,Vendor_096,641364.6,602275.8,0.9390536989412888,0,0,0,0,0,-1,39.6,1
MPLAD103981,Kerala,Kochi,MP_082,Vendor_024,3585729.84,2084558.5,0.5813484542940357,0,0,0,0,0,1,26.4,0
MPLAD103982,Rajasthan,Jodhpur,MP_063,Vendor_092,1362032.67,1292534.61,0.9489747481607766,0,0,0,0,0,1,22.1,0
MPLAD103983,Bihar,Bhagalpur,MP_110,Vendor_089,1477646.66,1326214.69,0.8975181455084804,0,0,0,0,0,1,31.8,0
MPLAD103984,Madhya Pradesh,Indore,MP_150,Vendor_086,959429.15,354633.59,0.36962978454427825,0,0,0,0,0,-1,53.1,1
MPLAD103985,Chhattisgarh,Bilaspur,MP_081,Vendor_047,223237.54,0.0,0.0,0,1,0,0,1,1,85.0,1
MPLAD103986,Punjab,Amritsar,MP_064,Vendor_095,654914.25,606696.53,0.9263755216808919,0,0,0,0,0,1,27.3,0
MPLAD103987,Karnataka,Mysuru,MP_062,Vendor_109,2767904.1,1436717.55,0.5190633411034725,0,0,0,0,0,1,15.7,0
MPLAD103988,Madhya Pradesh,Bhopal,MP_084,Vendor_054,3988480.89,3159689.17,0.7922036627835015,0,0,0,0,0,-1,50.3,1
MPLAD103989,Kerala,Kochi,MP_085,Vendor_054,662681.67,533533.07,0.8051121589042894,0,0,0,0,0,-1,48.6,1
MPLAD103990,Gujarat,Ahmedabad,MP_100,Vendor_087,836881.69,820357.63,0.9802552019031509,0,0,0,0,0,1,30.9,0
MPLAD103991,Chhattisgarh,Bilaspur,MP_130,Vendor_037,966562.56,601175.89,0.6219730774591559,0,0,0,0,0,1,11.9,0
MPLAD103992,Kerala,Kochi,MP_073,Vendor_082,1713291.97,1708152.45,0.9970002077345871,0,0,0,0,0,-1,46.5,1
MPLAD103993,Punjab,Jalandhar,MP_139,Vendor_094,1549633.88,569101.07,0.36724872716386403,0,0,0,0,0,1,37.7,0
MPLAD103994,Kerala,Kozhikode,MP_043,Vendor_117,898869.42,719835.7,0.8008234388483256,0,0,0,0,0,1,29.9,0
MPLAD103995,Andhra Pradesh,Vijayawada,MP_116,Vendor_103,1021656.15,429041.55,0.4199471123430324,0,0,0,0,0,-1,46.4,1
MPLAD103996,Assam,Dibrugarh,MP_123,Vendor_108,566429.73,555266.27,0.9802915358980187,0,0,0,0,0,1,31.8,0
MPLAD103997,Kerala,Kochi,MP_104,Vendor_100,840183.66,0.0,0.0,0,1,0,0,1,1,85.0,1
MPLAD103998,West Bengal,Kolkata,MP_054,Vendor_097,1138419.89,438203.85,0.38492286883708615,0,0,0,0,0,-1,69.0,1
MPLAD103999,Gujarat,Surat,MP_053,Vendor_116,1534284.21,423879.14,0.27627159116758426,0,0,0,0,0,-1,58.5,1
MPLAD104000,Punjab,Ludhiana,MP_030,Vendor_052,1531491.64,1122472.93,0.7329278859138925,0,0,0,0,0,-1,62.4,1
MPLAD104001,Bihar,Gaya,MP_060,Vendor_037,1495569.88,1350504.54,0.9030033019921477,0,0,0,0,0,1,24.7,0
MPLAD104002,Kerala,Thiruvananthapuram,MP_102,Vendor_078,725926.01,694058.65,0.9561010907984961,0,0,0,0,0,-1,51.0,1
MPLAD104003,Chhattisgarh,Raipur,MP_048,Vendor_107,2888232.69,2888232.69,1.0,0,0,0,0,0,-1,48.5,1
MPLAD104004,Maharashtra,Nashik,MP_011,Vendor_017,859201.36,241020.4,0.28051678130490854,0,0,0,0,0,1,14.3,0
MPLAD104005,Bihar,Bhagalpur,MP_077,Vendor_001,483160.0,0.0,0.0,0,0,0,0,1,1,60.0,1
MPLAD104006,Haryana,Faridabad,MP_137,Vendor_010,1217752.74,1150187.03,0.9445160681798179,0,0,0,0,0,-1,40.4,1
MPLAD104007,Gujarat,Surat,MP_053,Vendor_093,1593316.22,129710.2,0.0814089496936145,0,0,0,0,0,1,32.0,0
MPLAD104008,Madhya Pradesh,Indore,MP_150,Vendor_099,2402653.19,1983043.04,0.8253555062601441,0,0,0,0,0,1,25.7,0
MPLAD104009,Tamil Nadu,Madurai,MP_125,Vendor_006,692172.55,196688.48,0.2841610520382526,0,0,0,0,0,1,12.7,0
MPLAD104010,Maharashtra,Mumbai,MP_105,Vendor_087,4493387.49,1730476.64,0.38511627226700623,0,0,0,0,0,1,22.6,0
MPLAD104011,Assam,Silchar,MP_076,Vendor_052,1003760.27,746697.79,0.7439005231797031,0,0,0,0,0,-1,63.9,1
MPLAD104012,Gujarat,Vadodara,MP_025,Vendor_090,1063832.43,751870.24,0.7067562698760744,0,0,0,0,0,1,23.0,0
MPLAD104013,Kerala,Kochi,MP_085,Vendor_045,2842642.41,1149833.86,0.4044947250329668,0,0,0,0,0,1,26.6,0
MPLAD104014,Assam,Dibrugarh,MP_123,Vendor_119,1677750.17,664228.72,0.39590442717702123,0,0,0,0,0,1,29.0,0
MPLAD104015,Jharkhand,Jamshedpur,MP_046,Vendor_118,2506351.65,649220.72,0.2590301803819109,0,0,0,0,0,1,33.9,0
MPLAD104016,Haryana,Gurugram,MP_091,Vendor_096,4618373.07,3753633.09,0.812760908031191,0,0,0,0,0,1,13.0,0
MPLAD104017,West Bengal,Siliguri,MP_071,Vendor_110,5401825.43,0.0,0.0,0,0,0,0,1,1,60.0,1
MPLAD104018,Kerala,Kochi,MP_108,Vendor_114,1208740.03,984395.7,0.8143981961116982,0,0,0,0,0,1,28.1,0
MPLAD104019,Gujarat,Ahmedabad,MP_015,Vendor_114,2033185.85,1938922.43,0.9536375781879457,0,0,0,1,0,-1,80.0,1
MPLAD104020,Kerala,Thiruvananthapuram,MP_102,Vendor_100,739654.12,0.0,0.0,0,0,0,0,1,1,60.0,1
MPLAD104021,Tamil Nadu,Chennai,MP_066,Vendor_075,763572.87,161349.28,0.2113082933394425,0,0,0,0,0,1,31.0,0
MPLAD104022,Gujarat,Vadodara,MP_040,Vendor_001,2857134.89,0.0,0.0,0,0,0,0,1,1,60.0,1
MPLAD104023,Bihar,Gaya,MP_060,Vendor_113,623274.06,210099.9,0.3370907173643645,0,0,0,0,0,-1,52.6,1
MPLAD104024,Punjab,Amritsar,MP_064,Vendor_015,2493607.54,0.0,0.0,0,0,0,0,1,1,60.0,1
MPLAD104025,Haryana,Gurugram,MP_126,Vendor_087,677398.98,0.0,0.0,0,0,0,0,1,-1,60.0,1
MPLAD104026,Karnataka,Mysuru,MP_019,Vendor_037,829566.54,632756.46,0.762755522902358,0,0,0,0,0,1,22.6,0
MPLAD104027,Tamil Nadu,Madurai,MP_136,Vendor_120,1965946.07,1131799.3,0.575702109671808,0,0,0,0,0,1,6.7,0
MPLAD104028,Rajasthan,Udaipur,MP_023,Vendor_027,439186.04,414584.41,0.9439835792594865,0,0,0,0,0,-1,49.5,1
MPLAD104029,Telangana,Hyderabad,MP_041,Vendor_033,2205628.75,68090.45,0.030871219827906214,0,0,0,0,0,-1,47.2,1
MPLAD104030,Odisha,Rourkela,MP_013,Vendor_057,2043244.11,1852942.27,0.9068628955940071,0,0,0,0,0,1,28.6,0
MPLAD104031,Chhattisgarh,Bilaspur,MP_058,Vendor_098,622660.54,385334.71,0.6188519831367506,0,0,0,0,0,1,18.0,0
MPLAD104032,Assam,Guwahati,MP_148,Vendor_103,864972.63,0.0,0.0,0,0,0,0,1,1,60.0,1
MPLAD104033,Haryana,Gurugram,MP_091,Vendor_075,685781.01,625456.93,0.9120359427858757,0,0,0,0,0,-1,58.0,1
MPLAD104034,West Bengal,Kolkata,MP_009,Vendor_088,2212003.99,2212003.99,1.0,0,0,0,0,0,-1,48.2,1
MPLAD104035,Jharkhand,Jamshedpur,MP_046,Vendor_037,595029.65,235469.66,0.3957276078595411,0,0,0,0,0,1,9.2,0
MPLAD104036,Assam,Guwahati,MP_148,Vendor_070,1630185.03,0.0,0.0,0,0,0,0,1,1,60.0,1
MPLAD104037,Tamil Nadu,Madurai,MP_125,Vendor_026,949360.6,864475.06,0.9105866200893529,0,0,0,0,0,-1,54.9,1
MPLAD104038,Punjab,Amritsar,MP_064,Vendor_100,313346.1,0.0,0.0,0,0,0,0,1,1,60.0,1
MPLAD104039,Gujarat,Ahmedabad,MP_002,Vendor_049,1834544.07,139231.49,0.07589432833848465,0,0,0,0,0,1,22.1,0
MPLAD104040,Jharkhand,Ranchi,MP_107,Vendor_117,1219849.97,755506.16,0.6193435082840557,0,0,0,0,0,1,37.2,0
MPLAD104041,Rajasthan,Jodhpur,MP_099,Vendor_085,766828.9,714759.15,0.9320973035836286,0,0,0,0,0,1,29.7,0
MPLAD104042,Gujarat,Vadodara,MP_040,Vendor_061,3543342.65,1990572.06,0.5617780318254009,0,0,0,0,0,1,27.1,0
MPLAD104043,West Bengal,Siliguri,MP_071,Vendor_031,1064654.51,533316.66,0.5009293202543237,0,0,0,0,0,1,10.6,0
MPLAD104044,Haryana,Faridabad,MP_137,Vendor_109,3056331.65,592611.42,0.19389630703199376,0,0,0,0,0,1,33.5,0
MPLAD104045,Uttar Pradesh,Varanasi,MP_096,Vendor_076,2345358.62,1255162.59,0.5351687282689417,0,0,0,0,0,1,28.3,0
MPLAD104046,Bihar,Gaya,MP_060,Vendor_097,795617.58,790291.89,0.9933062187992378,0,0,0,0,0,-1,65.5,1
MPLAD104047,Bihar,Bhagalpur,MP_070,Vendor_102,917188.22,817405.07,0.8912075538868128,0,0,0,0,0,1,15.1,0
MPLAD104048,West Bengal,Kolkata,MP_001,Vendor_084,1207670.79,1207670.79,1.0,0,0,0,0,0,-1,39.4,1
MPLAD104049,Bihar,Gaya,MP_060,Vendor_072,551078.25,0.0,0.0,0,0,0,0,1,1,60.0,1
MPLAD104050,Rajasthan,Jodhpur,MP_099,Vendor_066,1233339.71,1092899.07,0.886129799550523,0,0,0,0,0,1,31.6,0
MPLAD104051,Chhattisgarh,Bilaspur,MP_058,Vendor_025,1826000.23,812129.63,0.4447587774947871,0,0,0,0,0,1,22.1,0
MPLAD104052,Telangana,Hyderabad,MP_140,Vendor_046,938133.5,905164.61,0.9648569313429272,0,0,0,0,0,-1,58.3,1
MPLAD104053,Bihar,Gaya,MP_060,Vendor_091,615422.97,521651.5,0.8476308578472461,0,0,0,0,0,-1,45.6,1
MPLAD104054,Gujarat,Surat,MP_053,Vendor_003,797432.44,218384.8,0.2738599397837389,0,0,0,0,0,1,17.5,0
MPLAD104055,Punjab,Ludhiana,MP_101,Vendor_068,2376749.57,0.0,0.0,0,0,0,0,1,1,60.0,1
MPLAD104056,Tamil Nadu,Madurai,MP_136,Vendor_092,1276001.75,870127.8,0.6819174033264453,0,0,0,0,0,1,23.8,0
MPLAD104057,Chhattisgarh,Bilaspur,MP_058,Vendor_072,542164.14,37439.77,0.0690561533634445,0,0,0,0,0,1,19.0,0
MPLAD104058,Bihar,Patna,MP_120,Vendor_113,2160576.61,0.0,0.0,0,0,0,0,1,1,60.0,1
MPLAD104059,Telangana,Hyderabad,MP_143,Vendor_095,536923.57,107543.03,0.2002948576088772,0,0,0,0,0,1,28.6,0
MPLAD104060,Uttar Pradesh,Varanasi,MP_096,Vendor_093,879623.88,0.0,0.0,0,0,0,0,1,1,60.0,1
MPLAD104061,Bihar,Patna,MP_028,Vendor_046,1854323.19,641800.79,0.3461105342699187,0,0,0,0,0,-1,39.7,1
MPLAD104062,Chhattisgarh,Raipur,MP_113,Vendor_097,3996801.21,516000.02,0.1291032485451034,0,0,0,0,0,-1,60.5,1
MPLAD104063,Tamil Nadu,Chennai,MP_066,Vendor_004,1864897.69,0.0,0.0,0,0,0,0,1,1,60.0,1
MPLAD104064,Telangana,Hyderabad,MP_041,Vendor_059,744974.76,338685.96,0.45462742925679794,0,0,0,0,0,-1,39.5,1
MPLAD104065,Gujarat,Ahmedabad,MP_027,Vendor_092,1553123.88,1418510.19,0.9133271391075386,0,0,0,0,0,-1,57.2,1
MPLAD104066,Chhattisgarh,Bilaspur,MP_103,Vendor_055,3461180.06,3313030.93,0.9571969306907425,0,0,0,0,0,1,31.7,0
MPLAD104067,Chhattisgarh,Bilaspur,MP_080,Vendor_095,1659157.13,1574003.03,0.9486762896290601,0,0,0,0,0,-1,42.9,1
MPLAD104068,Gujarat,Surat,MP_122,Vendor_038,1562486.07,401338.93,0.25685920515118577,0,0,0,0,0,1,14.1,0
MPLAD104069,Uttar Pradesh,Varanasi,MP_096,Vendor_043,1617554.8,1467810.83,0.9074257206000069,0,0,0,0,0,1,31.8,0
MPLAD104070,Karnataka,Mysuru,MP_034,Vendor_040,828067.8,295949.8,0.35739802948502525,0,0,0,0,0,-1,48.4,1
MPLAD104071,Madhya Pradesh,Bhopal,MP_033,Vendor_045,1666621.75,1636442.32,0.981891853985465,0,0,0,1,0,-1,80.0,1
MPLAD104072,Kerala,Thiruvananthapuram,MP_102,Vendor_066,801197.4,739255.34,0.9226881415241737,0,0,0,0,0,-1,41.4,1
MPLAD104073,Punjab,Jalandhar,MP_114,Vendor_115,426357.1,0.0,0.0,0,0,0,0,1,1,60.0,1
MPLAD104074,Maharashtra,Mumbai,MP_105,Vendor_065,1096483.36,953480.06,0.8695800545482057,0,0,0,0,0,1,37.1,0
MPLAD104075,Maharashtra,Nashik,MP_011,Vendor_008,2872414.47,3116924.3,1.0851234501683873,0,0,1,0,0,-1,90.0,1
MPLAD104076,Telangana,Hyderabad,MP_041,Vendor_056,565139.29,324007.62,0.5733234721655965,0,0,0,0,0,-1,49.3,1
MPLAD104077,Bihar,Gaya,MP_060,Vendor_050,2955082.83,1197754.11,0.4053199787973456,0,0,0,0,0,1,18.7,0
MPLAD104078,Kerala,Thiruvananthapuram,MP_134,Vendor_036,2284149.4,1079119.53,0.4724382433128061,0,0,0,0,0,1,15.7,0
MPLAD104079,Assam,Dibrugarh,MP_075,Vendor_031,1051985.92,1005275.08,0.9555974665516436,0,0,0,0,0,1,23.9,0
MPLAD104080,Assam,Guwahati,MP_024,Vendor_104,3086381.59,553720.74,0.17940773810797647,0,0,0,0,0,1,13.1,0
MPLAD104081,Chhattisgarh,Bilaspur,MP_081,Vendor_054,873761.81,254068.4,0.290775354441275,0,0,0,0,0,1,36.1,0
MPLAD104082,West Bengal,Kolkata,MP_054,Vendor_030,2107136.39,1706766.11,0.8099931822638211,0,0,0,0,0,1,23.8,0
MPLAD104083,Rajasthan,Jaipur,MP_004,Vendor_104,921291.0,281633.65,0.30569456338985185,0,0,0,0,0,1,32.7,0
MPLAD104084,Jharkhand,Ranchi,MP_107,Vendor_011,387788.96,244107.61,0.6294857130538217,0,0,0,0,0,-1,42.3,1
MPLAD104085,Tamil Nadu,Madurai,MP_042,Vendor_016,1463059.29,1463059.29,1.0,0,0,0,0,0,1,31.0,0
MPLAD104086,Punjab,Jalandhar,MP_114,Vendor_063,2089788.9,1922959.95,0.9201694726199379,0,0,0,0,0,1,21.6,0
MPLAD104087,Assam,Silchar,MP_129,Vendor_086,746163.75,263406.3,0.35301406695246185,0,0,0,0,0,1,26.8,0
MPLAD104088,Kerala,Kozhikode,MP_043,Vendor_006,1167447.6,1126137.8,0.9646152855168831,0,0,0,0,0,-1,42.3,1
MPLAD104089,Punjab,Amritsar,MP_098,Vendor_016,1361176.84,1129210.12,0.8295837005278462,0,0,0,0,0,-1,49.5,1
MPLAD104090,Haryana,Faridabad,MP_112,Vendor_002,2673671.01,1983663.81,0.7419251667765961,0,0,0,0,0,1,38.2,0
MPLAD104091,Kerala,Kochi,MP_108,Vendor_059,644435.66,688970.42,1.0691066040634685,0,0,1,0,0,-1,90.0,1
MPLAD104092,Gujarat,Ahmedabad,MP_015,Vendor_023,5268151.86,4622920.89,0.8775223290545006,0,0,0,0,0,-1,42.3,1
MPLAD104093,Assam,Dibrugarh,MP_131,Vendor_011,1056379.52,341224.51,0.32301318185343086,0,0,0,0,0,-1,70.6,1
MPLAD104094,Tamil Nadu,Chennai,MP_135,Vendor_053,684593.6,0.0,0.0,0,0,0,0,1,1,60.0,1
MPLAD104095,West Bengal,Kolkata,MP_089,Vendor_074,343635.1,0.0,0.0,0,0,0,0,1,1,60.0,1
MPLAD104096,Chhattisgarh,Bilaspur,MP_058,Vendor_033,1858280.57,913541.77,0.49160594193803575,0,0,0,0,0,1,33.7,0
MPLAD104097,Tamil Nadu,Coimbatore,MP_078,Vendor_039,1192957.67,693225.87,0.5810984642900197,0,0,0,0,0,1,13.5,0
MPLAD104098,Assam,Dibrugarh,MP_123,Vendor_047,1135943.12,499241.93,0.4394955356567501,0,0,0,0,0,1,35.4,0
MPLAD104099,Andhra Pradesh,Guntur,MP_036,Vendor_020,3000000.0,1252452.08,0.4174840266666667,0,0,0,0,0,1,32.4,0
MPLAD104100,Chhattisgarh,Bilaspur,MP_058,Vendor_025,1806741.63,0.0,0.0,0,0,0,0,1,1,60.0,1
MPLAD104101,Tamil Nadu,Coimbatore,MP_078,Vendor_031,793963.29,298104.15,0.3754633920165251,0,0,0,0,0,1,18.2,0
MPLAD104102,Bihar,Patna,MP_050,Vendor_074,1078418.21,788883.81,0.731519370393421,0,0,0,0,0,1,19.3,0
MPLAD104103,Madhya Pradesh,Indore,MP_150,Vendor_030,3031013.59,2587438.0,0.8536543711108864,0,0,0,0,0,1,22.7,0
MPLAD104104,Kerala,Thiruvananthapuram,MP_083,Vendor_007,539444.9,473072.53,0.8769617249138884,0,0,0,0,0,1,30.6,0
MPLAD104105,Gujarat,Vadodara,MP_093,Vendor_031,353146.48,0.0,0.0,0,0,0,0,1,1,60.0,1
MPLAD104106,Gujarat,Surat,MP_122,Vendor_029,1865426.23,466923.17,0.25030374425473795,0,0,0,0,0,1,18.0,0
MPLAD104107,Tamil Nadu,Madurai,MP_145,Vendor_008,1605585.53,0.0,0.0,0,1,0,0,1,1,85.0,1
MPLAD104108,Tamil Nadu,Coimbatore,MP_128,Vendor_033,1576115.77,1576115.77,1.0,0,0,0,0,0,-1,40.0,1
MPLAD104109,West Bengal,Kolkata,MP_009,Vendor_025,1004978.19,0.0,0.0,0,0,0,0,1,1,60.0,1
MPLAD104110,Madhya Pradesh,Bhopal,MP_033,Vendor_095,1452607.43,0.0,0.0,0,1,0,0,1,1,85.0,1
MPLAD104111,Maharashtra,Mumbai,MP_105,Vendor_017,637789.94,637789.94,1.0,0,0,0,0,0,1,31.1,0
MPLAD104112,Punjab,Ludhiana,MP_101,Vendor_058,2549333.64,1833489.27,0.7192033405247027,0,0,0,0,0,1,26.2,0
MPLAD104113,Uttar Pradesh,Varanasi,MP_007,Vendor_024,906100.6,0.0,0.0,0,0,0,0,1,1,60.0,1
MPLAD104114,Punjab,Ludhiana,MP_124,Vendor_103,1476452.86,611755.68,0.41434149140393145,0,0,0,0,0,1,16.9,0
MPLAD104115,Karnataka,Hubballi,MP_029,Vendor_015,1381693.11,0.0,0.0,0,1,0,0,1,1,85.0,1
MPLAD104116,Punjab,Ludhiana,MP_124,Vendor_061,4780344.42,1635290.07,0.34208624448863456,0,0,0,0,0,1,24.8,0
MPLAD104117,Karnataka,Mysuru,MP_062,Vendor_099,1008690.49,682123.53,0.6762466155500286,0,0,0,0,0,1,23.3,0
MPLAD104118,Madhya Pradesh,Indore,MP_038,Vendor_077,3545434.79,1573785.26,0.4438906236377288,0,0,0,0,0,1,24.0,0
MPLAD104119,Odisha,Rourkela,MP_090,Vendor_067,349133.48,314920.63,0.9020063902207259,0,0,0,0,0,-1,40.4,1
MPLAD104120,Gujarat,Ahmedabad,MP_047,Vendor_103,1115784.18,999847.95,0.8960943952440695,0,0,0,0,0,1,28.7,0
MPLAD104121,Gujarat,Ahmedabad,MP_002,Vendor_066,477196.17,412410.82,0.8642374895842102,0,0,0,0,0,1,29.3,0
MPLAD104122,Madhya Pradesh,Bhopal,MP_033,Vendor_081,896245.17,392964.72,0.43845672272911657,0,0,0,0,0,1,28.4,0
MPLAD104123,Punjab,Jalandhar,MP_146,Vendor_092,1221749.19,0.0,0.0,0,0,0,0,1,-1,60.0,1
MPLAD104124,Odisha,Rourkela,MP_090,Vendor_039,1302460.7,1105640.67,0.8488860124531972,0,0,0,0,0,-1,52.7,1
MPLAD104125,West Bengal,Siliguri,MP_071,Vendor_111,2784691.82,0.0,0.0,0,0,0,0,1,1,60.0,1
MPLAD104126,Tamil Nadu,Coimbatore,MP_037,Vendor_089,464821.9,280590.64,0.6036519363653047,0,0,0,0,0,1,27.6,0
MPLAD104127,Bihar,Bhagalpur,MP_147,Vendor_112,2679737.6,1953307.59,0.7289174843089115,0,0,0,0,0,1,9.1,0
MPLAD104128,Gujarat,Ahmedabad,MP_027,Vendor_046,2421604.7,1087516.91,0.4490893621076965,0,0,0,0,0,1,29.1,0
MPLAD104129,Haryana,Panipat,MP_026,Vendor_101,1225929.08,1081383.28,0.8820928532015897,0,0,0,0,0,1,34.7,0
MPLAD104130,West Bengal,Siliguri,MP_111,Vendor_045,627315.03,627315.03,1.0,0,0,0,0,0,1,11.3,0
MPLAD104131,West Bengal,Siliguri,MP_032,Vendor_086,2216201.15,2198400.4,0.9919678996647032,0,0,0,0,0,1,37.4,0
MPLAD104132,Gujarat,Surat,MP_053,Vendor_049,2200189.99,845591.72,0.3843266826243491,0,0,0,0,0,1,11.7,0
MPLAD104133,Haryana,Gurugram,MP_003,Vendor_105,812410.32,682529.6,0.8401291603484309,0,0,0,0,0,1,10.5,0
MPLAD104134,Madhya Pradesh,Bhopal,MP_033,Vendor_091,1739813.98,369563.74,0.21241566296645115,0,0,0,0,0,1,26.3,0
MPLAD104135,Bihar,Bhagalpur,MP_077,Vendor_012,774502.28,678370.08,0.8758787385364443,0,0,0,0,0,-1,40.2,1
MPLAD104136,Punjab,Jalandhar,MP_139,Vendor_098,2700300.54,0.0,0.0,0,0,0,0,1,1,60.0,1
MPLAD104137,Gujarat,Vadodara,MP_025,Vendor_029,2234390.71,1087127.17,0.48654300482658197,0,0,0,0,0,1,14.2,0
MPLAD104138,Tamil Nadu,Madurai,MP_145,Vendor_043,1716081.01,1716081.01,1.0,0,0,0,0,0,1,32.8,0
MPLAD104139,Punjab,Jalandhar,MP_144,Vendor_019,1077319.19,142946.25,0.13268699873433054,0,0,0,0,0,1,21.5,0
MPLAD104140,Tamil Nadu,Coimbatore,MP_128,Vendor_031,517374.08,0.0,0.0,0,0,0,0,1,1,60.0,1
MPLAD104141,Tamil Nadu,Madurai,MP_136,Vendor_053,1068230.51,376492.05,0.3524445767795941,0,0,0,0,0,1,22.1,0
MPLAD104142,Kerala,Thiruvananthapuram,MP_083,Vendor_027,2428103.59,1174077.8,0.4835369482732819,0,0,0,0,0,-1,51.8,1
MPLAD104143,Jharkhand,Jamshedpur,MP_046,Vendor_055,2500000.0,0.0,0.0,0,0,0,0,1,1,60.0,1
MPLAD104144,Assam,Silchar,MP_016,Vendor_033,4147951.0,1001866.96,0.2415329785718298,0,0,0,0,0,-1,45.5,1
MPLAD104145,Kerala,Kochi,MP_073,Vendor_058,2344353.25,0.0,0.0,0,0,0,0,1,1,60.0,1
MPLAD104146,Assam,Dibrugarh,MP_117,Vendor_112,672478.41,371839.56,0.5529390304143742,0,0,0,0,0,1,11.7,0
MPLAD104147,Jharkhand,Jamshedpur,MP_132,Vendor_007,847668.19,230900.7,0.27239514555807504,0,0,0,0,0,1,38.8,0
MPLAD104148,Assam,Silchar,MP_129,Vendor_099,1196000.29,0.0,0.0,0,0,0,0,1,1,60.0,1
MPLAD104149,Chhattisgarh,Bilaspur,MP_081,Vendor_037,2678181.57,0.0,0.0,0,1,0,0,1,1,85.0,1
MPLAD104150,Karnataka,Mysuru,MP_034,Vendor_012,1965026.39,1374372.06,0.6994165915502031,0,0,0,0,0,1,32.9,0
MPLAD104151,Andhra Pradesh,Vijayawada,MP_116,Vendor_042,1396710.82,0.0,0.0,0,0,0,0,1,-1,60.0,1
MPLAD104152,Kerala,Kochi,MP_073,Vendor_109,1556740.71,1447522.11,0.9298414955692912,0,0,0,0,0,-1,54.5,1
MPLAD104153,Chhattisgarh,Bilaspur,MP_103,Vendor_067,461420.41,275956.71,0.5980591755791644,0,0,0,0,0,1,27.7,0
MPLAD104154,Punjab,Jalandhar,MP_139,Vendor_096,277838.24,124255.66,0.4472230316460398,0,0,0,0,0,1,14.6,0
MPLAD104155,Bihar,Bhagalpur,MP_110,Vendor_047,2231701.84,1831348.87,0.8206064256325568,0,0,0,0,0,-1,48.2,1
MPLAD104156,Assam,Silchar,MP_088,Vendor_081,2213341.52,641619.93,0.2898874503560571,0,0,0,0,0,1,28.1,0
MPLAD104157,Chhattisgarh,Bilaspur,MP_081,Vendor_062,1475965.51,550388.36,0.372900556463545,0,0,0,0,0,1,26.9,0
MPLAD104158,Maharashtra,Nashik,MP_068,Vendor_065,1575861.79,1212386.09,0.7693479832390632,0,0,0,0,0,1,38.4,0
MPLAD104159,Chhattisgarh,Raipur,MP_020,Vendor_041,730172.26,711872.0,0.9749370648509709,0,0,0,1,0,1,80.0,1
MPLAD104160,Odisha,Cuttack,MP_017,Vendor_116,779675.96,278136.88,0.35673394367578043,0,0,0,0,0,1,37.5,0
MPLAD104161,Odisha,Rourkela,MP_090,Vendor_012,411197.94,338027.79,0.822056136759829,0,0,0,0,0,1,33.8,0
MPLAD104162,Maharashtra,Mumbai,MP_069,Vendor_009,3285831.62,0.0,0.0,0,0,0,0,1,1,60.0,1
MPLAD104163,Bihar,Patna,MP_050,Vendor_115,1849496.38,0.0,0.0,0,1,0,0,1,1,85.0,1
MPLAD104164,Tamil Nadu,Madurai,MP_145,Vendor_110,2373729.35,1176050.79,0.4954443479413523,0,0,0,0,0,1,16.4,0
MPLAD104165,Punjab,Amritsar,MP_012,Vendor_055,993913.59,0.0,0.0,0,0,0,0,1,1,60.0,1
MPLAD104166,Kerala,Kochi,MP_104,Vendor_008,1139205.38,485580.41,0.4262448356766012,0,0,0,0,0,-1,76.1,1
MPLAD104167,Jharkhand,Ranchi,MP_051,Vendor_050,2321464.67,1970304.75,0.8487334636025282,0,0,0,0,0,1,26.1,0
MPLAD104168,Punjab,Jalandhar,MP_146,Vendor_032,1906606.2,166735.53,0.0874514779192473,0,0,0,0,0,1,32.4,0
MPLAD104169,Chhattisgarh,Bilaspur,MP_081,Vendor_112,1127519.28,0.0,0.0,0,0,0,0,1,1,60.0,1
MPLAD104170,Jharkhand,Jamshedpur,MP_031,Vendor_071,658343.03,556740.35,0.845669088347453,0,0,0,0,0,1,28.6,0
MPLAD104171,Punjab,Jalandhar,MP_114,Vendor_027,2761391.67,2586727.87,0.9367479079851068,0,0,0,0,0,1,34.6,0
MPLAD104172,Tamil Nadu,Madurai,MP_125,Vendor_044,1398916.28,0.0,0.0,0,0,0,0,1,1,60.0,1
MPLAD104173,Chhattisgarh,Bilaspur,MP_081,Vendor_074,1010254.11,466338.6,0.4616052490001748,0,0,0,0,0,-1,57.0,1
MPLAD104174,Punjab,Jalandhar,MP_114,Vendor_028,2121266.56,766767.23,0.36146670317567253,0,0,0,0,0,1,21.7,0
MPLAD104175,Kerala,Kochi,MP_085,Vendor_075,1955093.08,1747287.26,0.8937105234907793,0,0,0,0,0,-1,50.5,1
MPLAD104176,Tamil Nadu,Chennai,MP_066,Vendor_107,316199.5,162661.86,0.5144279481782862,0,0,0,0,0,1,23.9,0
MPLAD104177,Andhra Pradesh,Vijayawada,MP_116,Vendor_079,997690.19,418799.61,0.41976919708912847,0,0,0,0,0,-1,41.5,1
MPLAD104178,Assam,Dibrugarh,MP_117,Vendor_067,2349732.97,1284202.44,0.5465312256311404,0,0,0,0,0,1,10.2,0
MPLAD104179,Odisha,Cuttack,MP_010,Vendor_103,639188.63,586444.25,0.9174822931377863,0,0,0,0,0,-1,53.9,1
MPLAD104180,Odisha,Bhubaneswar,MP_092,Vendor_106,2560955.82,829014.8,0.32371304242179394,0,0,0,0,0,1,27.5,0
MPLAD104181,Haryana,Gurugram,MP_003,Vendor_038,1236895.29,1135680.83,0.9181705510415519,0,0,0,0,0,1,17.1,0
MPLAD104182,Tamil Nadu,Chennai,MP_066,Vendor_054,1285385.07,631993.53,0.491676420358609,0,0,0,0,0,-1,44.8,1
MPLAD104183,West Bengal,Kolkata,MP_056,Vendor_102,312592.49,151726.07,0.48537976712108477,0,0,0,0,0,1,10.4,0
MPLAD104184,Karnataka,Mysuru,MP_034,Vendor_038,780074.4,0.0,0.0,0,0,0,0,1,1,60.0,1
MPLAD104185,Gujarat,Surat,MP_122,Vendor_108,1889996.31,576732.39,0.30515000846747686,0,0,0,0,0,1,17.2,0
MPLAD104186,Assam,Silchar,MP_129,Vendor_061,1693866.68,524875.58,0.3098682949475103,0,0,0,0,0,1,32.0,0
MPLAD104187,Tamil Nadu,Madurai,MP_145,Vendor_095,998012.02,996560.67,0.9985457589979728,0,0,0,0,0,-1,51.6,1
MPLAD104188,Telangana,Hyderabad,MP_140,Vendor_037,2320551.33,2134404.44,0.9197833344199285,0,0,0,0,0,1,26.8,0
MPLAD104189,Gujarat,Ahmedabad,MP_002,Vendor_063,399608.03,0.0,0.0,0,1,0,0,1,1,85.0,1
MPLAD104190,Bihar,Bhagalpur,MP_110,Vendor_089,351898.91,328117.47,0.9324196826867125,0,0,0,0,0,1,27.9,0
MPLAD104191,Tamil Nadu,Coimbatore,MP_078,Vendor_013,1665720.37,696242.68,0.4179829295117523,0,0,0,0,0,1,11.6,0
MPLAD104192,Bihar,Bhagalpur,MP_110,Vendor_038,3846849.33,2118096.47,0.5506055185166299,0,0,0,0,0,1,26.2,0
MPLAD104193,West Bengal,Kolkata,MP_054,Vendor_063,506097.15,229344.96,0.45316390341261553,0,0,0,0,0,1,7.7,0
MPLAD104194,Gujarat,Ahmedabad,MP_047,Vendor_082,886765.13,849438.2,0.9579066330675406,0,0,0,0,0,-1,46.7,1
MPLAD104195,Haryana,Faridabad,MP_112,Vendor_088,2439411.58,0.0,0.0,0,1,0,0,1,1,85.0,1
MPLAD104196,Madhya Pradesh,Bhopal,MP_084,Vendor_098,912209.51,313755.67,0.34395132539234324,0,0,0,0,0,1,27.8,0
MPLAD104197,Gujarat,Ahmedabad,MP_021,Vendor_012,822925.18,0.0,0.0,0,0,0,0,1,1,60.0,1
MPLAD104198,Punjab,Jalandhar,MP_045,Vendor_117,1724224.61,857348.56,0.49723716679812385,0,0,0,0,0,1,12.9,0
MPLAD104199,Gujarat,Vadodara,MP_093,Vendor_025,702635.69,617451.8,0.8787652104606302,0,0,0,0,0,1,34.5,0
MPLAD104200,Kerala,Kochi,MP_022,Vendor_104,1773450.58,0.0,0.0,0,1,0,0,1,-1,85.0,1
MPLAD104201,Assam,Guwahati,MP_024,Vendor_046,1569368.25,0.0,0.0,0,0,0,0,1,1,60.0,1
MPLAD104202,Bihar,Bhagalpur,MP_147,Vendor_091,1360331.37,1355602.8,0.9965239572472698,0,0,0,0,0,-1,50.3,1
MPLAD104203,Rajasthan,Udaipur,MP_052,Vendor_004,3275148.48,2868629.87,0.8758778075307292,0,0,0,0,0,1,23.7,0
MPLAD104204,Rajasthan,Udaipur,MP_052,Vendor_055,3504395.48,1261671.53,0.3600254415349263,0,0,0,0,0,1,19.5,0
MPLAD104205,Odisha,Rourkela,MP_013,Vendor_016,4578940.84,0.0,0.0,0,0,0,0,1,1,60.0,1
MPLAD104206,Assam,Guwahati,MP_148,Vendor_060,1026271.23,524140.85,0.5107235150692083,0,0,0,0,0,1,5.5,0
MPLAD104207,West Bengal,Kolkata,MP_009,Vendor_011,3196657.62,3196657.62,1.0,0,0,0,0,0,-1,65.4,1
MPLAD104208,Tamil Nadu,Madurai,MP_145,Vendor_062,2569671.37,0.0,0.0,0,0,0,0,1,1,60.0,1
MPLAD104209,Gujarat,Vadodara,MP_093,Vendor_078,1183813.41,506207.98,0.4276079116218155,0,0,0,0,0,1,25.3,0
MPLAD104210,West Bengal,Siliguri,MP_071,Vendor_028,2224251.15,67368.67,0.030288247799714525,0,0,0,0,0,1,17.7,0
MPLAD104211,Assam,Dibrugarh,MP_123,Vendor_042,3063565.59,2929087.27,0.9561039853564879,0,0,0,1,0,-1,80.0,1
MPLAD104212,Chhattisgarh,Bilaspur,MP_080,Vendor_004,1635993.7,0.0,0.0,0,0,0,0,1,1,60.0,1
MPLAD104213,Madhya Pradesh,Bhopal,MP_084,Vendor_035,2595261.66,353352.88,0.136153084463938,0,0,0,0,0,-1,45.6,1
MPLAD104214,Karnataka,Mysuru,MP_019,Vendor_020,433686.65,138793.23,0.32003113307730363,0,0,0,0,0,1,29.7,0
MPLAD104215,Gujarat,Ahmedabad,MP_015,Vendor_068,1891917.45,477031.68,0.2521419103143216,0,0,0,0,0,1,38.9,0
MPLAD104216,West Bengal,Kolkata,MP_001,Vendor_040,1971992.44,510596.96,0.258924400338979,0,0,0,0,0,1,31.2,0
MPLAD104217,Kerala,Kozhikode,MP_043,Vendor_093,1021014.99,0.0,0.0,0,1,0,0,1,1,85.0,1
MPLAD104218,Punjab,Ludhiana,MP_149,Vendor_104,1331930.74,0.0,0.0,0,0,0,0,1,1,60.0,1
MPLAD104219,Odisha,Rourkela,MP_013,Vendor_069,1900621.45,771885.27,0.4061225711200934,0,0,0,0,0,1,8.9,0
MPLAD104220,Gujarat,Ahmedabad,MP_015,Vendor_100,871895.76,790605.5,0.9067660794680318,0,0,0,0,0,-1,44.3,1
MPLAD104221,Gujarat,Ahmedabad,MP_021,Vendor_062,1977880.75,427056.89,0.2159163994088117,0,0,0,0,0,1,23.0,0
MPLAD104222,Karnataka,Hubballi,MP_029,Vendor_045,1135535.27,555726.76,0.489396300301619,0,0,0,0,0,1,21.6,0
MPLAD104223,Andhra Pradesh,Guntur,MP_036,Vendor_021,1678278.08,600418.05,0.3577583817337351,0,0,0,0,0,1,25.5,0
MPLAD104224,Kerala,Kochi,MP_108,Vendor_065,1094932.97,637261.82,0.5820098923498486,0,0,0,0,0,1,22.5,0
MPLAD104225,Kerala,Thiruvananthapuram,MP_083,Vendor_034,2343700.51,1106347.63,0.47205162318286137,0,0,0,0,0,1,38.1,0
MPLAD104226,Odisha,Rourkela,MP_106,Vendor_039,231371.42,0.0,0.0,0,0,0,0,1,1,60.0,1
MPLAD104227,Madhya Pradesh,Bhopal,MP_084,Vendor_085,720042.67,232145.01,0.32240451805446474,0,0,0,0,0,1,17.1,0
MPLAD104228,Chhattisgarh,Bilaspur,MP_094,Vendor_049,1044311.9,1044311.9,1.0,0,0,0,0,0,1,25.7,0
MPLAD104229,Assam,Silchar,MP_129,Vendor_036,2283695.86,0.0,0.0,0,0,0,0,1,1,60.0,1
MPLAD104230,Tamil Nadu,Madurai,MP_125,Vendor_010,3059248.97,0.0,0.0,0,0,0,0,1,1,60.0,1
MPLAD104231,Gujarat,Surat,MP_053,Vendor_078,1045847.15,18782.76,0.017959373891299507,0,1,0,0,0,-1,85.0,1
MPLAD104232,Punjab,Jalandhar,MP_139,Vendor_039,1248927.46,1077877.03,0.8630421417749915,0,0,0,0,0,1,23.9,0
MPLAD104233,Punjab,Ludhiana,MP_141,Vendor_074,6072705.12,0.0,0.0,0,0,0,0,1,1,60.0,1
MPLAD104234,Kerala,Kochi,MP_008,Vendor_087,1139749.62,569533.86,0.49970085535101993,0,0,0,0,0,1,23.9,0
MPLAD104235,Punjab,Ludhiana,MP_030,Vendor_059,1288694.87,1288694.87,1.0,0,0,0,0,0,-1,58.0,1
MPLAD104236,Chhattisgarh,Bilaspur,MP_080,Vendor_045,2051410.61,0.0,0.0,0,0,0,0,1,1,60.0,1
MPLAD104237,Punjab,Ludhiana,MP_149,Vendor_039,448925.37,401284.1,0.8938770825092821,0,0,0,0,0,1,14.9,0
MPLAD104238,Gujarat,Surat,MP_006,Vendor_074,344244.75,344244.75,1.0,0,0,0,0,0,-1,56.3,1
MPLAD104239,Punjab,Amritsar,MP_098,Vendor_040,885814.03,749335.61,0.845928811942615,0,0,0,0,0,1,21.0,0
MPLAD104240,Chhattisgarh,Bilaspur,MP_094,Vendor_072,2474793.71,2474793.71,1.0,0,0,0,0,0,-1,39.7,1
MPLAD104241,Telangana,Hyderabad,MP_142,Vendor_084,1560198.98,599052.14,0.3839588076131161,0,0,0,0,0,1,34.6,0
MPLAD104242,Gujarat,Vadodara,MP_040,Vendor_086,1206901.99,1135397.39,0.940753598392857,0,0,0,0,0,1,30.1,0
MPLAD104243,Kerala,Thiruvananthapuram,MP_083,Vendor_034,2375871.5,2250759.24,0.9473404769576134,0,0,0,0,0,-1,40.1,1
MPLAD104244,Tamil Nadu,Madurai,MP_042,Vendor_096,343757.73,49541.32,0.14411696283891565,0,0,0,0,0,1,8.7,0
MPLAD104245,Jharkhand,Jamshedpur,MP_046,Vendor_039,1179537.29,1088396.23,0.9227315144907372,0,0,0,0,0,1,14.1,0
MPLAD104246,Haryana,Gurugram,MP_138,Vendor_118,3800779.43,1633284.87,0.4297236659165986,0,0,0,0,0,1,19.9,0
MPLAD104247,Chhattisgarh,Raipur,MP_113,Vendor_102,1221965.57,494751.7,0.40488186586140884,0,0,0,0,0,1,34.0,0
MPLAD104248,Gujarat,Ahmedabad,MP_047,Vendor_058,1036451.32,324534.74,0.3131210639010041,0,0,0,0,0,1,24.4,0
MPLAD104249,Punjab,Ludhiana,MP_141,Vendor_112,430913.47,0.0,0.0,0,0,0,0,1,1,60.0,1
MPLAD104250,Odisha,Cuttack,MP_039,Vendor_002,1321466.89,801152.42,0.6062599267999822,0,0,0,0,0,1,10.6,0
MPLAD104251,Maharashtra,Mumbai,MP_061,Vendor_064,1300112.19,0.0,0.0,0,1,0,0,1,1,85.0,1
MPLAD104252,Assam,Silchar,MP_129,Vendor_089,1723249.59,1122558.04,0.6514192990465183,0,0,0,0,0,-1,51.5,1
MPLAD104253,Rajasthan,Udaipur,MP_044,Vendor_043,1452203.95,1388095.47,0.9558543550305039,0,0,0,0,0,-1,39.0,1
MPLAD104254,Punjab,Ludhiana,MP_101,Vendor_007,1307518.28,0.0,0.0,0,1,0,0,1,1,85.0,1
MPLAD104255,Tamil Nadu,Madurai,MP_087,Vendor_089,1048668.67,0.0,0.0,0,1,0,0,1,1,85.0,1
MPLAD104256,Gujarat,Surat,MP_053,Vendor_009,963380.53,963380.53,1.0,0,0,0,0,0,1,23.1,0
MPLAD104257,Madhya Pradesh,Indore,MP_038,Vendor_029,2448110.25,808261.1,0.33015714876403135,0,0,0,0,0,1,15.9,0
MPLAD104258,Bihar,Bhagalpur,MP_070,Vendor_019,2963163.51,545382.05,0.1840539842500963,0,0,0,0,0,1,12.9,0
MPLAD104259,Madhya Pradesh,Indore,MP_038,Vendor_023,9293017.03,2730654.74,0.2938394206300083,0,0,0,0,0,1,36.7,0
MPLAD104260,Odisha,Rourkela,MP_013,Vendor_030,969494.8,879575.43,0.907251312745566,0,0,0,0,0,-1,42.2,1
MPLAD104261,Punjab,Jalandhar,MP_114,Vendor_001,668442.8,668442.8,1.0,0,0,0,0,0,1,32.5,0
MPLAD104262,Punjab,Ludhiana,MP_141,Vendor_012,396138.89,360814.68,0.9108287247434858,0,0,0,0,0,-1,60.1,1
MPLAD104263,Madhya Pradesh,Bhopal,MP_033,Vendor_103,1369261.16,1228074.73,0.8968886037781135,0,0,0,0,0,1,24.1,0
MPLAD104264,Chhattisgarh,Bilaspur,MP_094,Vendor_001,968347.76,0.0,0.0,0,0,0,0,1,1,60.0,1
MPLAD104265,Maharashtra,Pune,MP_014,Vendor_014,2348076.1,1271314.38,0.5414280993703738,0,0,0,0,0,1,30.9,0
MPLAD104266,Odisha,Rourkela,MP_090,Vendor_105,1783702.6,855663.17,0.47971179164060196,0,0,0,0,0,1,18.1,0
MPLAD104267,Tamil Nadu,Coimbatore,MP_078,Vendor_093,652175.99,505605.03,0.7752585770598517,0,0,0,0,0,1,23.1,0
MPLAD104268,Bihar,Bhagalpur,MP_147,Vendor_055,1238174.44,1177163.69,0.9507252386828466,0,0,0,0,0,1,15.2,0
MPLAD104269,Punjab,Ludhiana,MP_030,Vendor_018,409932.87,409932.87,1.0,0,0,0,0,0,1,32.3,0
MPLAD104270,West Bengal,Kolkata,MP_054,Vendor_018,330679.24,300980.14,0.9101875884316174,0,0,0,0,0,1,18.0,0
MPLAD104271,Gujarat,Ahmedabad,MP_002,Vendor_073,557703.33,0.0,0.0,0,0,0,0,1,1,60.0,1
MPLAD104272,Assam,Silchar,MP_129,Vendor_052,3202286.13,0.0,0.0,0,0,0,0,1,-1,60.0,1
MPLAD104273,Assam,Silchar,MP_088,Vendor_065,709073.92,373730.1,0.5270678972370045,0,0,0,0,0,1,5.2,0
MPLAD104274,Rajasthan,Jaipur,MP_004,Vendor_097,618404.23,563823.64,0.9117396237732721,0,0,0,0,0,-1,74.0,1
MPLAD104275,Haryana,Gurugram,MP_003,Vendor_036,2919546.14,2817730.19,0.9651261034703154,0,0,0,0,0,-1,50.8,1
MPLAD104276,Kerala,Kochi,MP_086,Vendor_009,2065876.31,944426.17,0.45715523501017347,0,0,0,0,0,1,29.0,0
MPLAD104277,Jharkhand,Jamshedpur,MP_132,Vendor_087,1582758.04,0.0,0.0,0,0,0,0,1,1,60.0,1
MPLAD104278,Kerala,Kochi,MP_008,Vendor_031,4407842.33,4149305.16,0.9413460939289088,0,0,0,0,0,1,31.6,0
MPLAD104279,Kerala,Kochi,MP_104,Vendor_093,1500000.0,1500000.0,1.0,0,0,0,0,1,-1,68.6,1
MPLAD104280,Maharashtra,Pune,MP_014,Vendor_095,517562.91,118141.55,0.2282651011449024,0,0,0,0,0,1,34.5,0
MPLAD104281,Haryana,Gurugram,MP_091,Vendor_071,3092575.5,1198925.36,0.38767860639133955,0,0,0,0,0,1,9.8,0
MPLAD104282,Rajasthan,Udaipur,MP_023,Vendor_060,1065945.44,0.0,0.0,0,0,0,0,1,1,60.0,1
MPLAD104283,Punjab,Ludhiana,MP_141,Vendor_099,779907.07,779907.07,1.0,0,0,0,0,0,-1,58.2,1
MPLAD104284,Odisha,Cuttack,MP_039,Vendor_085,306602.41,295828.68,0.9648609089537163,0,0,0,0,0,1,13.0,0
MPLAD104285,Punjab,Ludhiana,MP_101,Vendor_099,5696068.25,1190550.59,0.20901269748655138,0,0,0,0,0,1,19.4,0
MPLAD104286,Andhra Pradesh,Guntur,MP_036,Vendor_075,636470.86,636470.86,1.0,0,0,0,0,0,-1,56.1,1
MPLAD104287,Punjab,Ludhiana,MP_101,Vendor_094,915361.39,351079.71,0.38354218763804315,0,0,0,0,0,1,32.9,0
MPLAD104288,Punjab,Ludhiana,MP_101,Vendor_029,553066.49,251723.11,0.45514077339959613,0,0,0,0,0,1,9.1,0
MPLAD104289,Punjab,Ludhiana,MP_101,Vendor_073,883974.73,859195.49,0.971968384209354,0,0,0,0,0,1,34.2,0
MPLAD104290,Rajasthan,Jodhpur,MP_063,Vendor_118,406156.52,0.0,0.0,0,0,0,0,1,1,60.0,1
MPLAD104291,Kerala,Thiruvananthapuram,MP_134,Vendor_063,1112627.08,0.0,0.0,0,0,0,0,1,1,60.0,1
MPLAD104292,Karnataka,Mysuru,MP_019,Vendor_112,2080933.57,671442.98,0.322664303022417,0,0,0,0,0,1,10.1,0
MPLAD104293,Bihar,Gaya,MP_072,Vendor_066,1380552.74,0.0,0.0,0,0,0,0,1,1,60.0,1
MPLAD104294,Kerala,Thiruvananthapuram,MP_074,Vendor_055,2804220.28,2804220.28,1.0,0,0,0,0,0,1,32.0,0
MPLAD104295,Andhra Pradesh,Guntur,MP_036,Vendor_038,2570566.53,118313.28,0.046026149729725144,0,1,0,0,0,-1,85.0,1
MPLAD104296,Assam,Dibrugarh,MP_075,Vendor_012,929315.09,0.0,0.0,0,0,0,0,1,-1,60.0,1
MPLAD104297,Assam,Dibrugarh,MP_131,Vendor_011,1095556.68,1095556.68,1.0,0,0,0,0,0,-1,68.9,1
MPLAD104298,Tamil Nadu,Madurai,MP_136,Vendor_024,1773619.71,349666.93,0.1971487619519068,0,0,0,0,0,1,21.3,0
MPLAD104299,Maharashtra,Mumbai,MP_069,Vendor_058,847576.92,0.0,0.0,0,0,0,0,1,1,60.0,1
MPLAD104300,Kerala,Thiruvananthapuram,MP_083,Vendor_047,860935.17,860935.17,1.0,0,0,0,0,0,-1,45.4,1
MPLAD104301,Tamil Nadu,Coimbatore,MP_078,Vendor_097,1472501.64,448959.6,0.3048958234097451,0,0,0,0,0,-1,61.2,1
MPLAD104302,Assam,Guwahati,MP_148,Vendor_030,1361640.46,88618.41,0.06508209222866365,0,0,0,0,0,1,15.1,0
MPLAD104303,Tamil Nadu,Madurai,MP_042,Vendor_099,1610053.92,729828.54,0.4532944710323739,0,0,0,0,0,1,14.3,0
MPLAD104304,Chhattisgarh,Raipur,MP_113,Vendor_105,1950154.26,1661784.51,0.8521297745953696,0,0,0,0,0,1,35.8,0
MPLAD104305,Assam,Guwahati,MP_133,Vendor_097,916715.86,168734.8,0.18406444937038613,0,0,0,0,0,-1,55.2,1
MPLAD104306,Assam,Silchar,MP_129,Vendor_043,454729.58,0.0,0.0,0,1,0,0,1,1,85.0,1
MPLAD104307,Telangana,Hyderabad,MP_041,Vendor_069,1176329.29,603340.8,0.5129012812390313,0,0,0,0,0,1,25.5,0
MPLAD104308,Gujarat,Surat,MP_097,Vendor_090,557865.94,176023.84,0.31553071693174173,0,0,0,0,0,1,32.1,0
MPLAD104309,Gujarat,Ahmedabad,MP_015,Vendor_071,1250448.86,0.0,0.0,0,1,0,0,1,1,85.0,1
MPLAD104310,Bihar,Gaya,MP_072,Vendor_076,1034100.82,16355.23,0.01581589501108799,0,1,0,0,0,-1,85.0,1
MPLAD104311,West Bengal,Siliguri,MP_111,Vendor_030,1654685.9,1640948.54,0.9916979047201648,0,0,0,0,0,1,32.2,0
MPLAD104312,Karnataka,Mysuru,MP_062,Vendor_034,681094.1,0.0,0.0,0,0,0,0,1,1,60.0,1
MPLAD104313,Odisha,Rourkela,MP_090,Vendor_070,882629.65,713076.21,0.8078996779679902,0,0,0,0,0,1,25.6,0
MPLAD104314,Chhattisgarh,Raipur,MP_113,Vendor_049,2457760.09,2240493.8,0.9115998787334854,0,0,0,0,0,1,17.7,0
MPLAD104315,Maharashtra,Mumbai,MP_105,Vendor_018,727960.35,0.0,0.0,0,0,0,0,1,1,60.0,1
MPLAD104316,Uttar Pradesh,Varanasi,MP_007,Vendor_066,1793773.1,1639189.79,0.9138222610206386,0,0,0,0,0,1,38.0,0
MPLAD104317,Bihar,Bhagalpur,MP_147,Vendor_010,2130115.6,985394.73,0.46260152735372667,0,0,0,0,0,1,13.8,0
MPLAD104318,Gujarat,Vadodara,MP_025,Vendor_082,362285.22,0.0,0.0,0,1,0,0,1,1,85.0,1
MPLAD104319,Jharkhand,Ranchi,MP_035,Vendor_072,1501546.64,374064.23,0.24911928809617262,0,0,0,0,0,1,15.5,0
MPLAD104320,Rajasthan,Jaipur,MP_004,Vendor_016,2324591.5,0.0,0.0,0,0,0,0,1,1,60.0,1
MPLAD104321,Madhya Pradesh,Bhopal,MP_033,Vendor_061,2313981.39,652661.15,0.28205116636655403,0,0,0,0,0,1,35.2,0
MPLAD104322,Punjab,Ludhiana,MP_149,Vendor_105,2720817.36,788473.63,0.28979292825447134,0,0,0,0,0,1,20.0,0
MPLAD104323,Gujarat,Ahmedabad,MP_047,Vendor_045,1836575.93,799753.01,0.43545872345174425,0,0,0,0,0,1,19.5,0
MPLAD104324,Rajasthan,Jodhpur,MP_063,Vendor_073,1072391.26,1072391.26,1.0,0,0,0,0,0,-1,53.6,1
MPLAD104325,Tamil Nadu,Coimbatore,MP_078,Vendor_018,716071.95,485425.5,0.6779004539976744,0,0,0,0,0,1,13.5,0
MPLAD104326,Gujarat,Ahmedabad,MP_002,Vendor_042,1735013.31,1509091.99,0.8697869816341639,0,0,0,0,0,-1,49.9,1
MPLAD104327,Punjab,Jalandhar,MP_146,Vendor_118,845960.34,681555.27,0.8056586553454741,0,0,0,0,0,-1,41.3,1
MPLAD104328,Bihar,Patna,MP_120,Vendor_088,1713278.4,5100.09,0.0029768016686605053,0,1,0,0,0,1,85.0,1
MPLAD104329,Gujarat,Ahmedabad,MP_002,Vendor_119,2245438.97,392632.36,0.174857729488858,0,0,0,0,0,1,31.2,0
MPLAD104330,Chhattisgarh,Bilaspur,MP_081,Vendor_090,5778068.72,5358526.14,0.9273905174322675,0,0,0,0,0,-1,39.8,1
MPLAD104331,Karnataka,Mysuru,MP_019,Vendor_081,530827.88,227498.9,0.42857375916276286,0,0,0,0,0,1,31.3,0
MPLAD104332,Jharkhand,Ranchi,MP_107,Vendor_113,1368373.34,910105.31,0.6651001473033668,0,0,0,0,0,1,8.7,0
MPLAD104333,Assam,Dibrugarh,MP_075,Vendor_037,1666106.18,1546100.07,0.9279721115973534,0,0,0,0,0,1,18.4,0
MPLAD104334,Kerala,Kochi,MP_008,Vendor_014,5227660.53,705658.14,0.13498545591291483,0,0,0,0,0,-1,47.1,1
MPLAD104335,Punjab,Ludhiana,MP_149,Vendor_105,493003.7,273530.41,0.5548242538544842,0,0,0,0,0,1,15.9,0
MPLAD104336,Kerala,Thiruvananthapuram,MP_083,Vendor_062,2024004.86,642760.46,0.3175686346919147,0,0,0,0,0,1,19.0,0
MPLAD104337,West Bengal,Kolkata,MP_054,Vendor_038,728037.28,657362.75,0.9029245727636365,0,0,0,0,0,1,24.9,0
MPLAD104338,Gujarat,Vadodara,MP_040,Vendor_065,863272.56,261345.3,0.30273787458273893,0,0,0,0,0,1,36.8,0
MPLAD104339,Madhya Pradesh,Bhopal,MP_033,Vendor_021,5916370.75,2947178.02,0.49813950892107295,0,0,0,0,0,1,15.5,0
MPLAD104340,Assam,Dibrugarh,MP_065,Vendor_004,1694660.84,8006.2,0.004724367148296174,0,0,0,0,0,1,19.8,0
MPLAD104341,West Bengal,Kolkata,MP_056,Vendor_031,1943258.82,1075635.73,0.5535215993513412,0,0,0,0,0,1,17.9,0
MPLAD104342,Punjab,Ludhiana,MP_030,Vendor_041,1235529.61,0.0,0.0,0,0,0,0,1,1,60.0,1
MPLAD104343,Bihar,Gaya,MP_072,Vendor_035,601049.45,34428.12,0.05728001248482967,0,0,0,0,0,-1,56.5,1
MPLAD104344,Tamil Nadu,Madurai,MP_125,Vendor_115,1650651.12,552037.62,0.3344362799087429,0,0,0,0,0,1,6.4,0
MPLAD104345,Punjab,Amritsar,MP_098,Vendor_074,406348.34,173689.66,0.4274403089723462,0,0,0,0,0,1,33.8,0
MPLAD104346,Bihar,Bhagalpur,MP_110,Vendor_110,1780622.55,0.0,0.0,0,0,0,0,1,1,60.0,1
MPLAD104347,Assam,Dibrugarh,MP_065,Vendor_115,757894.84,315597.34,0.41641310026599476,0,0,0,0,0,1,8.3,0
MPLAD104348,Chhattisgarh,Bilaspur,MP_103,Vendor_097,4111845.1,4110720.53,0.999726504775192,0,0,0,0,0,-1,61.7,1
MPLAD104349,Madhya Pradesh,Indore,MP_038,Vendor_014,1654108.1,893847.44,0.5403803052533265,0,0,0,0,0,1,35.4,0
MPLAD104350,Andhra Pradesh,Guntur,MP_036,Vendor_098,530797.71,249416.35,0.46988964967463787,0,0,0,0,0,-1,40.7,1
MPLAD104351,Chhattisgarh,Raipur,MP_020,Vendor_107,2077361.13,2077361.13,1.0,0,0,0,0,0,-1,57.8,1
MPLAD104352,Maharashtra,Pune,MP_014,Vendor_062,766944.18,52317.58,0.06821562946080378,0,0,0,0,0,-1,41.7,1
MPLAD104353,Punjab,Ludhiana,MP_149,Vendor_080,254673.01,0.0,0.0,0,1,0,0,1,1,85.0,1
MPLAD104354,Tamil Nadu,Coimbatore,MP_037,Vendor_015,802306.91,412333.71,0.5139351348725141,0,0,0,0,0,1,23.2,0
MPLAD104355,Odisha,Rourkela,MP_013,Vendor_077,1403923.07,1403923.07,1.0,0,0,0,0,0,1,19.8,0
MPLAD104356,Punjab,Amritsar,MP_064,Vendor_076,2798137.67,0.0,0.0,0,0,0,0,1,-1,60.0,1
MPLAD104357,Andhra Pradesh,Guntur,MP_036,Vendor_089,1917388.63,407561.23,0.21256057516101992,0,0,0,0,0,-1,40.6,1
MPLAD104358,Kerala,Kochi,MP_082,Vendor_048,320513.65,77424.6,0.24156412683203976,0,0,0,0,0,1,29.7,0
MPLAD104359,Haryana,Gurugram,MP_126,Vendor_005,2117459.35,1901252.3,0.8978931756116121,0,0,0,0,0,1,16.0,0
MPLAD104360,Odisha,Cuttack,MP_079,Vendor_056,638556.26,569938.23,0.8925419194856847,0,0,0,0,0,1,11.5,0
MPLAD104361,Gujarat,Surat,MP_006,Vendor_109,2254033.1,1842341.09,0.8173531657543095,0,0,0,0,0,1,21.4,0
MPLAD104362,Andhra Pradesh,Guntur,MP_036,Vendor_105,1197552.99,318759.85,0.26617598775315987,0,0,0,0,0,1,30.3,0
MPLAD104363,Punjab,Ludhiana,MP_101,Vendor_095,288791.58,177913.55,0.6160621095670448,0,0,0,0,0,1,27.8,0
MPLAD104364,Bihar,Gaya,MP_072,Vendor_074,3213844.02,423610.55,0.13180806142545773,0,0,0,0,0,1,33.5,0
MPLAD104365,Tamil Nadu,Coimbatore,MP_037,Vendor_106,5725808.16,708058.07,0.12366080913196364,0,0,0,0,0,1,13.7,0
MPLAD104366,Punjab,Jalandhar,MP_146,Vendor_025,1848589.87,396195.61,0.2143231532476157,0,0,0,0,0,1,27.5,0
MPLAD104367,Tamil Nadu,Coimbatore,MP_037,Vendor_088,5776278.23,0.0,0.0,0,0,0,0,1,1,60.0,1
MPLAD104368,Kerala,Thiruvananthapuram,MP_134,Vendor_031,1500391.17,686273.29,0.4573962468734071,0,0,0,0,0,1,8.2,0
MPLAD104369,Gujarat,Ahmedabad,MP_015,Vendor_061,1606451.4,805125.13,0.5011823762611182,0,0,0,0,0,-1,39.5,1
MPLAD104370,Assam,Silchar,MP_076,Vendor_011,1854469.47,1645106.27,0.8871034528274009,0,0,0,0,0,-1,80.2,1
MPLAD104371,Tamil Nadu,Coimbatore,MP_078,Vendor_015,492922.77,54990.28,0.11155962626761996,0,0,0,0,0,1,10.6,0
MPLAD104372,Odisha,Cuttack,MP_039,Vendor_061,923800.45,923800.45,1.0,0,0,0,0,0,1,29.5,0
MPLAD104373,Madhya Pradesh,Bhopal,MP_033,Vendor_076,3245543.38,2427040.25,0.7478070590447631,0,0,0,0,0,1,32.7,0
MPLAD104374,Punjab,Ludhiana,MP_124,Vendor_054,530765.96,506005.65,0.9533498531066311,0,0,0,0,0,-1,62.2,1
MPLAD104375,Punjab,Ludhiana,MP_124,Vendor_078,316261.35,239708.96,0.7579457938821801,0,0,0,0,0,1,18.4,0
MPLAD104376,Uttar Pradesh,Lucknow,MP_049,Vendor_011,556435.27,0.0,0.0,0,0,0,0,1,-1,72.4,1
MPLAD104377,Tamil Nadu,Coimbatore,MP_037,Vendor_071,741059.57,271688.58,0.3666217818359731,0,0,0,0,0,1,7.1,0
MPLAD104378,Assam,Dibrugarh,MP_075,Vendor_008,1700325.78,647924.79,0.3810592050189347,0,0,0,0,0,1,27.6,0
MPLAD104379,Maharashtra,Mumbai,MP_069,Vendor_034,944776.1,847072.23,0.8965851591715751,0,0,0,0,0,1,14.5,0
MPLAD104380,Odisha,Rourkela,MP_013,Vendor_055,908778.7,889546.65,0.9788374771547793,0,0,0,0,0,1,20.0,0
MPLAD104381,Bihar,Patna,MP_050,Vendor_074,1069063.89,383681.81,0.3588951171103535,0,0,0,0,0,1,31.0,0
MPLAD104382,West Bengal,Siliguri,MP_111,Vendor_018,1551918.51,688226.43,0.4434681496259749,0,0,0,0,0,1,6.5,0
MPLAD104383,Assam,Dibrugarh,MP_075,Vendor_092,2672942.01,2351749.7,0.8798356609315293,0,0,0,0,0,1,17.9,0
MPLAD104384,Chhattisgarh,Bilaspur,MP_094,Vendor_031,3359276.33,727847.63,0.21666798396427245,0,0,0,0,0,1,23.8,0
MPLAD104385,Uttar Pradesh,Varanasi,MP_096,Vendor_075,902677.87,703552.67,0.7794061352141047,0,0,0,0,0,-1,60.8,1
MPLAD104386,Chhattisgarh,Bilaspur,MP_130,Vendor_040,1131128.43,287913.01,0.2545360918918818,0,0,0,0,0,1,31.0,0
MPLAD104387,Punjab,Jalandhar,MP_114,Vendor_094,3226749.79,2868583.49,0.8890009070086591,0,0,0,0,0,1,17.1,0
MPLAD104388,Karnataka,Hubballi,MP_029,Vendor_028,2992000.77,2515037.79,0.8405872803301451,0,0,0,0,0,-1,39.5,1
MPLAD104389,Punjab,Ludhiana,MP_141,Vendor_046,2464948.3,0.0,0.0,0,0,0,0,1,1,60.0,1
MPLAD104390,Assam,Dibrugarh,MP_065,Vendor_112,1082723.55,444835.55,0.41084868801459057,0,0,0,0,0,1,10.7,0
MPLAD104391,Gujarat,Surat,MP_097,Vendor_028,625733.0,0.0,0.0,0,0,0,0,1,1,60.0,1
MPLAD104392,Maharashtra,Nashik,MP_011,Vendor_030,3175513.94,0.0,0.0,0,0,0,0,1,1,60.0,1
MPLAD104393,Kerala,Kochi,MP_104,Vendor_067,2814077.47,758680.94,0.2696020092154748,0,0,0,0,0,1,26.0,0
MPLAD104394,Telangana,Hyderabad,MP_143,Vendor_098,879439.61,0.0,0.0,0,0,0,0,1,1,60.0,1
MPLAD104395,Punjab,Jalandhar,MP_139,Vendor_086,1398804.63,405030.85,0.2895549823852099,0,0,0,0,0,1,21.2,0
MPLAD104396,Gujarat,Surat,MP_122,Vendor_112,1662866.08,1503936.35,0.9044242155688208,0,0,0,0,0,-1,43.3,1
MPLAD104397,Punjab,Ludhiana,MP_101,Vendor_051,1046292.05,509642.06,0.48709350319540323,0,0,0,0,0,1,31.5,0
MPLAD104398,Gujarat,Ahmedabad,MP_002,Vendor_092,634674.1,628915.3,0.9909263667762715,0,0,0,0,0,-1,56.1,1
MPLAD104399,Assam,Dibrugarh,MP_075,Vendor_003,1256955.93,1256955.93,1.0,0,0,0,0,0,1,34.5,0
MPLAD104400,Maharashtra,Pune,MP_014,Vendor_082,394769.36,394769.36,1.0,0,0,0,0,0,1,29.3,0
MPLAD104401,Tamil Nadu,Coimbatore,MP_078,Vendor_089,2179872.07,0.0,0.0,0,0,0,0,1,1,60.0,1
MPLAD104402,Madhya Pradesh,Indore,MP_038,Vendor_058,2020595.1,800143.76,0.3959941108438796,0,0,0,0,0,1,27.6,0
MPLAD104403,Jharkhand,Jamshedpur,MP_046,Vendor_014,369678.51,315121.73,0.8524210130580757,0,0,0,0,0,1,16.9,0
MPLAD104404,Bihar,Patna,MP_120,Vendor_005,1611458.48,918450.24,0.569949676891458,0,0,0,0,0,1,16.1,0
MPLAD104405,Odisha,Rourkela,MP_013,Vendor_118,1607824.81,866901.11,0.5391763484480625,0,0,0,0,0,1,11.4,0
MPLAD104406,West Bengal,Siliguri,MP_071,Vendor_114,1712300.41,707335.25,0.4130906270121141,0,0,0,0,0,1,12.2,0
MPLAD104407,West Bengal,Siliguri,MP_111,Vendor_072,1892217.83,677405.39,0.3579954586940976,0,0,0,0,0,1,14.8,0
MPLAD104408,Bihar,Patna,MP_028,Vendor_112,718534.44,328294.18,0.45689414692495467,0,0,0,0,0,1,16.3,0
MPLAD104409,Punjab,Amritsar,MP_064,Vendor_040,808822.98,505049.93,0.6244257921554108,0,0,0,0,0,1,13.3,0
MPLAD104410,Kerala,Kochi,MP_085,Vendor_056,698787.01,0.0,0.0,0,1,0,0,1,1,85.0,1
MPLAD104411,Uttar Pradesh,Varanasi,MP_096,Vendor_119,1336294.3,0.0,0.0,0,1,0,0,1,1,85.0,1
MPLAD104412,West Bengal,Kolkata,MP_054,Vendor_046,2000000.0,0.0,0.0,0,0,0,0,1,1,60.0,1
MPLAD104413,Assam,Guwahati,MP_024,Vendor_017,984541.02,0.0,0.0,0,0,0,0,1,1,60.0,1
MPLAD104414,Bihar,Patna,MP_120,Vendor_042,1805975.96,896114.86,0.4961942350550447,0,0,0,0,0,1,13.1,0
MPLAD104415,Assam,Silchar,MP_076,Vendor_017,1782086.89,1641135.56,0.9209065894648942,0,0,0,0,0,1,26.9,0
MPLAD104416,Gujarat,Surat,MP_122,Vendor_083,1002206.67,1002206.67,1.0,0,0,0,0,0,-1,76.3,1
MPLAD104417,Haryana,Panipat,MP_026,Vendor_044,921012.98,294001.0,0.31921482800383555,0,0,0,0,0,1,17.5,0
MPLAD104418,Kerala,Thiruvananthapuram,MP_134,Vendor_093,2804512.45,86473.72,0.030833780039022467,0,1,0,0,0,1,85.0,1
MPLAD104419,Jharkhand,Ranchi,MP_107,Vendor_001,2556062.58,0.0,0.0,0,0,0,0,1,-1,60.0,1
MPLAD104420,Punjab,Jalandhar,MP_114,Vendor_053,3217200.93,3185298.34,0.9900837433862111,0,0,0,0,0,1,34.1,0
MPLAD104421,Chhattisgarh,Bilaspur,MP_103,Vendor_060,1962652.85,0.0,0.0,0,1,0,0,1,1,85.0,1
MPLAD104422,Maharashtra,Nashik,MP_011,Vendor_054,1885932.36,1479009.09,0.7842323093708409,0,0,0,0,0,-1,49.8,1
MPLAD104423,Punjab,Jalandhar,MP_144,Vendor_023,2598057.35,0.0,0.0,0,0,0,0,1,1,60.0,1
MPLAD104424,Telangana,Hyderabad,MP_142,Vendor_119,294211.19,203771.79,0.6926038061298756,0,0,0,0,0,-1,42.5,1
MPLAD104425,Odisha,Rourkela,MP_013,Vendor_047,2701921.07,1107190.86,0.4097791280039132,0,0,0,0,0,1,30.9,0
MPLAD104426,West Bengal,Kolkata,MP_001,Vendor_002,2382116.78,507639.1,0.21310420390053253,0,0,0,0,0,1,16.5,0
MPLAD104427,Odisha,Cuttack,MP_017,Vendor_100,1527096.76,1243639.11,0.8143813428037134,0,0,0,0,0,-1,40.8,1
MPLAD104428,Tamil Nadu,Chennai,MP_066,Vendor_019,1148165.25,276624.41,0.24092734909021152,0,0,0,0,0,1,16.1,0
MPLAD104429,Madhya Pradesh,Bhopal,MP_033,Vendor_017,635904.52,294664.26,0.4633781499147073,0,0,0,0,0,1,16.3,0
MPLAD104430,Chhattisgarh,Raipur,MP_048,Vendor_115,882080.75,786252.17,0.8913607626059179,0,0,0,0,0,1,35.8,0
MPLAD104431,Punjab,Ludhiana,MP_030,Vendor_115,1335266.62,0.0,0.0,0,0,0,0,1,1,60.0,1
MPLAD104432,Tamil Nadu,Madurai,MP_042,Vendor_014,541710.11,644573.58,1.1898865612827496,0,0,1,0,0,-1,90.0,1
MPLAD104433,Gujarat,Surat,MP_097,Vendor_103,1315957.25,327936.08,0.24919964535322103,0,0,0,0,0,1,36.5,0
MPLAD104434,West Bengal,Kolkata,MP_054,Vendor_100,619753.76,576298.07,0.9298823293948227,0,0,0,0,0,1,24.3,0
MPLAD104435,Madhya Pradesh,Bhopal,MP_033,Vendor_024,975935.12,296813.49,0.30413239970296385,0,0,0,0,0,1,15.2,0
MPLAD104436,Punjab,Amritsar,MP_064,Vendor_076,718459.52,91209.22,0.12695109113454298,0,0,0,0,0,1,32.8,0
MPLAD104437,Assam,Silchar,MP_016,Vendor_005,1736086.17,359467.82,0.2070564389093659,0,0,0,0,0,1,21.8,0
MPLAD104438,Bihar,Bhagalpur,MP_147,Vendor_008,1640581.07,920013.1,0.5607849053140666,0,0,0,0,0,1,27.3,0
MPLAD104439,Jharkhand,Ranchi,MP_109,Vendor_071,995556.08,0.0,0.0,0,0,0,0,1,1,60.0,1
MPLAD104440,Gujarat,Ahmedabad,MP_002,Vendor_063,931769.61,875483.07,0.9395917838530922,0,0,0,0,0,1,36.2,0
MPLAD104441,Madhya Pradesh,Bhopal,MP_084,Vendor_118,489950.3,214878.41,0.4385718510632609,0,0,0,0,0,-1,55.5,1
MPLAD104442,Bihar,Patna,MP_028,Vendor_035,676899.79,624585.61,0.9227150299455699,0,0,0,0,0,-1,49.3,1
MPLAD104443,Tamil Nadu,Chennai,MP_066,Vendor_013,1041131.1,445928.93,0.4283119868381609,0,0,0,0,0,1,11.4,0
MPLAD104444,Jharkhand,Jamshedpur,MP_031,Vendor_075,1119030.79,0.0,0.0,0,0,0,0,1,-1,60.0,1
MPLAD104445,West Bengal,Siliguri,MP_032,Vendor_039,2826111.25,0.0,0.0,0,1,0,0,1,1,85.0,1
MPLAD104446,Haryana,Gurugram,MP_091,Vendor_111,524420.18,471306.2,0.8987186572416034,0,0,0,0,0,1,27.0,0
MPLAD104447,Odisha,Cuttack,MP_079,Vendor_007,1048807.55,219359.83,0.20915165036712405,0,0,0,0,0,1,20.4,0
MPLAD104448,Tamil Nadu,Madurai,MP_125,Vendor_046,1951858.22,191791.21,0.09826083064578328,0,0,0,0,0,1,24.7,0
MPLAD104449,Uttar Pradesh,Lucknow,MP_049,Vendor_078,700604.22,165542.37,0.23628514541348325,0,0,0,0,0,1,35.0,0
MPLAD104450,Telangana,Hyderabad,MP_140,Vendor_024,4563676.9,652263.37,0.1429249669274352,0,0,0,0,0,1,25.5,0
MPLAD104451,Odisha,Rourkela,MP_013,Vendor_025,3984439.09,3315631.42,0.8321450887080821,0,0,0,0,0,1,24.8,0
MPLAD104452,Punjab,Jalandhar,MP_045,Vendor_098,1136438.39,226820.84,0.19958920958310816,0,0,0,0,0,-1,39.0,1
MPLAD104453,Madhya Pradesh,Indore,MP_150,Vendor_102,639782.44,373091.14,0.5831531418711648,0,0,0,0,0,1,17.8,0
MPLAD104454,Assam,Silchar,MP_088,Vendor_094,2108343.29,1107744.96,0.5254101479840125,0,0,0,0,0,1,12.3,0
MPLAD104455,Tamil Nadu,Madurai,MP_145,Vendor_003,1305681.12,1261023.84,0.9657977133038425,0,0,0,0,0,1,25.7,0
MPLAD104456,Madhya Pradesh,Bhopal,MP_033,Vendor_010,1074369.22,657639.78,0.6121171081204282,0,0,0,0,0,1,22.3,0
MPLAD104457,Gujarat,Ahmedabad,MP_002,Vendor_104,1042652.47,254328.77,0.24392477581720015,0,0,0,0,0,1,16.1,0
MPLAD104458,Telangana,Hyderabad,MP_142,Vendor_012,841417.53,933540.99,1.109486024138337,0,0,1,0,0,1,90.0,1
MPLAD104459,Bihar,Patna,MP_028,Vendor_077,447066.81,188422.51,0.4214638747170697,0,0,0,0,0,1,10.9,0
MPLAD104460,Haryana,Gurugram,MP_138,Vendor_074,938435.26,114364.31,0.12186702149277724,0,0,0,0,0,1,25.4,0
MPLAD104461,Uttar Pradesh,Varanasi,MP_007,Vendor_097,584497.6,67947.86,0.11625002395219416,0,0,0,0,0,-1,65.1,1
MPLAD104462,Kerala,Kochi,MP_086,Vendor_050,277628.62,60562.21,0.21814109078523677,0,0,0,0,0,-1,43.2,1
MPLAD104463,Odisha,Cuttack,MP_039,Vendor_096,1148175.76,870100.22,0.7578109992498012,0,0,0,0,0,1,6.4,0
MPLAD104464,Maharashtra,Mumbai,MP_061,Vendor_050,1157713.62,0.0,0.0,0,0,0,0,1,1,60.0,1
MPLAD104465,Assam,Dibrugarh,MP_117,Vendor_076,1774990.87,1626422.54,0.9162991018652394,0,0,0,0,0,1,17.0,0
MPLAD104466,Gujarat,Surat,MP_097,Vendor_043,5247406.75,936850.59,0.17853591967117852,0,0,0,0,0,1,16.7,0
MPLAD104467,Odisha,Cuttack,MP_010,Vendor_073,2905597.67,2448378.37,0.8426419098828642,0,0,0,0,0,1,22.5,0
MPLAD104468,Maharashtra,Mumbai,MP_061,Vendor_067,1032413.38,0.0,0.0,0,0,0,0,1,1,60.0,1
MPLAD104469,Assam,Guwahati,MP_148,Vendor_050,631360.44,614743.93,0.9736814203943474,0,0,0,0,0,1,17.0,0
MPLAD104470,Bihar,Bhagalpur,MP_110,Vendor_098,1491211.91,1297740.21,0.8702587481345961,0,0,0,0,0,1,13.7,0
MPLAD104471,Jharkhand,Jamshedpur,MP_118,Vendor_101,720958.17,0.0,0.0,0,0,0,0,1,1,60.0,1
MPLAD104472,West Bengal,Kolkata,MP_001,Vendor_019,569000.11,136639.36,0.24013942633508453,0,0,0,0,0,1,34.7,0
MPLAD104473,Rajasthan,Jodhpur,MP_099,Vendor_071,989733.65,882166.03,0.8913165981574942,0,0,0,0,0,1,17.8,0
MPLAD104474,Assam,Silchar,MP_016,Vendor_040,993239.57,0.0,0.0,0,0,0,0,1,1,60.0,1
MPLAD104475,Tamil Nadu,Coimbatore,MP_128,Vendor_016,2781478.63,2575487.59,0.9259418937185938,0,0,0,0,0,1,24.3,0
MPLAD104476,Chhattisgarh,Bilaspur,MP_081,Vendor_036,1920438.18,844893.88,0.43994849133857566,0,0,0,0,0,1,30.8,0
MPLAD104477,Chhattisgarh,Bilaspur,MP_130,Vendor_002,2743729.02,996845.36,0.36331771568316173,0,0,0,0,0,1,15.9,0
MPLAD104478,Maharashtra,Nashik,MP_068,Vendor_120,2053799.86,547517.28,0.26658745609224066,0,0,0,0,0,1,12.5,0
MPLAD104479,West Bengal,Kolkata,MP_056,Vendor_071,569028.42,455079.66,0.7997485608891027,0,0,0,0,0,-1,66.6,1
MPLAD104480,Haryana,Gurugram,MP_126,Vendor_113,1852189.57,1816965.53,0.9809824865820834,0,0,0,0,0,1,33.0,0
MPLAD104481,Maharashtra,Nashik,MP_068,Vendor_054,980795.43,423111.3,0.4313960761419942,0,0,0,0,0,-1,58.5,1
MPLAD104482,Gujarat,Ahmedabad,MP_021,Vendor_038,2050851.01,1880608.28,0.9169892258531253,0,0,0,0,0,1,29.7,0
MPLAD104483,Rajasthan,Udaipur,MP_052,Vendor_074,1590978.84,0.0,0.0,0,0,0,0,1,1,60.0,1
MPLAD104484,Andhra Pradesh,Guntur,MP_036,Vendor_073,978485.22,319401.52,0.3264244706731493,0,0,0,0,0,1,26.0,0
MPLAD104485,Tamil Nadu,Madurai,MP_136,Vendor_041,1395664.0,497243.28,0.3562772128535235,0,0,0,0,0,1,7.3,0
MPLAD104486,Punjab,Jalandhar,MP_146,Vendor_067,1283072.62,568805.29,0.44331496217260097,0,0,0,0,0,1,18.5,0
MPLAD104487,Haryana,Faridabad,MP_137,Vendor_101,799163.02,0.0,0.0,0,0,0,0,1,1,60.0,1
MPLAD104488,Rajasthan,Jodhpur,MP_063,Vendor_054,706955.66,0.0,0.0,0,0,0,0,1,-1,61.7,1
MPLAD104489,Maharashtra,Mumbai,MP_105,Vendor_089,681270.54,0.0,0.0,0,0,0,0,1,1,60.0,1
MPLAD104490,Kerala,Kochi,MP_008,Vendor_014,1391941.74,1166256.71,0.8378631637269531,0,0,0,0,0,1,37.9,0
MPLAD104491,Assam,Guwahati,MP_024,Vendor_036,809169.16,127611.41,0.1577067148728209,0,0,0,0,0,1,25.3,0
MPLAD104492,Maharashtra,Nashik,MP_011,Vendor_030,3402007.42,2078908.77,0.6110829617179377,0,0,0,0,0,1,22.3,0
MPLAD104493,Andhra Pradesh,Vijayawada,MP_116,Vendor_053,765432.42,419821.24,0.5484759059460794,0,0,0,0,0,1,30.4,0
MPLAD104494,Kerala,Thiruvananthapuram,MP_102,Vendor_097,1825666.19,1619228.8,0.8869248983572403,0,0,0,0,0,-1,67.5,1
MPLAD104495,Rajasthan,Udaipur,MP_044,Vendor_023,1835228.11,1078890.09,0.5878779232517314,0,0,0,0,0,1,12.0,0
MPLAD104496,Telangana,Hyderabad,MP_140,Vendor_005,1745329.8,687270.52,0.3937768781579275,0,0,0,0,0,1,18.5,0
MPLAD104497,Telangana,Hyderabad,MP_041,Vendor_080,951807.27,0.0,0.0,0,0,0,0,1,-1,60.0,1
MPLAD104498,Karnataka,Mysuru,MP_034,Vendor_079,2963637.29,1544619.86,0.5211905873947213,0,0,0,0,0,1,35.3,0
MPLAD104499,Kerala,Kochi,MP_022,Vendor_069,2228087.11,0.0,0.0,0,0,0,0,1,1,60.0,1
MPLAD104500,Assam,Guwahati,MP_024,Vendor_081,1181294.77,396659.45,0.3357836334109902,0,0,0,0,0,1,38.0,0
MPLAD104501,Punjab,Ludhiana,MP_030,Vendor_055,250460.14,55772.37,0.2226796247897969,0,0,0,0,0,1,27.4,0
MPLAD104502,West Bengal,Kolkata,MP_056,Vendor_057,1131884.72,452232.86,0.39953968103748233,0,0,0,0,0,1,29.9,0
MPLAD104503,Assam,Silchar,MP_088,Vendor_002,2070915.27,0.0,0.0,0,0,0,0,1,1,60.0,1
MPLAD104504,Rajasthan,Jaipur,MP_004,Vendor_011,1783243.21,735303.25,0.41234041765957435,0,0,0,0,0,-1,63.1,1
MPLAD104505,Assam,Dibrugarh,MP_117,Vendor_006,4756858.73,4516485.91,0.9494681608928083,0,0,0,0,0,1,28.4,0
MPLAD104506,Chhattisgarh,Bilaspur,MP_094,Vendor_041,826291.3,686999.52,0.83142533389859,0,0,0,0,0,1,25.0,0
MPLAD104507,Chhattisgarh,Raipur,MP_113,Vendor_072,629913.94,0.0,0.0,0,0,0,0,1,1,60.0,1
MPLAD104508,Kerala,Kochi,MP_082,Vendor_096,1562913.56,895776.2,0.5731450688802009,0,0,0,0,0,1,20.8,0
MPLAD104509,West Bengal,Kolkata,MP_001,Vendor_039,3394885.54,1504274.68,0.44310026428755533,0,0,0,0,0,1,24.7,0
MPLAD104510,Assam,Dibrugarh,MP_117,Vendor_106,1163463.83,86722.21,0.07453795104227692,0,0,0,0,0,1,19.5,0
MPLAD104511,Karnataka,Mysuru,MP_019,Vendor_049,2037314.33,2037314.33,1.0,0,0,0,0,0,-1,47.1,1
MPLAD104512,Maharashtra,Mumbai,MP_067,Vendor_103,3939004.39,3779148.69,0.9594172323326605,0,0,0,0,0,-1,46.4,1
MPLAD104513,Odisha,Cuttack,MP_010,Vendor_104,1097566.51,1024005.25,0.9329778566221012,0,0,0,0,0,-1,48.5,1
MPLAD104514,Haryana,Panipat,MP_026,Vendor_020,1343499.79,0.0,0.0,0,0,0,0,1,1,60.0,1
MPLAD104515,Kerala,Thiruvananthapuram,MP_134,Vendor_068,13994680.06,9471487.85,0.6767920244973431,0,0,0,0,0,-1,51.5,1
MPLAD104516,Odisha,Rourkela,MP_090,Vendor_019,743079.67,215341.77,0.2897963417570016,0,0,0,0,0,1,21.1,0
MPLAD104517,Bihar,Patna,MP_120,Vendor_084,1641057.21,1303899.47,0.7945484545295042,0,0,0,0,0,-1,53.8,1
MPLAD104518,Gujarat,Ahmedabad,MP_047,Vendor_099,432858.15,173855.56,0.4016455737289456,0,0,0,0,0,1,25.1,0
MPLAD104519,Tamil Nadu,Madurai,MP_042,Vendor_062,2342817.86,0.0,0.0,0,0,0,0,1,1,60.0,1
MPLAD104520,Tamil Nadu,Coimbatore,MP_078,Vendor_065,842496.28,475796.22,0.5647457814294443,0,0,0,0,0,1,10.1,0
MPLAD104521,West Bengal,Kolkata,MP_089,Vendor_098,254140.13,126233.56,0.4967084891315669,0,0,0,0,0,1,36.1,0
MPLAD104522,Tamil Nadu,Madurai,MP_125,Vendor_054,580567.75,331389.91,0.5708031663832516,0,0,0,0,0,-1,42.2,1
MPLAD104523,Haryana,Gurugram,MP_003,Vendor_019,806967.79,507997.91,0.6295144816127047,0,0,0,0,0,1,15.2,0
MPLAD104524,Assam,Guwahati,MP_133,Vendor_005,1398603.19,1301456.22,0.9305400054178341,0,0,0,0,0,1,25.6,0
MPLAD104525,Maharashtra,Pune,MP_014,Vendor_018,868135.86,469707.38,0.5410528485714207,0,0,0,0,0,1,24.5,0
MPLAD104526,Kerala,Kochi,MP_073,Vendor_087,1823299.67,434113.26,0.23809210693270186,0,0,0,0,0,1,21.0,0
MPLAD104527,Tamil Nadu,Coimbatore,MP_037,Vendor_086,933814.45,482031.35,0.5161960708575456,0,0,0,0,0,1,12.8,0
MPLAD104528,Kerala,Kochi,MP_108,Vendor_019,925214.18,0.0,0.0,0,0,0,0,1,-1,61.7,1
MPLAD104529,Haryana,Panipat,MP_026,Vendor_012,1605542.45,0.0,0.0,0,0,0,0,1,1,60.0,1
MPLAD104530,Punjab,Amritsar,MP_098,Vendor_042,475649.87,274342.33,0.5767736885957733,0,0,0,0,0,1,36.3,0
MPLAD104531,Assam,Silchar,MP_088,Vendor_079,1739835.07,0.0,0.0,0,1,0,0,1,1,85.0,1
MPLAD104532,Punjab,Jalandhar,MP_144,Vendor_062,908086.31,246001.29,0.27090078034542775,0,0,0,0,0,1,25.0,0
MPLAD104533,Punjab,Ludhiana,MP_101,Vendor_037,851748.02,0.0,0.0,0,0,0,0,1,1,60.0,1
MPLAD104534,Tamil Nadu,Chennai,MP_135,Vendor_084,4727673.83,4689489.93,0.9919233218337314,0,0,0,0,0,-1,70.9,1
MPLAD104535,Haryana,Gurugram,MP_138,Vendor_023,822024.04,476945.09,0.5802082016968749,0,0,0,0,0,1,13.6,0
MPLAD104536,West Bengal,Siliguri,MP_071,Vendor_089,380102.86,140671.44,0.370087823069787,0,0,0,0,0,-1,56.5,1
MPLAD104537,Gujarat,Vadodara,MP_040,Vendor_001,3970326.54,3460860.39,0.8716815493971939,0,0,0,0,0,1,27.7,0
MPLAD104538,Kerala,Kochi,MP_022,Vendor_006,351423.98,150383.71,0.4279267168962118,0,0,0,0,0,1,28.1,0
MPLAD104539,Telangana,Hyderabad,MP_140,Vendor_025,1175700.99,968393.21,0.8236730412211356,0,0,0,0,0,1,29.7,0
MPLAD104540,Odisha,Rourkela,MP_090,Vendor_027,1685738.53,1664677.42,0.9875063008733626,0,0,0,0,0,1,30.7,0
MPLAD104541,Gujarat,Ahmedabad,MP_095,Vendor_090,1985490.66,0.0,0.0,0,0,0,0,1,1,60.0,1
MPLAD104542,Odisha,Cuttack,MP_039,Vendor_083,649020.41,186641.34,0.2875739146631768,0,0,0,0,0,1,10.6,0
MPLAD104543,West Bengal,Kolkata,MP_089,Vendor_054,1768284.02,0.0,0.0,0,0,0,0,1,-1,60.0,1
MPLAD104544,Tamil Nadu,Chennai,MP_135,Vendor_079,1604638.87,694273.27,0.43266636685673704,0,0,0,0,0,1,15.5,0
MPLAD104545,Assam,Dibrugarh,MP_075,Vendor_049,2297693.5,1988173.93,0.8652911843986154,0,0,0,0,0,1,34.0,0
MPLAD104546,Chhattisgarh,Bilaspur,MP_080,Vendor_107,694364.42,309081.36,0.4451284528662917,0,0,0,0,0,1,28.9,0
MPLAD104547,Haryana,Faridabad,MP_055,Vendor_024,745284.72,0.0,0.0,0,0,0,0,1,1,60.0,1
MPLAD104548,Assam,Silchar,MP_016,Vendor_026,582951.03,338789.96,0.5811636699569773,0,0,0,0,0,1,29.8,0
MPLAD104549,Rajasthan,Jaipur,MP_121,Vendor_006,412326.18,205106.34,0.49743710185950357,0,0,0,0,0,1,16.3,0
MPLAD104550,Punjab,Amritsar,MP_098,Vendor_103,810511.27,720163.11,0.8885294216821932,0,0,0,0,0,1,37.3,0
MPLAD104551,Maharashtra,Mumbai,MP_061,Vendor_021,1024833.93,377390.86,0.36824586789393277,0,0,0,0,0,1,38.8,0
MPLAD104552,Jharkhand,Jamshedpur,MP_118,Vendor_047,1846421.68,1504946.42,0.8150610644909672,0,0,0,0,0,-1,60.2,1
MPLAD104553,Maharashtra,Mumbai,MP_105,Vendor_057,837238.84,824574.01,0.9848730978605819,0,0,0,0,0,1,33.0,0
MPLAD104554,Jharkhand,Ranchi,MP_051,Vendor_063,3123530.89,0.0,0.0,0,0,0,0,1,1,60.0,1
MPLAD104555,Haryana,Gurugram,MP_091,Vendor_001,933405.52,846156.77,0.9065264259418564,0,0,0,0,0,1,16.6,0
MPLAD104556,Kerala,Kochi,MP_108,Vendor_062,633726.49,79554.93,0.12553511847043036,0,0,0,0,0,1,32.6,0
MPLAD104557,Maharashtra,Nashik,MP_011,Vendor_043,1408522.43,1408522.43,1.0,0,0,0,0,0,-1,65.1,1
MPLAD104558,Jharkhand,Ranchi,MP_051,Vendor_065,1304615.57,718639.67,0.5508440084001144,0,0,0,0,0,1,3.9,0
MPLAD104559,Chhattisgarh,Bilaspur,MP_080,Vendor_101,2313417.78,736017.07,0.3181513846582436,0,0,0,0,0,1,12.1,0
MPLAD104560,Jharkhand,Ranchi,MP_051,Vendor_046,535737.83,0.0,0.0,0,0,0,0,1,1,60.0,1
MPLAD104561,Karnataka,Mysuru,MP_062,Vendor_054,789035.18,284026.62,0.35996699158585044,0,0,0,0,0,-1,39.1,1
MPLAD104562,Bihar,Gaya,MP_072,Vendor_117,473512.84,0.0,0.0,0,0,0,0,1,1,60.0,1
MPLAD104563,Andhra Pradesh,Vijayawada,MP_116,Vendor_077,1610767.73,860718.85,0.5343531745573273,0,0,0,0,0,1,35.4,0
MPLAD104564,Punjab,Amritsar,MP_012,Vendor_010,2664367.91,2246519.77,0.8431717562609437,0,0,0,0,0,-1,62.1,1
MPLAD104565,Tamil Nadu,Coimbatore,MP_078,Vendor_039,2760376.18,2692023.23,0.9752378134200534,0,0,0,0,0,-1,39.9,1
MPLAD104566,Kerala,Thiruvananthapuram,MP_102,Vendor_111,5014199.31,0.0,0.0,0,1,0,0,1,1,85.0,1
MPLAD104567,Assam,Dibrugarh,MP_117,Vendor_029,4542007.02,553488.21,0.1218598314715947,0,0,0,0,0,1,11.0,0
MPLAD104568,Bihar,Bhagalpur,MP_070,Vendor_094,1341132.8,877278.32,0.6541323275368405,0,0,0,0,0,1,9.3,0
MPLAD104569,West Bengal,Kolkata,MP_009,Vendor_012,866359.2,0.0,0.0,0,0,0,0,1,1,60.0,1
MPLAD104570,Rajasthan,Jaipur,MP_004,Vendor_084,1173892.93,453199.17,0.38606516694840304,0,0,0,0,0,-1,75.2,1
MPLAD104571,Maharashtra,Mumbai,MP_061,Vendor_064,2144573.34,355516.31,0.16577484358730302,0,0,0,0,0,1,14.5,0
MPLAD104572,Kerala,Kochi,MP_108,Vendor_086,2402719.97,1010774.08,0.4206791022759094,0,0,0,0,0,1,24.7,0
MPLAD104573,Gujarat,Surat,MP_006,Vendor_075,2158551.69,448701.24,0.2078714362406582,0,0,0,0,0,-1,51.9,1
MPLAD104574,Uttar Pradesh,Lucknow,MP_049,Vendor_051,822697.52,236658.77,0.2876619465195422,0,0,0,0,0,1,32.4,0
MPLAD104575,Assam,Silchar,MP_016,Vendor_025,952421.47,0.0,0.0,0,0,0,0,1,-1,60.0,1
MPLAD104576,Jharkhand,Ranchi,MP_109,Vendor_047,823358.77,0.0,0.0,0,0,0,0,1,1,60.0,1
MPLAD104577,Bihar,Patna,MP_120,Vendor_093,2480795.11,441596.36,0.17800597809143537,0,0,0,0,0,1,3.4,0
MPLAD104578,Uttar Pradesh,Varanasi,MP_007,Vendor_063,5321709.38,2562318.42,0.48148409412014903,0,0,0,0,0,1,37.1,0
MPLAD104579,Andhra Pradesh,Vijayawada,MP_116,Vendor_104,2075979.6,1004886.91,0.4840543278941662,0,0,0,0,0,1,24.1,0
MPLAD104580,Jharkhand,Ranchi,MP_051,Vendor_057,1220512.36,1220512.36,1.0,0,0,0,0,0,1,33.9,0
MPLAD104581,Tamil Nadu,Chennai,MP_135,Vendor_078,1768821.59,187899.94,0.10622888202082607,0,0,0,0,0,1,29.2,0
MPLAD104582,Punjab,Jalandhar,MP_144,Vendor_082,526181.68,671653.46,1.2764668279594986,0,0,1,0,0,-1,90.0,1
MPLAD104583,Tamil Nadu,Coimbatore,MP_078,Vendor_002,4686682.59,0.0,0.0,0,0,0,0,1,1,60.0,1
MPLAD104584,Bihar,Gaya,MP_060,Vendor_010,540830.91,493813.49,0.9130644733304906,0,0,0,0,0,1,30.6,0
MPLAD104585,Kerala,Kochi,MP_086,Vendor_070,1563840.79,1378011.02,0.8811709151031928,0,0,0,0,0,-1,50.6,1
MPLAD104586,Bihar,Bhagalpur,MP_110,Vendor_119,2588575.98,1152905.21,0.44538202428966367,0,0,0,0,0,1,17.2,0
MPLAD104587,Gujarat,Surat,MP_053,Vendor_093,1408355.41,619955.53,0.44019820962664535,0,0,0,0,0,1,24.7,0
MPLAD104588,Gujarat,Vadodara,MP_093,Vendor_083,580545.78,545990.63,0.9404781652189428,0,0,0,0,0,1,31.3,0
MPLAD104589,Chhattisgarh,Bilaspur,MP_130,Vendor_070,1787302.45,13470.49,0.007536771406540623,0,1,0,0,0,1,85.0,1
MPLAD104590,Odisha,Cuttack,MP_017,Vendor_113,600846.99,549893.36,0.9151969954946433,0,0,0,0,0,1,16.5,0
MPLAD104591,West Bengal,Kolkata,MP_009,Vendor_029,377085.35,0.0,0.0,0,0,0,0,1,1,60.0,1
MPLAD104592,Kerala,Kochi,MP_073,Vendor_119,314950.1,40061.77,0.1272003723764495,0,0,0,0,0,1,33.9,0
MPLAD104593,Punjab,Jalandhar,MP_146,Vendor_104,1769813.12,1479416.24,0.8359166418655547,0,0,0,0,0,1,35.6,0
MPLAD104594,Punjab,Jalandhar,MP_144,Vendor_025,680033.33,0.0,0.0,0,0,0,0,1,-1,60.0,1
MPLAD104595,Punjab,Jalandhar,MP_144,Vendor_078,580151.33,580151.33,1.0,0,0,0,0,0,-1,61.6,1
MPLAD104596,Tamil Nadu,Madurai,MP_125,Vendor_118,2526359.64,912882.73,0.361343141944747,0,0,0,0,0,1,20.8,0
MPLAD104597,Assam,Dibrugarh,MP_075,Vendor_040,938580.7,212663.57,0.22657995204887552,0,0,0,0,0,1,11.3,0
MPLAD104598,Punjab,Ludhiana,MP_124,Vendor_024,1738440.66,0.0,0.0,0,0,0,0,1,1,60.0,1
MPLAD104599,Jharkhand,Jamshedpur,MP_046,Vendor_014,504658.42,432060.85,0.8561451327810997,0,0,0,0,0,1,23.1,0
MPLAD104600,Rajasthan,Udaipur,MP_023,Vendor_005,878381.14,1020249.84,1.161511550669223,0,0,1,0,0,1,90.0,1
MPLAD104601,Punjab,Jalandhar,MP_045,Vendor_080,613940.43,107205.95,0.174619465930921,0,0,0,0,0,1,28.3,0
MPLAD104602,Bihar,Bhagalpur,MP_077,Vendor_014,820142.5,720209.49,0.8781516504753747,0,0,0,0,0,-1,41.2,1
MPLAD104603,Jharkhand,Jamshedpur,MP_118,Vendor_074,922658.66,0.0,0.0,0,1,0,0,1,1,85.0,1
MPLAD104604,Gujarat,Vadodara,MP_040,Vendor_120,938905.55,353741.06,0.3767589402363209,0,0,0,0,0,1,28.7,0
MPLAD104605,Haryana,Faridabad,MP_112,Vendor_002,3939075.24,1317892.39,0.33456898122108475,0,0,0,0,0,1,18.6,0
MPLAD104606,Punjab,Jalandhar,MP_114,Vendor_046,945758.21,233146.65,0.2465182406399623,0,0,0,0,0,1,26.9,0
MPLAD104607,Bihar,Bhagalpur,MP_077,Vendor_021,213580.87,100895.88,0.47240129698881744,0,0,0,0,0,1,2.8,0
MPLAD104608,Kerala,Kochi,MP_085,Vendor_075,751545.98,253976.76,0.3379390839134021,0,0,0,0,0,-1,46.6,1
MPLAD104609,Tamil Nadu,Coimbatore,MP_128,Vendor_016,1631372.39,672564.54,0.4122691692728722,0,0,0,0,0,1,8.6,0
MPLAD104610,Chhattisgarh,Raipur,MP_113,Vendor_020,2081706.25,2081706.25,1.0,0,0,0,0,0,1,32.6,0
MPLAD104611,Jharkhand,Jamshedpur,MP_118,Vendor_111,835506.57,270160.0,0.32334874398414365,0,0,0,0,0,1,14.6,0
MPLAD104612,Chhattisgarh,Bilaspur,MP_103,Vendor_062,1749843.9,0.0,0.0,0,0,0,0,1,1,60.0,1
MPLAD104613,Kerala,Thiruvananthapuram,MP_074,Vendor_016,2736068.55,2612611.75,0.9548780311078099,0,0,0,0,0,-1,42.1,1
MPLAD104614,Maharashtra,Nashik,MP_011,Vendor_016,1689789.3,579534.02,0.3429622971337314,0,0,0,0,0,1,20.6,0
MPLAD104615,West Bengal,Kolkata,MP_056,Vendor_086,5248723.34,3082277.61,0.5872432990533656,0,0,0,0,0,1,22.1,0
MPLAD104616,Chhattisgarh,Bilaspur,MP_130,Vendor_002,500985.11,592533.68,1.1827371076956759,0,0,1,0,0,-1,90.0,1
MPLAD104617,Chhattisgarh,Raipur,MP_048,Vendor_012,766788.67,293254.32,0.3824447745165562,0,0,0,0,0,1,17.0,0
MPLAD104618,Bihar,Patna,MP_028,Vendor_115,1608210.54,1425916.71,0.8866480317931507,0,0,0,0,0,1,23.9,0
MPLAD104619,West Bengal,Kolkata,MP_001,Vendor_081,2395273.71,0.0,0.0,0,1,0,0,1,1,85.0,1
MPLAD104620,Tamil Nadu,Madurai,MP_145,Vendor_083,2140232.73,2026569.79,0.9468922522271679,0,0,0,0,0,-1,52.5,1
MPLAD104621,Haryana,Faridabad,MP_055,Vendor_112,540843.57,175553.89,0.3245927283558165,0,0,0,0,0,1,5.9,0
MPLAD104622,Chhattisgarh,Bilaspur,MP_130,Vendor_011,1131642.2,0.0,0.0,0,0,0,0,1,-1,68.3,1
MPLAD104623,Andhra Pradesh,Vijayawada,MP_116,Vendor_080,1404363.22,893370.19,0.63613898262018,0,0,0,0,0,1,38.2,0
MPLAD104624,Odisha,Cuttack,MP_079,Vendor_013,456402.07,0.0,0.0,0,0,0,0,1,1,60.0,1
MPLAD104625,Tamil Nadu,Coimbatore,MP_037,Vendor_094,2175183.29,678520.0,0.3119369310712202,0,0,0,0,0,1,10.6,0
MPLAD104626,Karnataka,Hubballi,MP_029,Vendor_063,3207221.35,2804489.26,0.8744295930806272,0,0,0,0,0,1,36.6,0
MPLAD104627,Andhra Pradesh,Vijayawada,MP_116,Vendor_080,1814899.54,1592904.26,0.8776817806675955,0,0,0,0,0,-1,54.4,1
MPLAD104628,Chhattisgarh,Raipur,MP_020,Vendor_029,3573929.83,145864.66,0.04081352095264836,0,1,0,0,0,1,85.0,1
MPLAD104629,Tamil Nadu,Chennai,MP_066,Vendor_065,815277.67,39177.9,0.04805467074794285,0,0,0,0,0,1,36.0,0
MPLAD104630,Chhattisgarh,Raipur,MP_048,Vendor_103,2944991.24,2792422.53,0.948193832318496,0,0,0,0,0,1,28.6,0
MPLAD104631,Bihar,Patna,MP_120,Vendor_074,619366.18,522742.98,0.8439966483155408,0,0,0,1,0,1,80.0,1
MPLAD104632,Punjab,Amritsar,MP_098,Vendor_060,776904.58,589710.38,0.7590512338078893,0,0,0,0,0,1,24.8,0
MPLAD104633,West Bengal,Kolkata,MP_054,Vendor_015,826498.81,706511.97,0.8548251509279244,0,0,0,0,0,1,32.1,0
MPLAD104634,Jharkhand,Ranchi,MP_109,Vendor_082,3655045.97,2794920.73,0.7646745767194824,0,0,0,0,0,-1,40.1,1
MPLAD104635,Bihar,Bhagalpur,MP_018,Vendor_049,1573791.95,0.0,0.0,0,0,0,0,1,1,60.0,1
MPLAD104636,Bihar,Bhagalpur,MP_070,Vendor_033,750676.69,408171.49,0.543738063852762,0,0,0,0,0,-1,46.3,1
MPLAD104637,Punjab,Ludhiana,MP_141,Vendor_017,1070155.13,1070155.13,1.0,0,0,0,0,0,1,35.1,0
MPLAD104638,Punjab,Ludhiana,MP_141,Vendor_118,1719726.8,1671030.38,0.9716836302138222,0,0,0,0,0,-1,39.2,1
MPLAD104639,Gujarat,Ahmedabad,MP_047,Vendor_045,3710728.13,2898728.58,0.781175143650311,0,0,0,0,0,1,23.5,0
MPLAD104640,Punjab,Jalandhar,MP_114,Vendor_099,1627213.86,0.0,0.0,0,0,0,0,1,1,60.0,1
MPLAD104641,Chhattisgarh,Bilaspur,MP_094,Vendor_114,1911295.91,1879470.43,0.983348742686317,0,0,0,0,0,1,33.0,0
MPLAD104642,Gujarat,Surat,MP_006,Vendor_080,264179.43,0.0,0.0,0,0,0,0,1,1,60.0,1
MPLAD104643,Andhra Pradesh,Guntur,MP_119,Vendor_011,676131.26,0.0,0.0,0,0,0,0,1,-1,69.4,1
MPLAD104644,Madhya Pradesh,Bhopal,MP_084,Vendor_117,522815.99,26140.8,0.050000000956359425,0,0,0,0,0,1,20.0,0
MPLAD104645,Gujarat,Vadodara,MP_093,Vendor_039,2415745.31,0.0,0.0,0,0,0,0,1,1,60.0,1
MPLAD104646,Gujarat,Vadodara,MP_025,Vendor_059,1919463.35,1719857.98,0.8960098039902663,0,0,0,0,0,-1,53.9,1
MPLAD104647,Haryana,Faridabad,MP_137,Vendor_024,1050792.25,0.0,0.0,0,0,0,0,1,1,60.0,1
MPLAD104648,Assam,Silchar,MP_016,Vendor_086,1454404.79,1450814.44,0.9975313956439871,0,0,0,0,0,1,36.4,0
MPLAD104649,Gujarat,Vadodara,MP_025,Vendor_022,618125.87,542777.25,0.8781014941180184,0,0,0,0,0,-1,69.4,1
MPLAD104650,Chhattisgarh,Raipur,MP_048,Vendor_102,2361799.82,118089.99,0.049999999576594095,0,0,0,0,0,1,20.3,0
MPLAD104651,West Bengal,Kolkata,MP_057,Vendor_108,1574696.19,1574696.19,1.0,0,0,0,0,0,1,16.0,0
MPLAD104652,Tamil Nadu,Coimbatore,MP_037,Vendor_062,787837.79,53273.3,0.06761963017793295,0,0,0,0,0,-1,39.1,1
MPLAD104653,Gujarat,Surat,MP_006,Vendor_066,1925561.39,2853.69,0.0014820041650295036,0,1,0,0,0,1,85.0,1
MPLAD104654,Haryana,Gurugram,MP_126,Vendor_071,1988725.25,0.0,0.0,0,1,0,0,1,1,85.0,1
MPLAD104655,Gujarat,Ahmedabad,MP_015,Vendor_045,944378.67,837070.41,0.8863715759272708,0,0,0,0,0,1,31.8,0
MPLAD104656,Punjab,Ludhiana,MP_101,Vendor_038,254240.06,209535.34,0.8241633517550303,0,0,0,0,0,1,12.8,0
MPLAD104657,Chhattisgarh,Bilaspur,MP_080,Vendor_014,659481.05,345789.5,0.5243357637039002,0,0,0,0,0,1,23.9,0
MPLAD104658,Assam,Guwahati,MP_133,Vendor_078,1545415.44,1501756.89,0.9717496351660625,0,0,0,0,0,-1,59.1,1
MPLAD104659,Karnataka,Mysuru,MP_059,Vendor_048,1644546.84,949681.49,0.5774730563466346,0,0,0,0,0,1,18.4,0
MPLAD104660,Chhattisgarh,Raipur,MP_005,Vendor_029,1441177.57,424608.52,0.29462609524237876,0,0,0,0,0,1,25.2,0
MPLAD104661,Odisha,Cuttack,MP_017,Vendor_033,715589.79,305793.75,0.42733106910315194,0,0,0,0,0,1,37.3,0
MPLAD104662,Kerala,Thiruvananthapuram,MP_074,Vendor_113,1097130.77,1039145.72,0.9471484607071954,0,0,0,0,0,1,33.5,0
MPLAD104663,Chhattisgarh,Raipur,MP_005,Vendor_103,1413302.54,836024.51,0.5915396642533453,0,0,0,0,0,1,38.5,0
MPLAD104664,Uttar Pradesh,Varanasi,MP_007,Vendor_064,857947.06,261727.95,0.3050630536574133,0,0,0,0,0,1,24.1,0
MPLAD104665,Tamil Nadu,Chennai,MP_135,Vendor_003,1435348.11,1791113.34,1.2478598937229242,0,0,1,0,0,1,90.0,1
MPLAD104666,Assam,Silchar,MP_088,Vendor_009,1680603.04,737258.17,0.4386866811808219,0,0,0,0,0,1,33.9,0
MPLAD104667,Haryana,Faridabad,MP_112,Vendor_097,3474429.99,3474429.99,1.0,0,0,0,0,0,-1,64.9,1
MPLAD104668,Punjab,Jalandhar,MP_146,Vendor_115,3958540.93,0.0,0.0,0,0,0,0,1,1,60.0,1
MPLAD104669,Bihar,Bhagalpur,MP_147,Vendor_032,3139320.85,3017143.85,0.9610817097589754,0,0,0,0,0,1,36.4,0
MPLAD104670,Maharashtra,Nashik,MP_011,Vendor_067,1426031.64,0.0,0.0,0,0,0,0,1,1,60.0,1
MPLAD104671,Tamil Nadu,Chennai,MP_135,Vendor_097,1212093.24,298364.32,0.24615624454765545,0,0,0,0,0,-1,55.8,1
MPLAD104672,Gujarat,Vadodara,MP_040,Vendor_043,1441199.33,330314.87,0.22919443766324812,0,0,0,0,0,1,23.7,0
MPLAD104673,Jharkhand,Ranchi,MP_051,Vendor_055,1900654.99,1202734.06,0.6327997802483869,0,0,0,0,0,1,20.3,0
MPLAD104674,Andhra Pradesh,Vijayawada,MP_116,Vendor_032,817413.5,817413.5,1.0,0,0,0,0,0,-1,64.3,1
MPLAD104675,Maharashtra,Pune,MP_014,Vendor_056,594051.31,319426.62,0.5377088049852125,0,0,0,0,0,1,26.9,0
MPLAD104676,Jharkhand,Jamshedpur,MP_132,Vendor_011,3004865.03,582708.53,0.1939216983732544,0,0,0,0,0,-1,47.2,1
MPLAD104677,Tamil Nadu,Coimbatore,MP_037,Vendor_045,3229228.4,523818.26,0.16221158590083007,0,0,0,0,0,1,29.7,0
MPLAD104678,Tamil Nadu,Chennai,MP_135,Vendor_069,1298609.34,0.0,0.0,0,0,0,0,1,1,60.0,1
MPLAD104679,Tamil Nadu,Madurai,MP_145,Vendor_067,977195.59,470206.07,0.48117907490761397,0,0,0,0,0,1,10.8,0
MPLAD104680,Telangana,Hyderabad,MP_143,Vendor_089,1908626.83,904278.43,0.4737848257115824,0,0,0,0,0,1,33.9,0
MPLAD104681,West Bengal,Kolkata,MP_001,Vendor_040,5845361.23,5845361.23,1.0,0,0,0,0,0,1,27.6,0
MPLAD104682,Bihar,Bhagalpur,MP_077,Vendor_031,1955230.94,581431.71,0.29737239632674795,0,0,0,0,0,1,10.4,0
MPLAD104683,Telangana,Hyderabad,MP_143,Vendor_050,3838841.19,1928265.21,0.5023039804363462,0,0,0,0,0,1,17.1,0
MPLAD104684,Haryana,Faridabad,MP_112,Vendor_118,2402699.62,331014.64,0.13776779970523323,0,0,0,0,0,1,15.9,0
MPLAD104685,Chhattisgarh,Bilaspur,MP_080,Vendor_071,1472603.87,949165.62,0.6445491821232276,0,0,0,0,0,1,19.3,0
MPLAD104686,Kerala,Kochi,MP_008,Vendor_005,588879.71,0.0,0.0,0,0,0,0,1,1,60.0,1
MPLAD104687,Jharkhand,Ranchi,MP_107,Vendor_097,2613081.17,443400.33,0.1696848666970418,0,0,0,0,0,-1,48.3,1
MPLAD104688,Bihar,Bhagalpur,MP_110,Vendor_045,1333942.96,1280788.03,0.9601520217925961,0,0,0,0,0,1,25.5,0
MPLAD104689,Rajasthan,Udaipur,MP_044,Vendor_001,580492.41,539864.12,0.9300106438945515,0,0,0,0,0,1,21.5,0
MPLAD104690,Karnataka,Mysuru,MP_059,Vendor_070,2438774.01,0.0,0.0,0,0,0,0,1,-1,60.0,1
MPLAD104691,Punjab,Amritsar,MP_064,Vendor_039,3000000.0,1056334.71,0.35211157,0,0,0,0,0,1,26.9,0
MPLAD104692,West Bengal,Kolkata,MP_057,Vendor_086,622867.36,0.0,0.0,0,0,0,0,1,1,60.0,1
MPLAD104693,Telangana,Hyderabad,MP_140,Vendor_115,527475.13,137179.43,0.2600680528767299,0,0,0,0,0,1,15.0,0
MPLAD104694,Chhattisgarh,Raipur,MP_113,Vendor_095,1902913.09,0.0,0.0,0,0,0,0,1,1,60.0,1
MPLAD104695,Maharashtra,Pune,MP_127,Vendor_010,2084630.05,1633579.15,0.7836302417304212,0,0,0,0,0,1,31.1,0
MPLAD104696,Odisha,Cuttack,MP_039,Vendor_029,1081217.53,1018994.45,0.9424509145722044,0,0,0,0,0,1,26.1,0
MPLAD104697,Odisha,Rourkela,MP_090,Vendor_007,1944220.35,1657108.21,0.8523253087027918,0,0,0,0,0,-1,40.6,1
MPLAD104698,Maharashtra,Pune,MP_127,Vendor_045,591674.98,543091.09,0.9178875368365247,0,0,0,0,0,1,37.0,0
MPLAD104699,West Bengal,Kolkata,MP_054,Vendor_054,525040.65,362427.75,0.6902851236375698,0,0,0,0,0,-1,47.1,1
MPLAD104700,Jharkhand,Ranchi,MP_107,Vendor_114,5693562.08,2625887.21,0.4612028767059654,0,0,0,0,0,1,5.9,0
MPLAD104701,Haryana,Faridabad,MP_137,Vendor_074,1720743.7,946558.35,0.5500867735270512,0,0,0,0,0,1,12.2,0
MPLAD104702,Bihar,Patna,MP_050,Vendor_069,819348.01,501827.54,0.6124717871713632,0,0,0,0,0,1,26.0,0
MPLAD104703,Gujarat,Ahmedabad,MP_021,Vendor_024,2041651.13,2041651.13,1.0,0,0,0,0,0,1,27.7,0
MPLAD104704,Tamil Nadu,Chennai,MP_135,Vendor_013,870063.38,0.0,0.0,0,0,0,0,1,1,60.0,1
MPLAD104705,Assam,Dibrugarh,MP_075,Vendor_044,349205.35,0.0,0.0,0,0,0,0,1,1,60.0,1
MPLAD104706,Kerala,Kochi,MP_104,Vendor_073,2292956.61,334917.6,0.14606364487638515,0,0,0,0,0,1,32.1,0
MPLAD104707,Rajasthan,Udaipur,MP_044,Vendor_114,589423.49,518141.26,0.8790644906262559,0,0,0,0,0,1,8.8,0
MPLAD104708,Kerala,Thiruvananthapuram,MP_102,Vendor_108,1599220.36,1580345.55,0.9881974926832472,0,0,0,0,0,-1,41.8,1
MPLAD104709,Bihar,Bhagalpur,MP_070,Vendor_050,2137482.59,1576583.37,0.7375888708408148,0,0,0,0,0,1,10.9,0
MPLAD104710,Tamil Nadu,Coimbatore,MP_128,Vendor_019,1340190.77,1107503.56,0.8263775462354512,0,0,0,0,0,1,31.7,0
MPLAD104711,Karnataka,Hubballi,MP_029,Vendor_035,1776550.56,1674666.21,0.942650464166919,0,0,0,0,0,-1,61.2,1
MPLAD104712,Assam,Silchar,MP_129,Vendor_017,577962.08,0.0,0.0,0,0,0,0,1,1,60.0,1
MPLAD104713,Tamil Nadu,Madurai,MP_136,Vendor_068,598819.7,0.0,0.0,0,0,0,0,1,1,60.0,1
MPLAD104714,Maharashtra,Mumbai,MP_069,Vendor_106,892262.79,397509.14,0.4455067996279437,0,0,0,0,0,1,28.4,0
MPLAD104715,Assam,Dibrugarh,MP_123,Vendor_057,1833612.38,264467.45,0.1442330194127507,0,0,0,0,0,1,17.5,0
MPLAD104716,Assam,Dibrugarh,MP_131,Vendor_055,844100.73,0.0,0.0,0,0,0,0,1,1,60.0,1
MPLAD104717,Bihar,Bhagalpur,MP_147,Vendor_026,1937201.48,341383.55,0.17622511314620717,0,0,0,0,0,1,32.5,0
MPLAD104718,Chhattisgarh,Bilaspur,MP_094,Vendor_004,922455.62,0.0,0.0,0,0,0,0,1,1,60.0,1
MPLAD104719,Odisha,Cuttack,MP_039,Vendor_074,540900.08,0.0,0.0,0,0,0,0,1,1,60.0,1
MPLAD104720,Jharkhand,Jamshedpur,MP_046,Vendor_085,978055.85,903194.02,0.9234585325572154,0,0,0,0,0,-1,49.8,1
MPLAD104721,Maharashtra,Mumbai,MP_069,Vendor_115,1284866.36,224890.2,0.17503003191709368,0,0,0,0,0,1,24.2,0
MPLAD104722,Rajasthan,Jodhpur,MP_063,Vendor_003,1125005.12,342700.26,0.30462106696901076,0,0,0,0,0,1,33.5,0
MPLAD104723,Punjab,Amritsar,MP_098,Vendor_078,2282117.82,2282117.82,1.0,0,0,0,0,0,-1,42.4,1
MPLAD104724,Punjab,Jalandhar,MP_139,Vendor_005,1160768.09,1134387.12,0.9772728331978872,0,0,0,0,0,-1,50.6,1
MPLAD104725,Odisha,Cuttack,MP_039,Vendor_048,2086290.9,1025628.47,0.4916037691579827,0,0,0,0,0,1,14.8,0
MPLAD104726,Bihar,Patna,MP_120,Vendor_108,1683249.21,0.0,0.0,0,0,0,0,1,1,60.0,1
MPLAD104727,Kerala,Thiruvananthapuram,MP_134,Vendor_075,1094808.84,0.0,0.0,0,1,0,0,1,1,85.0,1
MPLAD104728,Andhra Pradesh,Vijayawada,MP_116,Vendor_008,2022439.49,87567.24,0.0432978293951331,0,1,0,0,0,-1,85.0,1
MPLAD104729,Kerala,Thiruvananthapuram,MP_102,Vendor_083,815290.79,706270.27,0.866280201693435,0,0,0,0,0,1,36.5,0
MPLAD104730,Bihar,Bhagalpur,MP_018,Vendor_035,3280514.61,3280514.61,1.0,0,0,0,0,0,-1,48.9,1
MPLAD104731,Punjab,Ludhiana,MP_141,Vendor_021,374635.93,178450.83,0.47633132785742144,0,0,0,0,0,1,34.2,0
MPLAD104732,Punjab,Ludhiana,MP_124,Vendor_027,1242347.22,0.0,0.0,0,0,0,0,1,1,60.0,1
MPLAD104733,Chhattisgarh,Bilaspur,MP_094,Vendor_056,771520.51,425654.3,0.5517083401969444,0,0,0,0,0,1,35.0,0
MPLAD104734,Bihar,Bhagalpur,MP_018,Vendor_104,5921204.24,4601986.48,0.7772044829853733,0,0,0,0,0,1,17.6,0
MPLAD104735,Gujarat,Surat,MP_006,Vendor_116,1198467.76,1198467.76,1.0,0,0,0,0,0,-1,61.7,1
MPLAD104736,Rajasthan,Jaipur,MP_121,Vendor_100,1734814.91,619227.45,0.3569415079560274,0,0,0,0,0,1,15.2,0
MPLAD104737,Punjab,Jalandhar,MP_146,Vendor_053,2268594.13,1207189.2,0.5321309722334511,0,0,0,0,0,1,25.7,0
MPLAD104738,Odisha,Cuttack,MP_010,Vendor_007,246491.48,119990.51,0.48679374232326406,0,0,0,0,0,1,28.9,0
MPLAD104739,Gujarat,Vadodara,MP_040,Vendor_057,826196.54,0.0,0.0,0,1,0,0,1,1,85.0,1
MPLAD104740,Bihar,Bhagalpur,MP_070,Vendor_119,5301728.81,1712800.76,0.3230645741006885,0,0,0,0,0,1,12.3,0
MPLAD104741,Maharashtra,Nashik,MP_068,Vendor_072,2077075.47,94383.77,0.045440703221053404,0,1,0,0,0,1,85.0,1
MPLAD104742,Maharashtra,Nashik,MP_068,Vendor_081,3655578.08,4893018.38,1.338507418777388,0,0,1,0,0,-1,90.0,1
MPLAD104743,Gujarat,Ahmedabad,MP_095,Vendor_066,2378039.11,0.0,0.0,0,0,0,0,1,1,60.0,1
MPLAD104744,Gujarat,Surat,MP_122,Vendor_059,1297744.96,1297744.96,1.0,0,0,0,0,0,-1,45.8,1
MPLAD104745,Bihar,Bhagalpur,MP_070,Vendor_046,1407802.96,643226.52,0.4569009572191836,0,0,0,0,0,1,16.9,0
MPLAD104746,Chhattisgarh,Bilaspur,MP_080,Vendor_033,474693.39,397420.71,0.837215597208969,0,0,0,0,0,-1,67.3,1
MPLAD104747,West Bengal,Kolkata,MP_056,Vendor_115,603946.24,564309.12,0.9343697876155335,0,0,0,0,0,1,28.8,0
MPLAD104748,Assam,Silchar,MP_088,Vendor_105,1876716.67,1876716.67,1.0,0,0,0,0,0,-1,53.6,1
MPLAD104749,Gujarat,Surat,MP_053,Vendor_110,477484.31,0.0,0.0,0,0,0,0,1,1,60.0,1
MPLAD104750,Assam,Guwahati,MP_148,Vendor_034,1403839.64,1292973.22,0.9210262932880283,0,0,0,0,0,1,26.8,0
MPLAD104751,Uttar Pradesh,Lucknow,MP_049,Vendor_001,1215336.8,320235.97,0.2634956581582981,0,0,0,0,0,-1,54.2,1
MPLAD104752,Punjab,Jalandhar,MP_139,Vendor_110,682888.07,141957.73,0.2078784741399861,0,0,0,0,0,-1,44.4,1
MPLAD104753,Maharashtra,Pune,MP_127,Vendor_095,712438.67,0.0,0.0,0,1,0,0,1,1,85.0,1
MPLAD104754,Bihar,Bhagalpur,MP_147,Vendor_025,705450.82,651635.45,0.9237149231749422,0,0,0,0,0,1,15.8,0
MPLAD104755,Punjab,Jalandhar,MP_045,Vendor_116,1645220.75,0.0,0.0,0,0,0,0,1,-1,60.0,1
MPLAD104756,Tamil Nadu,Madurai,MP_042,Vendor_097,941303.52,307475.99,0.3266491450069155,0,0,0,0,0,-1,44.6,1
MPLAD104757,Assam,Dibrugarh,MP_123,Vendor_061,525058.43,464038.65,0.8837847818194253,0,0,0,0,0,-1,54.0,1
MPLAD104758,Gujarat,Vadodara,MP_040,Vendor_046,1269586.07,1218431.54,0.9597077100885331,0,0,0,0,0,1,29.7,0
MPLAD104759,Gujarat,Surat,MP_122,Vendor_104,610067.58,0.0,0.0,0,0,0,0,1,1,60.0,1
MPLAD104760,Tamil Nadu,Coimbatore,MP_078,Vendor_048,651605.06,637156.47,0.977826154388672,0,0,0,0,0,1,22.9,0
MPLAD104761,Bihar,Bhagalpur,MP_110,Vendor_103,522266.61,0.0,0.0,0,0,0,0,1,1,60.0,1
MPLAD104762,Chhattisgarh,Bilaspur,MP_130,Vendor_078,1576553.96,0.0,0.0,0,0,0,0,1,-1,60.0,1
MPLAD104763,West Bengal,Siliguri,MP_032,Vendor_076,559462.51,0.0,0.0,0,0,0,0,1,1,60.0,1
MPLAD104764,Punjab,Ludhiana,MP_101,Vendor_077,1095488.24,939473.26,0.8575840668084215,0,0,0,0,0,1,29.7,0
MPLAD104765,Madhya Pradesh,Bhopal,MP_084,Vendor_025,2670115.57,1067280.94,0.39971338768681086,0,0,0,0,0,1,24.6,0
MPLAD104766,West Bengal,Siliguri,MP_032,Vendor_059,713744.26,381544.97,0.5345681799248374,0,0,0,0,0,1,31.8,0
MPLAD104767,Punjab,Ludhiana,MP_124,Vendor_002,1059629.95,479436.07,0.45245613338883073,0,0,0,0,0,1,15.4,0
MPLAD104768,Tamil Nadu,Madurai,MP_087,Vendor_040,483773.03,449214.51,0.9285645998083026,0,0,0,0,0,1,14.7,0
MPLAD104769,Punjab,Ludhiana,MP_124,Vendor_105,514271.26,495114.24,0.9627491919342333,0,0,0,0,0,1,18.3,0
MPLAD104770,Assam,Guwahati,MP_024,Vendor_036,614688.04,492371.29,0.8010100375468505,0,0,0,0,0,-1,55.3,1
MPLAD104771,Kerala,Thiruvananthapuram,MP_102,Vendor_103,2726464.42,0.0,0.0,0,0,0,0,1,1,60.0,1
MPLAD104772,Rajasthan,Jodhpur,MP_063,Vendor_110,1814748.05,516180.07,0.284436216917274,0,0,0,0,0,1,18.6,0
MPLAD104773,Assam,Silchar,MP_076,Vendor_107,695689.7,59164.19,0.08504393553620243,0,0,0,0,0,1,31.1,0
MPLAD104774,Jharkhand,Jamshedpur,MP_118,Vendor_006,1706561.62,1660079.18,0.9727625188242542,0,0,0,0,0,1,33.0,0
MPLAD104775,Assam,Silchar,MP_016,Vendor_060,776252.66,0.0,0.0,0,0,0,0,1,1,60.0,1
MPLAD104776,Kerala,Thiruvananthapuram,MP_134,Vendor_095,1600042.27,470430.08,0.2940110325960326,0,0,0,0,0,1,18.2,0
MPLAD104777,Assam,Silchar,MP_088,Vendor_076,1282544.35,1084399.94,0.8455067772120316,0,0,0,0,0,1,15.2,0
MPLAD104778,Gujarat,Vadodara,MP_025,Vendor_080,450659.71,0.0,0.0,0,0,0,0,1,1,60.0,1
MPLAD104779,Madhya Pradesh,Indore,MP_150,Vendor_056,1933922.09,468609.64,0.24231050590047296,0,0,0,0,0,1,15.2,0
MPLAD104780,Assam,Dibrugarh,MP_117,Vendor_097,1779147.77,849426.06,0.47743423807905516,0,0,0,0,0,-1,52.5,1
MPLAD104781,Jharkhand,Jamshedpur,MP_132,Vendor_047,640404.53,318073.0,0.4966751250182443,0,0,0,0,0,1,29.0,0
MPLAD104782,Jharkhand,Ranchi,MP_107,Vendor_078,1168682.29,0.0,0.0,0,0,0,0,1,1,60.0,1
MPLAD104783,Tamil Nadu,Coimbatore,MP_037,Vendor_063,237757.36,0.0,0.0,0,1,0,0,1,1,85.0,1
MPLAD104784,Haryana,Panipat,MP_026,Vendor_052,1971676.86,776498.01,0.39382620233216104,0,0,0,0,0,-1,55.4,1
MPLAD104785,Haryana,Faridabad,MP_055,Vendor_102,908700.78,0.0,0.0,0,0,0,0,1,1,60.0,1
MPLAD104786,West Bengal,Kolkata,MP_056,Vendor_052,5660901.21,283045.06,0.04999999991167484,0,0,0,0,0,-1,49.3,1
MPLAD104787,Bihar,Patna,MP_028,Vendor_010,940601.35,355529.11,0.3779806503573485,0,0,0,0,0,1,26.6,0
MPLAD104788,Tamil Nadu,Coimbatore,MP_128,Vendor_029,2678039.18,792096.94,0.29577496323261404,0,0,0,0,0,1,13.6,0
MPLAD104789,Telangana,Hyderabad,MP_143,Vendor_054,1992617.14,791436.15,0.39718425286655923,0,0,0,0,0,-1,48.1,1
MPLAD104790,Uttar Pradesh,Lucknow,MP_049,Vendor_115,1151265.65,1003215.44,0.8714022172033015,0,0,0,0,0,-1,51.9,1
MPLAD104791,Gujarat,Surat,MP_006,Vendor_034,574251.44,503375.08,0.8765760866006711,0,0,0,0,0,-1,54.6,1
MPLAD104792,Kerala,Kochi,MP_085,Vendor_041,578914.81,0.0,0.0,0,0,0,0,1,-1,60.0,1
MPLAD104793,Gujarat,Ahmedabad,MP_095,Vendor_102,396230.87,115926.97,0.2925743014419851,0,0,0,0,0,1,21.1,0
MPLAD104794,Chhattisgarh,Raipur,MP_005,Vendor_054,1013898.16,934731.37,0.9219184005620445,0,0,0,0,0,-1,51.2,1
MPLAD104795,Maharashtra,Mumbai,MP_069,Vendor_033,2134197.92,0.0,0.0,0,0,0,0,1,1,60.0,1
MPLAD104796,Gujarat,Surat,MP_097,Vendor_024,599137.13,0.0,0.0,0,1,0,0,1,1,85.0,1
MPLAD104797,Odisha,Rourkela,MP_090,Vendor_014,1141525.59,953462.38,0.8352527427790734,0,0,0,0,0,1,29.3,0
MPLAD104798,Punjab,Amritsar,MP_064,Vendor_102,505257.0,445493.01,0.881715661534625,0,0,0,0,0,1,18.0,0
MPLAD104799,Andhra Pradesh,Guntur,MP_036,Vendor_029,4864943.75,4488538.53,0.9226290704800031,0,0,0,0,0,1,38.7,0
MPLAD104800,Tamil Nadu,Chennai,MP_066,Vendor_033,465365.03,155773.81,0.33473467054454004,0,0,0,0,0,-1,43.0,1
MPLAD104801,Kerala,Thiruvananthapuram,MP_074,Vendor_038,1243729.11,609400.21,0.48997824775525267,0,0,0,0,0,1,7.4,0
MPLAD104802,Bihar,Gaya,MP_072,Vendor_008,1463437.69,70189.25,0.0479618985349489,0,1,0,0,0,1,85.0,1
MPLAD104803,Haryana,Gurugram,MP_138,Vendor_107,2651424.48,0.0,0.0,0,0,0,0,1,1,60.0,1
MPLAD104804,Andhra Pradesh,Vijayawada,MP_116,Vendor_033,836917.23,481314.56,0.5751041354471815,0,0,0,0,0,-1,45.4,1
MPLAD104805,Gujarat,Surat,MP_097,Vendor_047,1525508.78,0.0,0.0,0,0,0,0,1,-1,60.0,1
MPLAD104806,Gujarat,Ahmedabad,MP_100,Vendor_016,5855154.62,0.0,0.0,0,0,0,0,1,1,60.0,1
MPLAD104807,Telangana,Hyderabad,MP_143,Vendor_039,896528.73,395719.16,0.44139038355190247,0,0,0,0,0,1,17.5,0
MPLAD104808,Gujarat,Ahmedabad,MP_002,Vendor_006,419168.52,210294.57,0.5016945690482673,0,0,0,0,0,1,20.1,0
MPLAD104809,Kerala,Kochi,MP_082,Vendor_089,1735837.91,1077973.01,0.6210101783063374,0,0,0,0,0,-1,45.9,1
MPLAD104810,West Bengal,Kolkata,MP_089,Vendor_069,2328394.41,2327755.59,0.9997256392657289,0,0,0,0,0,1,29.2,0
MPLAD104811,Bihar,Gaya,MP_060,Vendor_061,996696.41,903198.05,0.9061917359569902,0,0,0,0,0,-1,63.4,1
MPLAD104812,Chhattisgarh,Bilaspur,MP_058,Vendor_045,970214.68,910503.86,0.9384560744844636,0,0,0,0,0,1,23.0,0
MPLAD104813,Kerala,Kochi,MP_085,Vendor_004,1910105.72,775067.99,0.4057722993468655,0,0,0,0,0,1,31.1,0
MPLAD104814,Kerala,Kochi,MP_073,Vendor_042,2404595.49,207996.26,0.08649948020987097,0,0,0,0,0,1,26.3,0
MPLAD104815,Kerala,Kochi,MP_108,Vendor_103,934038.99,368618.46,0.39464997066128904,0,0,0,0,0,1,31.9,0
MPLAD104816,Telangana,Hyderabad,MP_142,Vendor_024,1834492.41,0.0,0.0,0,1,0,0,1,1,85.0,1
MPLAD104817,Kerala,Kozhikode,MP_043,Vendor_011,759324.44,758348.06,0.9987141464852628,0,0,0,0,0,-1,73.0,1
MPLAD104818,Gujarat,Ahmedabad,MP_027,Vendor_077,325478.93,0.0,0.0,0,0,0,0,1,-1,60.0,1
MPLAD104819,Kerala,Kochi,MP_008,Vendor_019,707368.51,707368.51,1.0,0,0,0,0,0,-1,48.7,1
MPLAD104820,Chhattisgarh,Raipur,MP_005,Vendor_081,2244377.69,1017001.54,0.45313297513664025,0,0,0,0,0,1,31.8,0
MPLAD104821,Bihar,Bhagalpur,MP_147,Vendor_088,627281.35,552431.91,0.8806764460636365,0,0,0,0,0,1,36.5,0
MPLAD104822,Gujarat,Surat,MP_122,Vendor_104,860973.9,694790.39,0.8069819421936019,0,0,0,0,0,1,34.3,0
MPLAD104823,Odisha,Cuttack,MP_039,Vendor_032,592266.89,181348.83,0.3061944421711637,0,0,0,0,0,1,8.1,0
MPLAD104824,Assam,Dibrugarh,MP_123,Vendor_022,1144044.49,1071602.86,0.9366793593840045,0,0,0,0,0,-1,72.2,1
MPLAD104825,Gujarat,Ahmedabad,MP_047,Vendor_012,1976777.2,0.0,0.0,0,0,0,0,1,1,60.0,1
MPLAD104826,Jharkhand,Jamshedpur,MP_118,Vendor_039,1896215.59,0.0,0.0,0,0,0,0,1,1,60.0,1
MPLAD104827,Assam,Silchar,MP_129,Vendor_100,490236.03,145303.86,0.29639571779332496,0,0,0,0,0,1,19.3,0
MPLAD104828,Odisha,Rourkela,MP_090,Vendor_012,2399841.53,0.0,0.0,0,0,0,0,1,1,60.0,1
MPLAD104829,Gujarat,Ahmedabad,MP_095,Vendor_053,1480749.22,452081.2,0.3053057154404579,0,0,0,0,0,1,36.4,0
MPLAD104830,Punjab,Ludhiana,MP_141,Vendor_059,507993.56,0.0,0.0,0,1,0,0,1,-1,85.0,1
MPLAD104831,Gujarat,Vadodara,MP_093,Vendor_057,1584371.27,375969.13,0.23729862887503633,0,0,0,0,0,1,13.1,0
MPLAD104832,Tamil Nadu,Coimbatore,MP_078,Vendor_065,881722.0,881722.0,1.0,0,0,0,0,0,1,30.5,0
MPLAD104833,Uttar Pradesh,Varanasi,MP_096,Vendor_108,5470212.82,5470212.82,1.0,0,0,0,0,0,-1,57.2,1
MPLAD104834,Odisha,Cuttack,MP_039,Vendor_106,1049383.99,899678.59,0.8573397331895639,0,0,0,0,0,1,19.6,0
MPLAD104835,Bihar,Gaya,MP_072,Vendor_060,423768.63,165822.59,0.39130454276429094,0,0,0,0,0,1,13.1,0
MPLAD104836,West Bengal,Siliguri,MP_071,Vendor_033,2500000.0,809695.2,0.32387807999999996,0,0,0,0,0,-1,55.2,1
MPLAD104837,Madhya Pradesh,Bhopal,MP_033,Vendor_082,3438703.03,0.0,0.0,0,0,0,0,1,1,60.0,1
MPLAD104838,Jharkhand,Ranchi,MP_109,Vendor_104,943383.37,429223.85,0.4549834814238881,0,0,0,0,0,1,21.1,0
MPLAD104839,Kerala,Kochi,MP_082,Vendor_089,865992.95,0.0,0.0,0,1,0,0,1,-1,85.0,1
MPLAD104840,Kerala,Kochi,MP_108,Vendor_046,2726568.89,1107631.0,0.4062362055337615,0,0,0,0,0,1,34.4,0
MPLAD104841,Telangana,Hyderabad,MP_140,Vendor_064,881314.96,0.0,0.0,0,0,0,0,1,-1,60.0,1
MPLAD104842,Kerala,Thiruvananthapuram,MP_134,Vendor_117,2832524.91,0.0,0.0,0,0,0,0,1,1,60.0,1
MPLAD104843,Punjab,Ludhiana,MP_101,Vendor_076,581087.21,519958.68,0.8948031742085668,0,0,0,0,0,1,31.5,0
MPLAD104844,Bihar,Bhagalpur,MP_147,Vendor_060,5797085.59,0.0,0.0,0,0,0,0,1,1,60.0,1
MPLAD104845,West Bengal,Siliguri,MP_032,Vendor_042,1855691.35,0.0,0.0,0,0,0,0,1,1,60.0,1
MPLAD104846,Kerala,Kochi,MP_086,Vendor_084,498833.72,281326.3,0.5639680894066263,0,0,0,0,0,-1,40.9,1
MPLAD104847,Haryana,Gurugram,MP_138,Vendor_109,545580.59,0.0,0.0,0,0,0,0,1,1,60.0,1
MPLAD104848,Bihar,Patna,MP_120,Vendor_041,580587.65,580587.65,1.0,0,0,0,0,0,1,32.3,0
MPLAD104849,Assam,Silchar,MP_076,Vendor_045,1703446.07,641124.41,0.3763690681443176,0,0,0,0,0,1,15.4,0
MPLAD104850,Odisha,Bhubaneswar,MP_092,Vendor_035,2124648.62,1905929.77,0.8970564600936224,0,0,0,0,0,-1,67.3,1
MPLAD104851,Assam,Dibrugarh,MP_075,Vendor_051,2090395.66,129861.97,0.062123153279030445,0,0,0,0,0,1,28.2,0
MPLAD104852,Bihar,Patna,MP_120,Vendor_040,631276.75,101859.27,0.16135438221033802,0,0,0,0,0,1,12.9,0
MPLAD104853,Madhya Pradesh,Indore,MP_038,Vendor_106,1390108.7,456934.76,0.32870433801327914,0,0,0,0,0,1,22.9,0
MPLAD104854,Punjab,Jalandhar,MP_139,Vendor_119,695928.12,246897.27,0.3547740964972072,0,0,0,0,0,-1,61.3,1
MPLAD104855,Punjab,Jalandhar,MP_146,Vendor_049,945615.44,908598.46,0.9608540867310712,0,0,0,0,0,1,27.9,0
MPLAD104856,Jharkhand,Ranchi,MP_035,Vendor_066,1754176.55,0.0,0.0,0,0,0,0,1,1,60.0,1
MPLAD104857,West Bengal,Siliguri,MP_111,Vendor_099,854737.7,324630.17,0.3798009260618784,0,0,0,0,0,1,12.8,0
MPLAD104858,Odisha,Cuttack,MP_010,Vendor_064,555694.5,508000.01,0.9141713837369274,0,0,0,0,0,-1,42.3,1
MPLAD104859,Assam,Silchar,MP_129,Vendor_025,618129.73,195742.77,0.3166693988331543,0,0,0,0,0,-1,46.1,1
MPLAD104860,Maharashtra,Mumbai,MP_105,Vendor_064,2011843.59,0.0,0.0,0,0,0,0,1,1,60.0,1
MPLAD104861,Jharkhand,Ranchi,MP_107,Vendor_096,2789635.43,2937419.43,1.0529760980272609,0,0,1,0,0,1,90.0,1
MPLAD104862,Kerala,Kochi,MP_086,Vendor_089,1919188.25,1676737.34,0.8736700737929174,0,0,0,0,0,-1,52.5,1
MPLAD104863,Punjab,Jalandhar,MP_139,Vendor_014,750416.92,214750.66,0.2861751304861303,0,0,0,0,0,1,34.9,0
MPLAD104864,Kerala,Kochi,MP_008,Vendor_022,1038821.35,0.0,0.0,0,0,0,0,1,-1,60.0,1
MPLAD104865,Gujarat,Ahmedabad,MP_047,Vendor_046,2066732.88,0.0,0.0,0,0,0,0,1,1,60.0,1
MPLAD104866,Gujarat,Ahmedabad,MP_021,Vendor_033,1274469.32,0.0,0.0,0,0,0,0,1,-1,60.0,1
MPLAD104867,Maharashtra,Mumbai,MP_067,Vendor_080,1673142.61,1336111.57,0.7985640686062021,0,0,0,0,0,-1,42.7,1
MPLAD104868,Haryana,Panipat,MP_026,Vendor_051,759835.15,1054409.62,1.387682078145503,0,0,1,0,0,-1,90.0,1
MPLAD104869,Bihar,Patna,MP_050,Vendor_002,801823.46,370801.75,0.46244811794356827,0,0,0,0,0,1,8.1,0
MPLAD104870,Punjab,Amritsar,MP_098,Vendor_114,2374757.18,2038263.53,0.858303976156417,0,0,0,0,0,1,36.3,0
MPLAD104871,Andhra Pradesh,Guntur,MP_119,Vendor_089,11566964.73,6903029.12,0.5967882915814856,0,0,0,0,0,-1,88.4,1
MPLAD104872,Gujarat,Ahmedabad,MP_002,Vendor_101,2173893.29,0.0,0.0,0,0,0,0,1,1,60.0,1
MPLAD104873,Tamil Nadu,Chennai,MP_135,Vendor_006,1960160.5,205251.98,0.10471182334303748,0,0,0,0,0,1,25.5,0
MPLAD104874,Assam,Dibrugarh,MP_117,Vendor_071,1518822.28,0.0,0.0,0,1,0,0,1,1,85.0,1
MPLAD104875,Odisha,Rourkela,MP_090,Vendor_075,845371.81,809706.57,0.9578111789651466,0,0,0,0,0,-1,49.8,1
MPLAD104876,Gujarat,Ahmedabad,MP_047,Vendor_045,978486.99,0.0,0.0,0,0,0,0,1,1,60.0,1
MPLAD104877,Haryana,Faridabad,MP_137,Vendor_110,3388627.16,1918828.95,0.5662555540633747,0,0,0,0,0,1,15.6,0
MPLAD104878,Gujarat,Ahmedabad,MP_047,Vendor_055,1663257.95,854265.96,0.5136100266347743,0,0,0,0,0,1,25.9,0
MPLAD104879,Odisha,Cuttack,MP_079,Vendor_113,743324.32,721258.83,0.9703151243591761,0,0,0,0,0,1,27.8,0
MPLAD104880,West Bengal,Kolkata,MP_056,Vendor_006,522507.97,0.0,0.0,0,0,0,0,1,-1,60.0,1
MPLAD104881,Madhya Pradesh,Bhopal,MP_084,Vendor_016,3343143.43,1946240.48,0.5821588336699033,0,0,0,0,0,1,13.6,0
MPLAD104882,Gujarat,Ahmedabad,MP_095,Vendor_061,1094156.88,0.0,0.0,0,0,0,0,1,-1,60.0,1
MPLAD104883,Tamil Nadu,Chennai,MP_135,Vendor_095,768176.26,668732.77,0.8705459994298704,0,0,0,0,0,1,31.4,0
MPLAD104884,Jharkhand,Ranchi,MP_107,Vendor_023,899929.47,830114.29,0.9224214982091875,0,0,0,0,0,1,18.7,0
MPLAD104885,Maharashtra,Nashik,MP_011,Vendor_043,6106218.26,1869792.67,0.3062112408016021,0,0,0,0,0,1,21.3,0
MPLAD104886,Kerala,Kochi,MP_073,Vendor_056,598726.03,270969.98,0.45257758377400087,0,0,0,0,0,1,21.7,0
MPLAD104887,Odisha,Cuttack,MP_017,Vendor_116,428024.5,0.0,0.0,0,0,0,0,1,-1,60.0,1
MPLAD104888,Punjab,Ludhiana,MP_101,Vendor_086,1562905.29,1527347.2,0.97724872375344,0,0,0,0,0,1,27.1,0
MPLAD104889,Kerala,Thiruvananthapuram,MP_102,Vendor_096,623880.43,549657.36,0.8810299755675939,0,0,0,0,0,1,33.5,0
MPLAD104890,Tamil Nadu,Coimbatore,MP_078,Vendor_021,608344.02,599595.18,0.9856185978453442,0,0,0,0,0,1,21.0,0
MPLAD104891,Karnataka,Mysuru,MP_034,Vendor_071,959425.85,504304.87,0.5256319391436034,0,0,0,0,0,1,22.4,0
MPLAD104892,Gujarat,Ahmedabad,MP_047,Vendor_096,1256392.34,0.0,0.0,0,1,0,0,1,-1,85.0,1
MPLAD104893,Chhattisgarh,Bilaspur,MP_058,Vendor_019,1098506.29,444507.9,0.40464756920053685,0,0,0,0,0,1,36.6,0
MPLAD104894,Jharkhand,Jamshedpur,MP_031,Vendor_120,2198307.61,0.0,0.0,0,1,0,0,1,1,85.0,1
MPLAD104895,Odisha,Cuttack,MP_017,Vendor_076,435329.52,0.0,0.0,0,0,0,0,1,1,60.0,1
MPLAD104896,Gujarat,Surat,MP_122,Vendor_063,863107.34,388855.69,0.45052993061094815,0,0,0,0,0,1,16.9,0
MPLAD104897,Madhya Pradesh,Indore,MP_150,Vendor_119,3101144.02,2963748.72,0.9556952856384916,0,0,0,0,0,-1,64.8,1
MPLAD104898,Kerala,Thiruvananthapuram,MP_102,Vendor_057,1091391.06,1037519.04,0.950639122882315,0,0,0,0,0,1,27.5,0
MPLAD104899,Jharkhand,Ranchi,MP_109,Vendor_036,1092844.05,535570.57,0.4900704450923258,0,0,0,0,0,1,17.5,0
MPLAD104900,Rajasthan,Jodhpur,MP_063,Vendor_048,928772.03,398922.07,0.4295155938319977,0,0,0,0,0,1,35.7,0
MPLAD104901,Chhattisgarh,Raipur,MP_005,Vendor_076,2483661.03,1463000.39,0.5890499437437322,0,0,0,0,0,1,15.0,0
MPLAD104902,Odisha,Cuttack,MP_017,Vendor_072,517347.04,472267.35,0.9128637326310014,0,0,0,0,0,1,34.9,0
MPLAD104903,Chhattisgarh,Raipur,MP_020,Vendor_002,2284968.72,1015361.21,0.44436547472737387,0,0,0,0,0,1,11.0,0
MPLAD104904,Kerala,Kochi,MP_108,Vendor_006,952952.85,1216126.56,1.2761665595522382,0,0,1,0,0,-1,90.0,1
MPLAD104905,Karnataka,Mysuru,MP_062,Vendor_113,1529549.91,1529549.91,1.0,0,0,0,0,0,-1,47.8,1
MPLAD104906,Assam,Dibrugarh,MP_075,Vendor_038,1341285.88,871678.52,0.6498827229881822,0,0,0,0,0,1,16.3,0
MPLAD104907,Assam,Guwahati,MP_024,Vendor_006,3379038.17,2994699.11,0.8862578518904389,0,0,0,0,0,1,22.4,0
MPLAD104908,Gujarat,Vadodara,MP_093,Vendor_087,676024.95,106008.18,0.15681104669287724,0,0,0,0,0,1,21.0,0
MPLAD104909,Assam,Guwahati,MP_133,Vendor_092,1585993.08,335537.69,0.21156314881273,0,0,0,0,0,1,12.3,0
MPLAD104910,Haryana,Gurugram,MP_138,Vendor_060,1094011.7,1010448.7,0.9236178187125421,0,0,0,0,0,-1,42.6,1
MPLAD104911,Jharkhand,Jamshedpur,MP_046,Vendor_041,1411857.82,1356368.99,0.9606980042792127,0,0,0,0,0,1,21.4,0
MPLAD104912,Chhattisgarh,Bilaspur,MP_058,Vendor_115,1466001.55,0.0,0.0,0,0,0,0,1,1,60.0,1
MPLAD104913,Gujarat,Surat,MP_006,Vendor_115,438229.66,346810.0,0.7913886978804675,0,0,0,0,0,1,27.3,0
MPLAD104914,Chhattisgarh,Raipur,MP_005,Vendor_046,824615.38,806218.89,0.977690823569165,0,0,0,0,0,1,33.4,0
MPLAD104915,Bihar,Bhagalpur,MP_018,Vendor_086,2338023.72,1868075.53,0.798997680827635,0,0,0,0,0,1,22.6,0
MPLAD104916,Kerala,Kochi,MP_022,Vendor_011,641637.74,457628.31,0.7132191289122114,0,0,0,0,0,-1,72.8,1
MPLAD104917,Assam,Guwahati,MP_148,Vendor_113,920903.98,0.0,0.0,0,0,0,0,1,1,60.0,1
MPLAD104918,Punjab,Jalandhar,MP_139,Vendor_101,3072922.45,0.0,0.0,0,1,0,0,1,1,85.0,1
MPLAD104919,Andhra Pradesh,Vijayawada,MP_116,Vendor_059,887460.1,885643.55,0.9979530910741791,0,0,0,0,0,-1,63.9,1
MPLAD104920,Maharashtra,Pune,MP_014,Vendor_097,274524.66,243604.42,0.8873680783358407,0,0,0,0,0,-1,50.4,1
MPLAD104921,Odisha,Rourkela,MP_013,Vendor_008,1583499.83,0.0,0.0,0,0,0,0,1,-1,60.0,1
MPLAD104922,Assam,Silchar,MP_076,Vendor_113,854370.45,0.0,0.0,0,0,0,0,1,1,60.0,1
MPLAD104923,Bihar,Bhagalpur,MP_070,Vendor_077,6707328.22,5975789.2,0.8909343637279168,0,0,0,0,0,1,17.3,0
MPLAD104924,Punjab,Amritsar,MP_012,Vendor_109,880509.56,796487.39,0.9045755164770726,0,0,0,0,0,1,31.1,0
MPLAD104925,Chhattisgarh,Bilaspur,MP_080,Vendor_116,500000.0,500000.0,1.0,0,0,0,0,1,-1,60.0,1
MPLAD104926,Gujarat,Vadodara,MP_040,Vendor_012,2159322.71,819098.7,0.37933130430513556,0,0,0,0,0,1,21.8,0
MPLAD104927,Maharashtra,Nashik,MP_011,Vendor_064,1221275.59,0.0,0.0,0,0,0,0,1,1,60.0,1
MPLAD104928,West Bengal,Kolkata,MP_054,Vendor_100,2195887.55,1699231.2,0.7738243244741745,0,0,0,0,0,1,25.2,0
MPLAD104929,Odisha,Cuttack,MP_017,Vendor_050,901635.47,808399.53,0.8965924222124936,0,0,0,0,0,1,33.0,0
MPLAD104930,Odisha,Bhubaneswar,MP_092,Vendor_014,1041688.5,917258.99,0.8805501740683516,0,0,0,0,0,-1,39.3,1
MPLAD104931,Assam,Dibrugarh,MP_117,Vendor_041,672581.51,0.0,0.0,0,1,0,0,1,1,85.0,1
MPLAD104932,Assam,Silchar,MP_076,Vendor_105,1431977.99,670638.97,0.46833050136475907,0,0,0,0,0,1,37.2,0
MPLAD104933,Odisha,Bhubaneswar,MP_092,Vendor_036,861494.39,0.0,0.0,0,0,0,0,1,1,60.0,1
MPLAD104934,Tamil Nadu,Coimbatore,MP_128,Vendor_116,738441.49,723512.78,0.9797834896844705,0,0,0,0,0,-1,57.4,1
MPLAD104935,Bihar,Patna,MP_050,Vendor_065,1273114.29,410163.45,0.322173314070648,0,0,0,0,0,1,22.9,0
MPLAD104936,Rajasthan,Udaipur,MP_052,Vendor_108,2500000.0,2500000.0,1.0,0,0,0,0,1,1,60.0,1
MPLAD104937,Gujarat,Vadodara,MP_025,Vendor_028,868568.99,810036.79,0.932610764747657,0,0,0,0,0,1,25.5,0
MPLAD104938,Chhattisgarh,Bilaspur,MP_058,Vendor_086,1723656.52,1143792.34,0.6635848422979307,0,0,0,0,0,1,35.2,0
MPLAD104939,Bihar,Bhagalpur,MP_110,Vendor_089,1085873.36,0.0,0.0,0,0,0,0,1,1,60.0,1
MPLAD104940,Odisha,Cuttack,MP_079,Vendor_043,989863.38,57652.06,0.05824244149733067,0,0,0,0,0,1,16.9,0
MPLAD104941,Chhattisgarh,Bilaspur,MP_130,Vendor_075,457021.31,455753.59,0.9972261249699714,0,0,0,0,0,-1,61.2,1
MPLAD104942,Punjab,Ludhiana,MP_149,Vendor_109,1513165.96,703398.48,0.46485216994968614,0,0,0,0,0,-1,43.7,1
MPLAD104943,Tamil Nadu,Madurai,MP_145,Vendor_078,627356.52,295019.65,0.4702583628205538,0,0,0,0,0,1,16.5,0
MPLAD104944,Jharkhand,Jamshedpur,MP_046,Vendor_044,2473369.81,1327775.2,0.5368284170978863,0,0,0,0,0,1,21.6,0
MPLAD104945,Maharashtra,Mumbai,MP_069,Vendor_074,606346.61,0.0,0.0,0,0,0,0,1,1,60.0,1
MPLAD104946,Bihar,Bhagalpur,MP_018,Vendor_120,1015940.92,0.0,0.0,0,0,0,0,1,1,60.0,1
MPLAD104947,Punjab,Jalandhar,MP_115,Vendor_063,1096486.97,958866.72,0.8744898445988829,0,0,0,0,0,1,35.3,0
MPLAD104948,Rajasthan,Jodhpur,MP_099,Vendor_097,1131977.79,56251.28,0.04969291844498115,0,0,0,0,0,-1,83.5,1
MPLAD104949,Chhattisgarh,Bilaspur,MP_058,Vendor_080,2197768.75,1016223.17,0.46238857932619165,0,0,0,0,0,1,27.9,0
MPLAD104950,Kerala,Kochi,MP_082,Vendor_014,1081881.69,326575.2,0.30185851467733044,0,0,0,0,0,-1,44.6,1
MPLAD104951,Karnataka,Mysuru,MP_034,Vendor_071,1372905.82,0.0,0.0,0,0,0,0,1,1,60.0,1
MPLAD104952,Odisha,Rourkela,MP_106,Vendor_090,1315637.41,589411.22,0.4480043023404146,0,0,0,0,0,1,10.1,0
MPLAD104953,Kerala,Thiruvananthapuram,MP_134,Vendor_098,1174485.45,677525.65,0.5768701945179483,0,0,0,0,0,1,33.6,0
MPLAD104954,Tamil Nadu,Madurai,MP_042,Vendor_051,903771.93,346603.49,0.3835076953540701,0,0,0,0,0,1,26.7,0
MPLAD104955,Karnataka,Hubballi,MP_029,Vendor_053,2785420.13,2648201.25,0.950736738590311,0,0,0,0,0,1,36.5,0
MPLAD104956,Rajasthan,Jaipur,MP_121,Vendor_033,969489.54,421805.47,0.4350799597074559,0,0,0,0,0,1,33.9,0
MPLAD104957,Bihar,Patna,MP_028,Vendor_052,2616017.5,0.0,0.0,0,0,0,0,1,-1,60.0,1
MPLAD104958,Haryana,Faridabad,MP_137,Vendor_089,420946.34,0.0,0.0,0,0,0,0,1,1,60.0,1
MPLAD104959,Andhra Pradesh,Vijayawada,MP_116,Vendor_056,857139.52,818400.13,0.9548038690363968,0,0,0,0,0,-1,58.4,1
MPLAD104960,Assam,Dibrugarh,MP_123,Vendor_049,312378.06,276263.64,0.8843887435628482,0,0,0,0,0,-1,47.3,1
MPLAD104961,Rajasthan,Udaipur,MP_023,Vendor_055,1459396.93,985801.71,0.6754856679053038,0,0,0,0,0,1,12.3,0
MPLAD104962,Jharkhand,Jamshedpur,MP_132,Vendor_025,785849.48,0.0,0.0,0,0,0,0,1,1,60.0,1
MPLAD104963,West Bengal,Siliguri,MP_032,Vendor_081,1544396.91,1441936.12,0.933656439392902,0,0,0,0,0,-1,48.7,1
MPLAD104964,Haryana,Gurugram,MP_126,Vendor_073,1915597.4,765151.27,0.399432192797923,0,0,0,0,0,1,13.2,0
MPLAD104965,West Bengal,Kolkata,MP_054,Vendor_051,950466.69,0.0,0.0,0,0,0,0,1,-1,60.0,1
MPLAD104966,Odisha,Rourkela,MP_090,Vendor_045,1538531.46,1538531.46,1.0,0,0,0,0,0,1,28.0,0
MPLAD104967,Chhattisgarh,Raipur,MP_005,Vendor_023,1072896.49,242915.18,0.22641063911020903,0,0,0,0,0,1,31.5,0
MPLAD104968,Assam,Dibrugarh,MP_065,Vendor_119,856934.44,856934.44,1.0,0,0,0,0,0,1,30.1,0
MPLAD104969,Maharashtra,Mumbai,MP_105,Vendor_046,1363497.88,1363497.88,1.0,0,0,0,0,0,1,21.7,0
MPLAD104970,Punjab,Jalandhar,MP_114,Vendor_048,1055433.78,0.0,0.0,0,0,0,0,1,-1,60.0,1
MPLAD104971,Rajasthan,Udaipur,MP_023,Vendor_070,636963.32,148963.22,0.23386467528459884,0,0,0,0,0,1,7.2,0
MPLAD104972,Karnataka,Mysuru,MP_019,Vendor_086,2821052.23,3418909.16,1.2119269269963144,0,0,1,0,0,1,90.0,1
MPLAD104973,Odisha,Cuttack,MP_079,Vendor_051,558881.65,210463.82,0.3765803010351118,0,0,0,0,0,1,30.4,0
MPLAD104974,Punjab,Jalandhar,MP_114,Vendor_014,2142531.83,2028603.52,0.9468253827528901,0,0,0,0,0,1,20.2,0
MPLAD104975,Assam,Dibrugarh,MP_075,Vendor_027,968197.56,530953.81,0.5483940798198252,0,0,0,0,0,1,14.0,0
MPLAD104976,Bihar,Patna,MP_120,Vendor_020,1875539.9,0.0,0.0,0,0,0,0,1,1,60.0,1
MPLAD104977,Andhra Pradesh,Guntur,MP_119,Vendor_081,221676.79,221676.79,1.0,0,0,0,0,0,-1,59.9,1
MPLAD104978,Haryana,Gurugram,MP_138,Vendor_017,5284089.2,3664133.04,0.693427552282804,0,0,0,0,0,1,23.7,0
MPLAD104979,Gujarat,Vadodara,MP_040,Vendor_089,383153.87,311764.41,0.8136793972614709,0,0,0,0,0,1,36.9,0
MPLAD104980,Rajasthan,Udaipur,MP_023,Vendor_115,1048488.14,306696.38,0.29251297015147926,0,0,0,0,0,1,25.8,0
MPLAD104981,Jharkhand,Ranchi,MP_109,Vendor_080,733141.29,246170.4,0.3357748408904919,0,0,0,0,0,1,35.2,0
MPLAD104982,Assam,Silchar,MP_129,Vendor_016,1084608.94,1061089.52,0.9783152995216876,0,0,0,0,0,1,25.3,0
MPLAD104983,Jharkhand,Jamshedpur,MP_046,Vendor_107,310115.08,272726.9,0.8794377235702308,0,0,0,0,0,-1,41.9,1
MPLAD104984,Uttar Pradesh,Varanasi,MP_007,Vendor_120,1081949.72,1364350.05,1.261010585593571,0,0,1,0,0,-1,90.0,1
MPLAD104985,Chhattisgarh,Raipur,MP_020,Vendor_008,1009602.61,364943.88,0.3614727976980963,0,0,0,0,0,-1,48.0,1
MPLAD104986,Assam,Dibrugarh,MP_065,Vendor_012,923098.92,616070.56,0.6673938693374271,0,0,0,0,0,1,14.2,0
MPLAD104987,Kerala,Thiruvananthapuram,MP_083,Vendor_078,4693952.78,2163750.94,0.4609656384314969,0,0,0,0,0,1,16.6,0
MPLAD104988,Punjab,Ludhiana,MP_124,Vendor_107,1833234.61,1526434.16,0.8326452881009048,0,0,0,0,0,-1,60.7,1
MPLAD104989,Rajasthan,Jodhpur,MP_063,Vendor_018,635276.86,0.0,0.0,0,0,0,0,1,1,60.0,1
MPLAD104990,Odisha,Cuttack,MP_039,Vendor_084,380428.65,343465.06,0.9028369971609655,0,0,0,0,0,-1,40.2,1
MPLAD104991,Odisha,Bhubaneswar,MP_092,Vendor_078,788770.17,945500.16,1.1987017206799289,0,0,1,0,0,-1,90.0,1
MPLAD104992,Andhra Pradesh,Guntur,MP_036,Vendor_091,1384977.59,220642.39,0.15931116257267383,0,0,0,0,0,-1,47.7,1
MPLAD104993,Gujarat,Ahmedabad,MP_100,Vendor_061,2729279.51,3074047.28,1.1263218987783337,0,0,1,0,0,-1,90.0,1
MPLAD104994,Gujarat,Surat,MP_053,Vendor_081,2437880.08,2157111.16,0.8848307091462843,0,0,0,0,0,1,29.6,0
MPLAD104995,Gujarat,Surat,MP_053,Vendor_002,2832205.73,923746.24,0.3261578882548197,0,0,0,0,0,1,26.3,0
MPLAD104996,Kerala,Thiruvananthapuram,MP_134,Vendor_049,3316410.13,1246506.96,0.37586031616662563,0,0,0,0,0,1,2.0,0
MPLAD104997,Madhya Pradesh,Bhopal,MP_084,Vendor_102,1964331.45,762080.4,0.38795917053611295,0,0,0,0,0,1,11.6,0
MPLAD104998,Odisha,Cuttack,MP_079,Vendor_071,1295272.57,0.0,0.0,0,1,0,0,1,1,85.0,1
MPLAD104999,Assam,Dibrugarh,MP_117,Vendor_040,396040.64,240123.58,0.6063104533918539,0,0,0,0,0,1,30.3,0
MPLAD105000,Chhattisgarh,Raipur,MP_005,Vendor_058,4085602.11,1215957.36,0.29762011259583965,0,0,0,0,0,1,29.0,0
MPLAD105001,Punjab,Jalandhar,MP_144,Vendor_027,306956.52,0.0,0.0,0,0,0,0,1,1,60.0,1
MPLAD105002,Uttar Pradesh,Varanasi,MP_096,Vendor_118,2758102.03,90897.69,0.03295660893299151,0,1,0,0,0,-1,85.0,1
MPLAD105003,Assam,Silchar,MP_016,Vendor_067,706097.51,0.0,0.0,0,0,0,0,1,1,60.0,1
MPLAD105004,Maharashtra,Mumbai,MP_105,Vendor_089,3238134.64,569637.62,0.1759153597146288,0,0,0,0,0,-1,39.5,1
MPLAD105005,Gujarat,Vadodara,MP_093,Vendor_016,1266724.68,0.0,0.0,0,0,0,0,1,1,60.0,1
MPLAD105006,Tamil Nadu,Madurai,MP_145,Vendor_119,574176.49,203213.33,0.3539213700651519,0,0,0,0,0,1,22.4,0
MPLAD105007,Chhattisgarh,Raipur,MP_048,Vendor_112,780016.44,766650.09,0.9828640150199911,0,0,0,0,0,1,22.3,0
MPLAD105008,Assam,Guwahati,MP_148,Vendor_091,8971542.34,4798242.8,0.5348291986102358,0,0,0,0,0,-1,39.6,1
MPLAD105009,Chhattisgarh,Raipur,MP_005,Vendor_009,3354511.75,2997374.19,0.8935351590287319,0,0,0,0,0,1,37.7,0
MPLAD105010,Gujarat,Ahmedabad,MP_047,Vendor_090,1920184.67,1015075.91,0.528634524511645,0,0,0,0,0,1,18.6,0
MPLAD105011,Madhya Pradesh,Indore,MP_038,Vendor_025,1279887.62,1092485.23,0.8535790275086808,0,0,0,0,0,1,37.3,0
MPLAD105012,Telangana,Hyderabad,MP_142,Vendor_088,1727559.58,866578.53,0.5016200541112452,0,0,0,0,0,1,15.2,0
MPLAD105013,Gujarat,Ahmedabad,MP_095,Vendor_113,1660578.55,620334.07,0.37356502647827167,0,0,0,0,0,1,21.8,0
MPLAD105014,Odisha,Rourkela,MP_013,Vendor_054,3476624.26,3312299.57,0.952734411972377,0,0,0,0,0,-1,77.9,1
MPLAD105015,Uttar Pradesh,Varanasi,MP_007,Vendor_030,735638.28,0.0,0.0,0,0,0,0,1,-1,60.0,1
MPLAD105016,Gujarat,Ahmedabad,MP_015,Vendor_106,814352.07,109681.99,0.13468620519378063,0,0,0,0,0,1,26.0,0
MPLAD105017,Rajasthan,Jodhpur,MP_099,Vendor_095,826049.99,1088617.85,1.3178595280898195,0,0,1,0,0,-1,90.0,1
MPLAD105018,Maharashtra,Nashik,MP_011,Vendor_046,856542.13,478973.71,0.5591945722506376,0,0,0,0,0,1,27.6,0
MPLAD105019,Telangana,Hyderabad,MP_143,Vendor_001,1881134.68,1236388.99,0.6572570285079217,0,0,0,0,0,1,17.7,0
MPLAD105020,Punjab,Amritsar,MP_098,Vendor_039,2494501.09,2445137.39,0.980210992812194,0,0,0,0,0,-1,55.1,1
MPLAD105021,Gujarat,Vadodara,MP_093,Vendor_011,267339.79,135799.77,0.5079669210483033,0,0,0,0,0,-1,62.6,1
MPLAD105022,Punjab,Jalandhar,MP_114,Vendor_023,1008631.42,193129.73,0.19147701149345517,0,0,0,0,0,1,17.3,0
MPLAD105023,Assam,Dibrugarh,MP_075,Vendor_006,1514327.6,0.0,0.0,0,1,0,0,1,1,85.0,1
MPLAD105024,Kerala,Kochi,MP_008,Vendor_083,1299909.56,713460.42,0.5488538910353117,0,0,0,0,0,1,28.1,0
MPLAD105025,Andhra Pradesh,Guntur,MP_036,Vendor_047,418162.73,157141.04,0.3757892053172697,0,0,0,0,0,-1,53.2,1
MPLAD105026,Haryana,Panipat,MP_026,Vendor_105,3810951.14,4398475.38,1.1541673504635905,0,0,1,0,0,-1,90.0,1
MPLAD105027,Chhattisgarh,Raipur,MP_020,Vendor_085,2426678.66,1497914.81,0.6172695358024864,0,0,0,0,0,1,14.1,0
MPLAD105028,Rajasthan,Jodhpur,MP_063,Vendor_009,1780056.08,0.0,0.0,0,0,0,0,1,1,60.0,1
MPLAD105029,Assam,Silchar,MP_016,Vendor_044,2205310.97,1975135.11,0.8956265746050317,0,0,0,0,0,1,20.2,0
MPLAD105030,Assam,Silchar,MP_088,Vendor_029,814054.1,348279.17,0.4278329536083658,0,0,0,0,0,1,3.8,0
MPLAD105031,Kerala,Thiruvananthapuram,MP_074,Vendor_014,1395054.04,413650.29,0.2965120189896013,0,0,0,0,0,1,8.9,0
MPLAD105032,Kerala,Thiruvananthapuram,MP_134,Vendor_051,920580.9,0.0,0.0,0,0,0,0,1,1,60.0,1
MPLAD105033,Madhya Pradesh,Indore,MP_038,Vendor_004,1163909.91,404368.68,0.34742266263546123,0,0,0,0,0,1,29.7,0
MPLAD105034,Tamil Nadu,Chennai,MP_066,Vendor_062,805469.77,240913.91,0.29909739505183414,0,0,0,0,0,1,12.5,0
MPLAD105035,Odisha,Cuttack,MP_079,Vendor_105,1368908.0,1193707.34,0.8720142916835902,0,0,0,0,0,1,13.8,0
MPLAD105036,West Bengal,Siliguri,MP_111,Vendor_019,876476.45,0.0,0.0,0,0,0,0,1,1,60.0,1
MPLAD105037,Tamil Nadu,Coimbatore,MP_128,Vendor_083,385690.01,190520.15,0.49397221877745806,0,0,0,0,0,1,15.4,0
MPLAD105038,Haryana,Faridabad,MP_112,Vendor_088,2461196.95,0.0,0.0,0,1,0,0,1,1,85.0,1
MPLAD105039,Assam,Silchar,MP_088,Vendor_035,1372482.33,499912.45,0.36423962558410494,0,0,0,0,0,-1,49.0,1
MPLAD105040,Telangana,Hyderabad,MP_140,Vendor_026,679235.67,71362.41,0.10506281273479057,0,0,0,0,0,-1,42.3,1
MPLAD105041,Maharashtra,Pune,MP_127,Vendor_048,816455.4,62725.57,0.07682669500379323,0,0,0,0,0,1,19.4,0
MPLAD105042,Punjab,Jalandhar,MP_144,Vendor_090,13603890.8,11763076.1,0.8646846900594056,0,0,0,0,0,1,27.8,0
MPLAD105043,Telangana,Hyderabad,MP_142,Vendor_019,1188152.43,145592.84,0.1225371731133858,0,0,0,0,0,1,34.7,0
MPLAD105044,Kerala,Thiruvananthapuram,MP_134,Vendor_059,472719.27,0.0,0.0,0,0,0,0,1,1,60.0,1
MPLAD105045,Punjab,Ludhiana,MP_030,Vendor_052,308912.63,274162.4,0.8875079015060019,0,0,0,0,0,-1,60.9,1
MPLAD105046,Gujarat,Vadodara,MP_093,Vendor_051,1382528.33,614346.38,0.444364405899733,0,0,0,0,0,1,17.9,0
MPLAD105047,Andhra Pradesh,Guntur,MP_119,Vendor_105,2198220.83,969769.4,0.4411610456807472,0,0,0,0,0,-1,40.8,1
MPLAD105048,Kerala,Thiruvananthapuram,MP_083,Vendor_082,353825.21,302076.7,0.8537455541960959,0,0,0,0,0,-1,47.5,1
MPLAD105049,Maharashtra,Pune,MP_014,Vendor_087,1981099.48,880822.73,0.4446130741501179,0,0,0,0,0,1,16.3,0
MPLAD105050,Bihar,Gaya,MP_072,Vendor_117,651146.88,0.0,0.0,0,0,0,0,1,1,60.0,1
MPLAD105051,Assam,Dibrugarh,MP_065,Vendor_036,818911.03,774958.88,0.9463285407207178,0,0,0,0,0,-1,40.4,1
MPLAD105052,Haryana,Gurugram,MP_138,Vendor_075,1210630.69,603880.53,0.4988148202322544,0,0,0,0,0,-1,41.7,1
MPLAD105053,Gujarat,Ahmedabad,MP_002,Vendor_037,1227301.01,1107093.57,0.9020554541872332,0,0,0,0,0,1,28.5,0
MPLAD105054,Odisha,Bhubaneswar,MP_092,Vendor_014,1956386.06,1794954.6,0.9174848649248707,0,0,0,0,0,1,37.4,0
MPLAD105055,Bihar,Bhagalpur,MP_018,Vendor_118,2440191.67,1156168.91,0.47380249847340883,0,0,0,0,0,1,16.7,0
MPLAD105056,Punjab,Amritsar,MP_012,Vendor_032,1172953.82,395115.69,0.3368552821627709,0,0,0,0,0,1,23.8,0
MPLAD105057,Punjab,Ludhiana,MP_149,Vendor_070,547163.83,146342.04,0.26745561745190655,0,0,0,0,0,1,10.3,0
MPLAD105058,Kerala,Thiruvananthapuram,MP_083,Vendor_045,775031.23,765437.79,0.9876218665407845,0,0,0,0,0,-1,46.2,1
MPLAD105059,Telangana,Hyderabad,MP_140,Vendor_034,1464520.96,1144377.31,0.7814004314421011,0,0,0,0,0,1,18.0,0
MPLAD105060,Tamil Nadu,Madurai,MP_125,Vendor_115,2778380.38,591772.83,0.21299201299427545,0,0,0,0,0,1,10.1,0
MPLAD105061,Uttar Pradesh,Varanasi,MP_007,Vendor_040,2540533.42,0.0,0.0,0,0,0,0,1,1,60.0,1
MPLAD105062,Jharkhand,Ranchi,MP_107,Vendor_087,1064919.14,1064919.14,1.0,0,0,0,0,0,-1,49.4,1
MPLAD105063,Rajasthan,Jaipur,MP_121,Vendor_062,814652.24,952567.2,1.1692930470552685,0,0,1,0,0,-1,90.0,1
MPLAD105064,Kerala,Kochi,MP_008,Vendor_103,1000000.0,246006.97,0.24600697,0,0,0,0,0,1,30.6,0
MPLAD105065,Maharashtra,Mumbai,MP_105,Vendor_030,3213947.45,1728277.82,0.5377430237697259,0,0,0,0,0,1,31.6,0
MPLAD105066,West Bengal,Siliguri,MP_111,Vendor_035,1873352.39,1873352.39,1.0,0,0,0,0,0,-1,61.9,1
MPLAD105067,Maharashtra,Nashik,MP_011,Vendor_056,855958.09,0.0,0.0,0,1,0,0,1,1,85.0,1
MPLAD105068,Jharkhand,Jamshedpur,MP_118,Vendor_073,1732211.44,1655631.94,0.9557909050641069,0,0,0,0,0,1,11.4,0
MPLAD105069,Punjab,Jalandhar,MP_045,Vendor_034,810307.81,368759.26,0.45508540760578375,0,0,0,0,0,1,18.4,0
MPLAD105070,Bihar,Patna,MP_120,Vendor_050,508871.18,0.0,0.0,0,0,0,0,1,1,60.0,1
MPLAD105071,Punjab,Amritsar,MP_098,Vendor_034,536734.74,485857.23,0.905209210046661,0,0,0,0,0,-1,41.2,1
MPLAD105072,Bihar,Patna,MP_028,Vendor_021,852561.76,241465.04,0.283222930383366,0,0,0,0,0,1,11.7,0
MPLAD105073,Kerala,Thiruvananthapuram,MP_083,Vendor_093,764143.86,0.0,0.0,0,1,0,0,1,-1,85.0,1
MPLAD105074,Jharkhand,Ranchi,MP_051,Vendor_049,1693370.37,575951.35,0.3401213108506203,0,0,0,0,0,1,8.7,0
MPLAD105075,Assam,Dibrugarh,MP_117,Vendor_092,546019.97,269768.25,0.49406297355754225,0,0,0,0,0,1,18.3,0
MPLAD105076,Assam,Silchar,MP_016,Vendor_051,524416.35,219123.0,0.4178416634035152,0,0,0,0,0,1,27.8,0
MPLAD105077,Tamil Nadu,Madurai,MP_145,Vendor_089,2224890.56,810840.2,0.3644404873559264,0,0,0,0,0,1,30.3,0
MPLAD105078,Tamil Nadu,Madurai,MP_042,Vendor_075,1912726.73,365832.56,0.19126232423175266,0,0,0,0,0,-1,39.5,1
MPLAD105079,Karnataka,Mysuru,MP_062,Vendor_049,2131786.5,1810921.3,0.8494853025854137,0,0,0,0,0,1,37.8,0
MPLAD105080,Kerala,Kochi,MP_085,Vendor_118,762532.61,0.0,0.0,0,0,0,0,1,-1,60.0,1
MPLAD105081,Haryana,Faridabad,MP_055,Vendor_093,444648.51,224921.82,0.505841838984235,0,0,0,0,0,1,3.7,0
MPLAD105082,West Bengal,Kolkata,MP_054,Vendor_077,1459062.2,695953.93,0.47698715654479984,0,0,0,0,0,1,18.7,0
MPLAD105083,Andhra Pradesh,Vijayawada,MP_116,Vendor_051,2055739.39,644111.35,0.3133234461202789,0,0,0,0,0,-1,43.0,1
MPLAD105084,Bihar,Gaya,MP_060,Vendor_093,1403654.29,0.0,0.0,0,0,0,0,1,1,60.0,1
MPLAD105085,Assam,Dibrugarh,MP_075,Vendor_081,1535383.04,1788984.48,1.165171448031626,0,0,1,0,0,-1,90.0,1
MPLAD105086,Andhra Pradesh,Guntur,MP_036,Vendor_007,668676.01,0.0,0.0,0,0,0,0,1,-1,60.0,1
MPLAD105087,Assam,Dibrugarh,MP_075,Vendor_120,1529673.75,0.0,0.0,0,0,0,0,1,1,60.0,1
MPLAD105088,Punjab,Ludhiana,MP_101,Vendor_017,1178980.75,740307.74,0.627921821454676,0,0,0,0,0,1,31.9,0
MPLAD105089,Assam,Guwahati,MP_024,Vendor_096,1027025.07,984148.05,0.9582512430782241,0,0,0,0,0,1,32.7,0
MPLAD105090,Assam,Guwahati,MP_133,Vendor_118,2363510.8,2155920.36,0.9121686095109022,0,0,0,0,0,1,31.4,0
MPLAD105091,Haryana,Faridabad,MP_112,Vendor_093,1331733.69,409373.9,0.3073992218369125,0,0,0,0,0,1,31.2,0
MPLAD105092,Kerala,Kochi,MP_073,Vendor_104,337540.88,308027.81,0.9125644573777256,0,0,0,0,0,1,26.0,0
MPLAD105093,Odisha,Cuttack,MP_010,Vendor_068,367662.53,130184.52,0.3540869938527595,0,0,0,0,0,-1,49.1,1
MPLAD105094,Karnataka,Hubballi,MP_029,Vendor_074,1561644.26,0.0,0.0,0,0,0,0,1,1,60.0,1
MPLAD105095,Punjab,Jalandhar,MP_115,Vendor_071,1100007.17,0.0,0.0,0,0,0,0,1,1,60.0,1
MPLAD105096,Assam,Dibrugarh,MP_123,Vendor_045,1274034.83,0.0,0.0,0,0,0,0,1,1,60.0,1
MPLAD105097,Maharashtra,Nashik,MP_011,Vendor_118,1152235.63,1152235.63,1.0,0,0,0,0,0,1,33.2,0
MPLAD105098,Kerala,Kochi,MP_082,Vendor_082,853813.06,314928.07,0.3688489726310816,0,0,0,0,0,-1,41.8,1
MPLAD105099,Assam,Guwahati,MP_024,Vendor_035,773320.56,661117.03,0.854906831909396,0,0,0,0,0,-1,53.8,1
MPLAD105100,Odisha,Bhubaneswar,MP_092,Vendor_020,338184.83,298582.11,0.8828962257118392,0,0,0,0,0,1,20.6,0
MPLAD105101,Karnataka,Hubballi,MP_029,Vendor_096,1322986.57,1790643.29,1.353485613992287,0,0,1,0,0,-1,90.0,1
MPLAD105102,Tamil Nadu,Coimbatore,MP_128,Vendor_064,569368.14,536082.2,0.9415388082655977,0,0,0,0,0,1,30.7,0
MPLAD105103,Tamil Nadu,Madurai,MP_125,Vendor_059,2808422.6,0.0,0.0,0,0,0,0,1,1,60.0,1
MPLAD105104,Chhattisgarh,Bilaspur,MP_080,Vendor_021,438019.1,136496.42,0.3116220731013785,0,0,0,0,0,1,17.3,0
MPLAD105105,Punjab,Jalandhar,MP_139,Vendor_056,2403196.81,1238208.57,0.5152339437401301,0,0,0,0,0,1,23.8,0
MPLAD105106,Jharkhand,Ranchi,MP_107,Vendor_095,508502.77,0.0,0.0,0,0,0,0,1,1,60.0,1
MPLAD105107,Punjab,Amritsar,MP_012,Vendor_021,1101271.45,999621.0,0.9076971894622348,0,0,0,0,0,1,33.0,0
MPLAD105108,Telangana,Hyderabad,MP_140,Vendor_021,1511472.94,763414.71,0.5050799718584442,0,0,0,0,0,1,29.1,0
MPLAD105109,Haryana,Faridabad,MP_055,Vendor_115,2280688.09,2106919.21,0.9238085730521792,0,0,0,0,0,1,26.3,0
MPLAD105110,Maharashtra,Pune,MP_014,Vendor_031,852587.49,0.0,0.0,0,0,0,0,1,1,60.0,1
MPLAD105111,Madhya Pradesh,Bhopal,MP_084,Vendor_065,323657.72,0.0,0.0,0,0,0,0,1,1,60.0,1
MPLAD105112,Punjab,Ludhiana,MP_149,Vendor_103,2269040.89,1915886.12,0.8443594509220149,0,0,0,0,0,1,30.4,0
MPLAD105113,Maharashtra,Nashik,MP_068,Vendor_052,3720495.44,114023.42,0.03064737528612587,0,1,0,0,0,-1,85.0,1
MPLAD105114,Kerala,Kochi,MP_085,Vendor_033,1057172.83,992715.56,0.9390286354597289,0,0,0,0,0,-1,66.8,1
MPLAD105115,Haryana,Gurugram,MP_003,Vendor_029,831635.99,482954.85,0.5807286550934382,0,0,0,0,0,1,23.4,0
MPLAD105116,Assam,Silchar,MP_076,Vendor_103,2654250.02,2367064.64,0.8918016849068349,0,0,0,0,0,-1,43.7,1
MPLAD105117,Punjab,Jalandhar,MP_114,Vendor_064,2243583.65,0.0,0.0,0,0,0,0,1,-1,60.0,1
MPLAD105118,Punjab,Amritsar,MP_012,Vendor_026,832332.2,0.0,0.0,0,0,0,0,1,-1,60.0,1
MPLAD105119,Jharkhand,Ranchi,MP_109,Vendor_119,742150.19,419291.4,0.5649683927184604,0,0,0,0,0,1,36.7,0
MPLAD105120,Punjab,Jalandhar,MP_139,Vendor_107,2421544.82,1078720.95,0.4454680917283208,0,0,0,0,0,1,35.6,0
MPLAD105121,Bihar,Patna,MP_050,Vendor_043,4018419.08,3978994.3,0.9901889824791494,0,0,0,0,0,1,18.2,0
MPLAD105122,Chhattisgarh,Bilaspur,MP_058,Vendor_038,2696399.06,0.0,0.0,0,0,0,0,1,1,60.0,1
MPLAD105123,Chhattisgarh,Bilaspur,MP_081,Vendor_025,2825279.33,2660006.32,0.9415020637977058,0,0,0,0,0,1,27.4,0
MPLAD105124,Jharkhand,Jamshedpur,MP_118,Vendor_054,936484.27,1098139.71,1.172619493117594,0,0,1,0,0,-1,90.0,1
MPLAD105125,Rajasthan,Udaipur,MP_044,Vendor_090,1078888.22,352445.98,0.32667515824762644,0,0,0,0,0,1,17.0,0
MPLAD105126,Kerala,Kochi,MP_008,Vendor_065,647772.61,70614.78,0.10901167926813084,0,0,0,0,0,1,31.0,0
MPLAD105127,West Bengal,Siliguri,MP_111,Vendor_085,1251015.61,578869.52,0.46271966182740115,0,0,0,0,0,1,21.7,0
MPLAD105128,Assam,Silchar,MP_088,Vendor_096,2355153.66,1980099.33,0.8407516518476336,0,0,0,0,0,1,26.3,0
MPLAD105129,Tamil Nadu,Madurai,MP_125,Vendor_002,3503421.23,2113594.47,0.6032944174400634,0,0,0,0,0,-1,42.5,1
MPLAD105130,Bihar,Patna,MP_120,Vendor_081,2500000.0,0.0,0.0,0,0,0,0,1,1,60.0,1
MPLAD105131,Kerala,Kochi,MP_104,Vendor_016,1017992.32,473619.26,0.46524836258096725,0,0,0,0,0,1,29.5,0
MPLAD105132,Chhattisgarh,Bilaspur,MP_058,Vendor_091,782909.76,686036.89,0.8762655992435194,0,0,0,0,0,1,33.2,0
MPLAD105133,Gujarat,Surat,MP_122,Vendor_027,2000000.0,2000000.0,1.0,0,0,0,0,1,1,60.0,1
MPLAD105134,Haryana,Gurugram,MP_138,Vendor_093,2438942.68,0.0,0.0,0,0,0,0,1,1,60.0,1
MPLAD105135,Karnataka,Hubballi,MP_029,Vendor_079,1601584.73,386951.18,0.24160518813138285,0,0,0,0,0,1,22.0,0
MPLAD105136,Punjab,Jalandhar,MP_146,Vendor_100,2010034.36,1597094.79,0.7945609397443335,0,0,0,0,0,-1,57.1,1
MPLAD105137,Gujarat,Ahmedabad,MP_100,Vendor_084,949482.14,327542.31,0.3449694272290367,0,0,0,0,0,-1,53.1,1
MPLAD105138,Karnataka,Mysuru,MP_019,Vendor_078,937765.26,349992.51,0.3732197437128349,0,0,0,0,0,1,18.1,0
MPLAD105139,Assam,Silchar,MP_129,Vendor_080,296338.58,0.0,0.0,0,0,0,0,1,1,60.0,1
MPLAD105140,Odisha,Rourkela,MP_090,Vendor_068,447313.33,116420.75,0.2602666681093541,0,0,0,0,0,1,33.1,0
MPLAD105141,Assam,Silchar,MP_076,Vendor_014,2124291.7,1845559.73,0.8687882789355152,0,0,0,0,0,1,28.2,0
MPLAD105142,Gujarat,Surat,MP_053,Vendor_072,2226520.3,351837.43,0.1580212091486433,0,0,0,0,0,1,20.2,0
MPLAD105143,Punjab,Amritsar,MP_098,Vendor_012,2329419.72,0.0,0.0,0,1,0,0,1,1,85.0,1
MPLAD105144,Tamil Nadu,Coimbatore,MP_128,Vendor_064,2097794.63,1098966.83,0.5238676914717816,0,0,0,0,0,1,17.0,0
MPLAD105145,Jharkhand,Ranchi,MP_035,Vendor_074,1185238.5,240175.01,0.202638549119017,0,0,0,0,0,1,34.6,0
MPLAD105146,Gujarat,Ahmedabad,MP_027,Vendor_074,1322808.49,434923.96,0.32878830404240905,0,0,0,0,0,1,34.3,0
MPLAD105147,Chhattisgarh,Bilaspur,MP_081,Vendor_040,476213.85,157200.48,0.3301048048056561,0,0,0,0,0,1,14.1,0
MPLAD105148,Assam,Dibrugarh,MP_123,Vendor_035,1772304.69,506364.15,0.2857094227968217,0,0,0,0,0,-1,45.3,1
MPLAD105149,Madhya Pradesh,Bhopal,MP_033,Vendor_068,508449.92,0.0,0.0,0,0,0,0,1,-1,60.0,1
MPLAD105150,Andhra Pradesh,Vijayawada,MP_116,Vendor_048,993906.69,0.0,0.0,0,0,0,0,1,-1,64.3,1
MPLAD105151,Assam,Dibrugarh,MP_065,Vendor_071,2036051.94,0.0,0.0,0,0,0,0,1,1,60.0,1
MPLAD105152,Maharashtra,Mumbai,MP_061,Vendor_002,1475019.58,1991493.92,1.3501474468562646,0,0,1,0,0,1,90.0,1
MPLAD105153,Kerala,Thiruvananthapuram,MP_102,Vendor_020,717945.05,0.0,0.0,0,1,0,0,1,1,85.0,1
MPLAD105154,Assam,Silchar,MP_016,Vendor_090,1463347.26,1449497.72,0.9905357119403086,0,0,0,0,0,1,32.4,0
MPLAD105155,Gujarat,Vadodara,MP_025,Vendor_100,739162.12,211368.44,0.2859568074186486,0,0,0,0,0,1,20.2,0
MPLAD105156,Punjab,Ludhiana,MP_030,Vendor_103,263678.89,220257.29,0.8353239426940852,0,0,0,0,0,-1,40.5,1
MPLAD105157,Gujarat,Ahmedabad,MP_027,Vendor_081,2358266.35,2584291.24,1.0958436649872056,0,0,1,0,0,-1,90.0,1
MPLAD105158,Kerala,Thiruvananthapuram,MP_134,Vendor_032,574031.06,12714.0,0.022148627288565186,0,0,0,0,0,1,16.6,0
MPLAD105159,Bihar,Gaya,MP_060,Vendor_117,1424149.21,1884529.61,1.323266970038905,0,0,1,0,0,-1,90.0,1
MPLAD105160,Punjab,Ludhiana,MP_124,Vendor_014,1793545.56,0.0,0.0,0,0,0,0,1,1,60.0,1
MPLAD105161,Chhattisgarh,Raipur,MP_005,Vendor_075,1091259.18,322109.27,0.29517210567704,0,0,0,0,0,1,34.5,0
MPLAD105162,Madhya Pradesh,Bhopal,MP_033,Vendor_075,1261456.99,1261456.99,1.0,0,0,0,0,0,-1,41.6,1
MPLAD105163,Uttar Pradesh,Varanasi,MP_096,Vendor_088,2051544.51,1344508.8,0.6553641870533923,0,0,0,0,0,1,30.7,0
MPLAD105164,Uttar Pradesh,Varanasi,MP_096,Vendor_005,1768957.96,910921.79,0.5149482410537332,0,0,0,0,0,-1,49.0,1
MPLAD105165,Punjab,Amritsar,MP_098,Vendor_110,1391156.96,399991.34,0.2875242345047823,0,0,0,0,0,1,16.1,0
MPLAD105166,Assam,Guwahati,MP_133,Vendor_101,2195631.14,2195631.14,1.0,0,0,0,0,0,1,35.2,0
MPLAD105167,Jharkhand,Ranchi,MP_035,Vendor_047,802314.44,236944.27,0.29532594477546736,0,0,0,0,0,-1,49.8,1
MPLAD105168,Kerala,Kochi,MP_086,Vendor_097,3225611.46,0.0,0.0,0,0,0,0,1,-1,86.1,1
MPLAD105169,West Bengal,Kolkata,MP_056,Vendor_088,2963543.4,2278878.99,0.7689710196246832,0,0,0,0,0,1,24.0,0
MPLAD105170,Bihar,Bhagalpur,MP_147,Vendor_017,2074061.38,1132943.14,0.5462437857070556,0,0,0,0,0,1,3.6,0
MPLAD105171,Telangana,Hyderabad,MP_142,Vendor_083,1106656.17,1106656.17,1.0,0,0,0,0,0,1,33.3,0
MPLAD105172,Haryana,Gurugram,MP_126,Vendor_098,504486.14,116670.77,0.2312665517431262,0,0,0,0,0,1,14.6,0
MPLAD105173,Punjab,Jalandhar,MP_146,Vendor_049,367095.58,0.0,0.0,0,0,0,0,1,-1,60.0,1
MPLAD105174,Odisha,Cuttack,MP_017,Vendor_036,5398051.3,0.0,0.0,0,1,0,0,1,1,85.0,1
MPLAD105175,Rajasthan,Udaipur,MP_023,Vendor_107,893494.26,427148.54,0.4780652312192806,0,0,0,0,0,1,24.7,0
MPLAD105176,Jharkhand,Jamshedpur,MP_031,Vendor_093,864867.53,0.0,0.0,0,0,0,0,1,1,60.0,1
MPLAD105177,Gujarat,Ahmedabad,MP_021,Vendor_100,1381331.99,1381331.99,1.0,0,0,0,0,0,1,35.5,0
MPLAD105178,Assam,Silchar,MP_088,Vendor_104,478212.7,0.0,0.0,0,0,0,0,1,1,60.0,1
MPLAD105179,Tamil Nadu,Chennai,MP_135,Vendor_037,437762.43,71531.8,0.16340324134257023,0,0,0,0,0,1,35.5,0
MPLAD105180,Telangana,Hyderabad,MP_140,Vendor_023,876899.37,858953.5,0.9795348581445554,0,0,0,0,0,1,19.7,0
MPLAD105181,Rajasthan,Jodhpur,MP_063,Vendor_083,1025260.61,0.0,0.0,0,0,0,0,1,1,60.0,1
MPLAD105182,Odisha,Cuttack,MP_039,Vendor_082,1358350.19,236045.78,0.17377387785398699,0,0,0,0,0,1,11.4,0
MPLAD105183,Maharashtra,Pune,MP_014,Vendor_114,2296826.93,2204548.65,0.9598235814833466,0,0,0,1,0,1,80.0,1
MPLAD105184,Tamil Nadu,Madurai,MP_125,Vendor_011,2790441.11,2633091.7,0.9436112772865507,0,0,0,0,0,-1,62.1,1
MPLAD105185,Maharashtra,Pune,MP_014,Vendor_097,771400.69,227342.31,0.2947136461596891,0,0,0,0,0,-1,57.2,1
MPLAD105186,Punjab,Amritsar,MP_064,Vendor_098,1880753.94,765493.85,0.4070143540414436,0,0,0,0,0,1,16.8,0
MPLAD105187,Assam,Dibrugarh,MP_123,Vendor_027,3171248.96,0.0,0.0,0,0,0,0,1,1,60.0,1
MPLAD105188,Madhya Pradesh,Indore,MP_038,Vendor_056,855929.8,0.0,0.0,0,0,0,0,1,1,60.0,1
MPLAD105189,Assam,Dibrugarh,MP_117,Vendor_083,2802894.86,0.0,0.0,0,0,0,0,1,1,60.0,1
MPLAD105190,Gujarat,Ahmedabad,MP_027,Vendor_001,461521.72,0.0,0.0,0,0,0,0,1,-1,60.0,1
MPLAD105191,Rajasthan,Udaipur,MP_023,Vendor_019,2501258.49,629863.45,0.25181861551622353,0,0,0,0,0,1,17.6,0
MPLAD105192,Gujarat,Ahmedabad,MP_047,Vendor_006,959649.51,350966.56,0.36572369010014916,0,0,0,0,0,1,33.9,0
MPLAD105193,Chhattisgarh,Raipur,MP_005,Vendor_061,2141208.95,2141208.95,1.0,0,0,0,0,0,-1,46.7,1
MPLAD105194,Uttar Pradesh,Lucknow,MP_049,Vendor_005,359071.38,205009.06,0.5709423569207883,0,0,0,0,0,1,33.2,0
MPLAD105195,West Bengal,Kolkata,MP_056,Vendor_096,6927640.07,5338170.63,0.7705611977615343,0,0,0,0,0,-1,64.1,1
MPLAD105196,Kerala,Kochi,MP_082,Vendor_009,648430.87,781484.26,1.2051928681310315,0,0,1,0,0,-1,90.0,1
MPLAD105197,Gujarat,Surat,MP_097,Vendor_090,877811.99,694937.7,0.7916703211128387,0,0,0,0,0,1,14.6,0
MPLAD105198,Kerala,Kochi,MP_085,Vendor_052,556303.24,432936.2,0.7782377826884489,0,0,0,1,0,-1,80.0,1
MPLAD105199,Tamil Nadu,Coimbatore,MP_037,Vendor_008,559454.29,0.0,0.0,0,0,0,0,1,1,60.0,1
MPLAD105200,Chhattisgarh,Bilaspur,MP_130,Vendor_107,2825782.35,2825782.35,1.0,0,0,0,0,0,1,38.5,0
MPLAD105201,Kerala,Kochi,MP_008,Vendor_056,2030318.82,36663.84,0.01805816881508294,0,1,0,0,0,-1,85.0,1
MPLAD105202,Assam,Dibrugarh,MP_123,Vendor_056,2119793.48,0.0,0.0,0,0,0,0,1,1,60.0,1
MPLAD105203,Haryana,Gurugram,MP_126,Vendor_090,2382441.87,0.0,0.0,0,0,0,0,1,1,60.0,1
MPLAD105204,Odisha,Cuttack,MP_079,Vendor_003,1947954.09,1596555.22,0.8196061848665026,0,0,0,0,0,1,16.0,0
MPLAD105205,Odisha,Cuttack,MP_039,Vendor_011,1767038.74,30244.3,0.017115810375498614,0,1,0,0,0,-1,85.0,1
MPLAD105206,Kerala,Thiruvananthapuram,MP_134,Vendor_040,1402537.78,186906.34,0.13326296279876323,0,0,0,0,0,1,11.7,0
MPLAD105207,Telangana,Hyderabad,MP_143,Vendor_112,1482393.19,1092266.89,0.7368267052009325,0,0,0,0,0,1,17.2,0
MPLAD105208,Assam,Guwahati,MP_024,Vendor_093,1665847.83,1665847.83,1.0,0,0,0,0,0,1,19.7,0
MPLAD105209,Gujarat,Vadodara,MP_025,Vendor_003,352197.82,106274.9,0.3017477507384912,0,0,0,0,0,-1,40.3,1
MPLAD105210,Chhattisgarh,Raipur,MP_005,Vendor_008,2973762.74,0.0,0.0,0,1,0,0,1,1,85.0,1
MPLAD105211,Madhya Pradesh,Bhopal,MP_084,Vendor_062,242373.12,75089.29,0.309808653698892,0,0,0,0,0,1,19.9,0
MPLAD105212,Punjab,Amritsar,MP_012,Vendor_081,355024.53,118180.3,0.33287925203365526,0,0,0,0,0,-1,49.9,1
MPLAD105213,Punjab,Amritsar,MP_098,Vendor_039,1266678.55,1216442.81,0.9603405773311626,0,0,0,0,0,1,33.3,0
MPLAD105214,Chhattisgarh,Raipur,MP_020,Vendor_067,1381624.74,674661.92,0.4883105379250809,0,0,0,0,0,1,4.2,0
MPLAD105215,Jharkhand,Ranchi,MP_109,Vendor_032,787438.88,0.0,0.0,0,0,0,0,1,1,60.0,1
MPLAD105216,Gujarat,Ahmedabad,MP_027,Vendor_049,629845.49,234444.96,0.372226147082517,0,0,0,0,0,1,20.6,0
MPLAD105217,Maharashtra,Pune,MP_014,Vendor_099,1789086.93,0.0,0.0,0,0,0,0,1,1,60.0,1
MPLAD105218,Jharkhand,Jamshedpur,MP_118,Vendor_024,1354966.41,709900.48,0.5239247812792643,0,0,0,0,0,1,29.8,0
MPLAD105219,Andhra Pradesh,Vijayawada,MP_116,Vendor_036,2744796.87,0.0,0.0,0,0,0,0,1,-1,60.0,1
MPLAD105220,Kerala,Kochi,MP_073,Vendor_013,2156535.71,584229.78,0.27091124774372505,0,0,0,0,0,1,29.0,0
MPLAD105221,Maharashtra,Mumbai,MP_067,Vendor_025,639289.21,379061.22,0.5929416828417924,0,0,0,0,0,1,2.5,0
MPLAD105222,Haryana,Faridabad,MP_112,Vendor_062,469373.28,277913.87,0.5920956344170252,0,0,0,0,0,1,12.0,0
MPLAD105223,Haryana,Faridabad,MP_055,Vendor_066,523031.2,502289.37,0.9603430349852934,0,0,0,0,0,1,29.6,0
MPLAD105224,Assam,Silchar,MP_076,Vendor_088,1423765.84,1423765.84,1.0,0,0,0,0,0,1,30.9,0
MPLAD105225,West Bengal,Kolkata,MP_056,Vendor_013,435663.29,251508.18,0.5772994552742785,0,0,0,0,0,-1,42.8,1
MPLAD105226,Bihar,Patna,MP_050,Vendor_101,1124795.69,1545762.63,1.3742608046444416,0,0,1,0,0,1,90.0,1
MPLAD105227,Karnataka,Mysuru,MP_059,Vendor_033,1159583.76,466747.06,0.4025125877927093,0,0,0,0,0,-1,63.3,1
MPLAD105228,Punjab,Jalandhar,MP_144,Vendor_032,512700.17,216341.82,0.42196557102760474,0,0,0,0,0,1,17.7,0
MPLAD105229,Punjab,Jalandhar,MP_114,Vendor_032,592635.27,233689.17,0.3943220760384376,0,0,0,0,0,1,24.2,0
MPLAD105230,Jharkhand,Jamshedpur,MP_046,Vendor_017,1142911.71,1036872.5,0.907220121141291,0,0,0,0,0,1,25.0,0
MPLAD105231,Punjab,Ludhiana,MP_101,Vendor_025,2516809.37,2132142.9,0.8471610625003354,0,0,0,0,0,1,25.2,0
MPLAD105232,Bihar,Gaya,MP_060,Vendor_039,1250574.74,1060823.31,0.848268620874271,0,0,0,0,0,-1,46.8,1
MPLAD105233,Gujarat,Vadodara,MP_093,Vendor_046,3110998.01,1154243.25,0.37102024697212843,0,0,0,0,0,1,21.8,0
MPLAD105234,Karnataka,Mysuru,MP_019,Vendor_095,283833.49,0.0,0.0,0,0,0,0,1,1,60.0,1
MPLAD105235,Jharkhand,Ranchi,MP_107,Vendor_114,1989296.22,881054.13,0.4428974031831217,0,0,0,0,0,1,9.5,0
MPLAD105236,Jharkhand,Ranchi,MP_107,Vendor_010,673527.56,0.0,0.0,0,0,0,0,1,1,60.0,1
MPLAD105237,Punjab,Amritsar,MP_064,Vendor_007,1410278.29,435761.74,0.3089898944696936,0,0,0,0,0,1,30.3,0
MPLAD105238,Tamil Nadu,Coimbatore,MP_037,Vendor_032,839314.72,636020.79,0.7577858160285811,0,0,0,0,0,1,18.4,0
MPLAD105239,Rajasthan,Udaipur,MP_023,Vendor_101,1266105.28,638708.77,0.5044673457170955,0,0,0,0,0,1,11.5,0
MPLAD105240,Chhattisgarh,Bilaspur,MP_130,Vendor_112,1227900.11,635945.84,0.5179133341717836,0,0,0,0,0,1,7.9,0
MPLAD105241,Bihar,Bhagalpur,MP_110,Vendor_079,2420062.31,1261548.21,0.5212874911472837,0,0,0,0,0,1,10.1,0
MPLAD105242,Gujarat,Surat,MP_122,Vendor_119,1011371.21,687683.76,0.6799518843333499,0,0,0,0,0,1,32.3,0
MPLAD105243,Haryana,Gurugram,MP_138,Vendor_007,992772.39,671036.78,0.6759220811932531,0,0,0,0,0,1,28.8,0
MPLAD105244,Gujarat,Vadodara,MP_025,Vendor_057,3557050.35,1025878.98,0.2884072135779579,0,0,0,0,0,1,24.1,0
MPLAD105245,Chhattisgarh,Bilaspur,MP_081,Vendor_035,981297.57,171393.25,0.17465981292504373,0,0,0,0,0,-1,44.4,1
MPLAD105246,Maharashtra,Nashik,MP_068,Vendor_089,2248873.04,1852795.15,0.8238771673833575,0,0,0,0,0,-1,45.7,1
MPLAD105247,Maharashtra,Mumbai,MP_069,Vendor_013,1080143.52,492234.04,0.455711700237761,0,0,0,0,0,1,10.2,0
MPLAD105248,Gujarat,Surat,MP_122,Vendor_074,1904029.07,1814073.37,0.952755080572378,0,0,0,0,0,1,33.7,0
MPLAD105249,Tamil Nadu,Madurai,MP_042,Vendor_092,974203.46,679373.61,0.6973631668275947,0,0,0,0,0,1,8.5,0
MPLAD105250,Punjab,Amritsar,MP_012,Vendor_074,653263.86,0.0,0.0,0,0,0,0,1,1,60.0,1
MPLAD105251,Jharkhand,Jamshedpur,MP_046,Vendor_050,1439453.5,0.0,0.0,0,0,0,0,1,1,60.0,1
MPLAD105252,Telangana,Hyderabad,MP_041,Vendor_097,785622.77,0.0,0.0,0,0,0,0,1,-1,76.8,1
MPLAD105253,Punjab,Amritsar,MP_064,Vendor_069,462722.4,45439.19,0.09819967652311623,0,0,0,0,0,1,34.6,0
MPLAD105254,Assam,Guwahati,MP_024,Vendor_110,2013419.86,0.0,0.0,0,1,0,0,1,1,85.0,1
MPLAD105255,Tamil Nadu,Coimbatore,MP_037,Vendor_066,621569.32,546105.27,0.8785910958410883,0,0,0,0,0,1,26.0,0
MPLAD105256,Maharashtra,Pune,MP_014,Vendor_054,1818209.14,1094172.51,0.6017858374642204,0,0,0,0,0,-1,48.8,1
MPLAD105257,Madhya Pradesh,Indore,MP_150,Vendor_107,2049613.19,1835526.98,0.8955479936192253,0,0,0,0,0,-1,49.4,1
MPLAD105258,Chhattisgarh,Raipur,MP_005,Vendor_053,458574.97,145075.9,0.3163624477803488,0,0,0,0,0,1,24.9,0
MPLAD105259,Haryana,Faridabad,MP_112,Vendor_013,1485297.18,0.0,0.0,0,0,0,0,1,1,60.0,1
MPLAD105260,Telangana,Hyderabad,MP_041,Vendor_075,997309.42,813007.64,0.8152010035160402,0,0,0,0,0,-1,78.5,1
MPLAD105261,Telangana,Hyderabad,MP_041,Vendor_073,1098086.96,0.0,0.0,0,0,0,0,1,1,60.0,1
MPLAD105262,Punjab,Amritsar,MP_098,Vendor_089,2774484.04,0.0,0.0,0,0,0,0,1,1,60.0,1
MPLAD105263,Punjab,Jalandhar,MP_146,Vendor_035,2378612.64,2012084.94,0.845906940106061,0,0,0,0,0,-1,66.7,1
MPLAD105264,West Bengal,Kolkata,MP_009,Vendor_050,981894.16,101144.09,0.10300915732098864,0,0,0,0,0,1,13.3,0
MPLAD105265,Punjab,Jalandhar,MP_114,Vendor_006,3665532.12,77472.31,0.021135351557088525,0,1,0,0,0,-1,85.0,1
MPLAD105266,Karnataka,Mysuru,MP_019,Vendor_043,1057695.11,1057695.11,1.0,0,0,0,0,0,1,35.0,0
MPLAD105267,Bihar,Patna,MP_120,Vendor_016,2776911.73,1240369.64,0.4466723326491908,0,0,0,0,0,1,11.3,0
MPLAD105268,Karnataka,Hubballi,MP_029,Vendor_060,2375633.37,2206749.14,0.928909809008113,0,0,0,0,0,1,32.5,0
MPLAD105269,Rajasthan,Udaipur,MP_052,Vendor_099,2158240.59,1893151.98,0.8771737445638533,0,0,0,0,0,1,22.9,0
MPLAD105270,Gujarat,Surat,MP_097,Vendor_010,688014.39,633964.91,0.9214413524112482,0,0,0,0,0,1,28.6,0
MPLAD105271,Haryana,Faridabad,MP_112,Vendor_098,1150430.13,1150430.13,1.0,0,0,0,0,0,1,24.7,0
MPLAD105272,Assam,Silchar,MP_088,Vendor_093,1084991.39,0.0,0.0,0,0,0,0,1,1,60.0,1
MPLAD105273,Bihar,Gaya,MP_072,Vendor_107,476416.78,448273.03,0.940926199114985,0,0,0,0,0,-1,59.1,1
MPLAD105274,Assam,Silchar,MP_076,Vendor_113,3072168.68,0.0,0.0,0,0,0,0,1,1,60.0,1
MPLAD105275,Gujarat,Ahmedabad,MP_015,Vendor_079,1568538.43,386371.5,0.24632581045527843,0,0,0,0,0,1,19.1,0
MPLAD105276,Chhattisgarh,Bilaspur,MP_130,Vendor_119,14125523.96,12014971.47,0.8505858971336876,0,0,0,0,0,-1,45.5,1
MPLAD105277,Haryana,Gurugram,MP_003,Vendor_075,5052817.03,4889410.76,0.9676603627184972,0,0,0,1,0,-1,80.0,1
MPLAD105278,Tamil Nadu,Madurai,MP_087,Vendor_079,541085.75,280635.74,0.5186529861486835,0,0,0,0,0,1,26.4,0
MPLAD105279,Punjab,Jalandhar,MP_139,Vendor_037,242051.22,108476.52,0.44815522929403123,0,0,0,0,0,1,35.1,0
MPLAD105280,Gujarat,Ahmedabad,MP_002,Vendor_017,865437.13,861215.82,0.9951223377716645,0,0,0,0,0,1,31.7,0
MPLAD105281,Maharashtra,Pune,MP_127,Vendor_009,1273670.27,620323.16,0.48703591079345837,0,0,0,0,0,1,37.1,0
MPLAD105282,Punjab,Jalandhar,MP_139,Vendor_001,1262429.66,1099838.55,0.8712077867372033,0,0,0,0,0,1,36.2,0
MPLAD105283,Tamil Nadu,Coimbatore,MP_078,Vendor_099,3734719.42,3013101.73,0.8067812842550833,0,0,0,0,0,-1,53.5,1
MPLAD105284,Assam,Dibrugarh,MP_117,Vendor_033,1638069.83,575245.56,0.35117279462988465,0,0,0,0,0,1,34.1,0
MPLAD105285,Assam,Silchar,MP_088,Vendor_054,1402043.05,0.0,0.0,0,0,0,0,1,-1,60.0,1
MPLAD105286,Jharkhand,Ranchi,MP_035,Vendor_028,554286.78,373985.41,0.6747146486156498,0,0,0,0,0,-1,41.2,1
MPLAD105287,Tamil Nadu,Coimbatore,MP_037,Vendor_107,797399.91,0.0,0.0,0,0,0,0,1,1,60.0,1
MPLAD105288,Haryana,Gurugram,MP_003,Vendor_035,1472618.95,1418721.59,0.9634003351647757,0,0,0,0,0,-1,56.5,1
MPLAD105289,Kerala,Kochi,MP_086,Vendor_064,624259.77,323093.01,0.5175617996335083,0,0,0,0,0,1,26.8,0
MPLAD105290,Tamil Nadu,Madurai,MP_145,Vendor_001,806599.43,0.0,0.0,0,0,0,0,1,1,60.0,1
MPLAD105291,Tamil Nadu,Madurai,MP_136,Vendor_025,670048.48,292856.37,0.43706743428475503,0,0,0,0,0,1,22.2,0
MPLAD105292,Kerala,Kozhikode,MP_043,Vendor_090,406144.81,34493.52,0.08492911678472513,0,0,0,0,0,-1,52.0,1
MPLAD105293,Punjab,Amritsar,MP_098,Vendor_104,783533.55,881566.99,1.125117092943882,0,0,1,0,0,-1,90.0,1
MPLAD105294,Haryana,Faridabad,MP_055,Vendor_104,1266058.91,0.0,0.0,0,0,0,0,1,1,60.0,1
MPLAD105295,Tamil Nadu,Coimbatore,MP_128,Vendor_015,1209063.56,1103774.03,0.9129164640442889,0,0,0,0,0,-1,51.0,1
MPLAD105296,Haryana,Gurugram,MP_003,Vendor_065,959081.75,439961.4,0.4587319068473569,0,0,0,0,0,1,12.4,0
MPLAD105297,West Bengal,Siliguri,MP_071,Vendor_079,678813.37,815848.61,1.201874692008497,0,0,1,0,0,1,90.0,1
MPLAD105298,Jharkhand,Ranchi,MP_035,Vendor_072,405785.04,261269.3,0.6438613409700861,0,0,0,0,0,1,21.4,0
MPLAD105299,Odisha,Bhubaneswar,MP_092,Vendor_033,625257.72,450769.43,0.7209338095017843,0,0,0,0,0,-1,41.9,1
MPLAD105300,Tamil Nadu,Coimbatore,MP_037,Vendor_033,8553833.87,7777638.27,0.9092575783214271,0,0,0,0,0,-1,64.7,1
MPLAD105301,Maharashtra,Mumbai,MP_105,Vendor_006,854024.32,327300.61,0.38324506964860205,0,0,0,0,0,1,29.8,0
MPLAD105302,Haryana,Gurugram,MP_126,Vendor_066,1641097.98,197335.09,0.12024576984733111,0,0,0,0,0,1,31.2,0
MPLAD105303,Tamil Nadu,Madurai,MP_136,Vendor_120,1301248.68,1663262.5,1.2782049469591008,0,0,1,0,0,1,90.0,1
MPLAD105304,Maharashtra,Mumbai,MP_061,Vendor_012,825109.57,701343.13,0.8499999945461789,0,0,0,0,0,1,18.2,0
MPLAD105305,West Bengal,Siliguri,MP_032,Vendor_032,1789484.49,1774177.59,0.9914461957700456,0,0,0,0,0,1,31.6,0
MPLAD105306,Kerala,Thiruvananthapuram,MP_083,Vendor_073,435906.3,404059.37,0.9269408815610144,0,0,0,0,0,1,29.9,0
MPLAD105307,Bihar,Patna,MP_028,Vendor_069,606159.97,0.0,0.0,0,0,0,0,1,1,60.0,1
MPLAD105308,Gujarat,Ahmedabad,MP_095,Vendor_103,1594065.28,588888.14,0.3694253600454807,0,0,0,0,0,1,25.7,0
MPLAD105309,Madhya Pradesh,Bhopal,MP_033,Vendor_098,821927.8,741602.46,0.9022720243797568,0,0,0,0,0,-1,52.2,1
MPLAD105310,Rajasthan,Jodhpur,MP_099,Vendor_069,428467.0,389439.91,0.908914595523109,0,0,0,0,0,1,35.7,0
MPLAD105311,Chhattisgarh,Bilaspur,MP_103,Vendor_095,1349223.45,1205822.23,0.8937157370041263,0,0,0,0,0,1,33.4,0
MPLAD105312,Rajasthan,Udaipur,MP_052,Vendor_049,2135503.67,1587586.98,0.7434250768578637,0,0,0,0,0,1,22.6,0
MPLAD105313,Assam,Silchar,MP_129,Vendor_119,1163942.91,351811.15,0.30225808068198123,0,0,0,0,0,1,36.2,0
MPLAD105314,Maharashtra,Pune,MP_127,Vendor_098,2228355.15,1187792.24,0.5330354274990681,0,0,0,0,0,1,22.7,0
MPLAD105315,Maharashtra,Nashik,MP_068,Vendor_103,381798.47,325563.48,0.8527102793261586,0,0,0,0,0,-1,42.6,1
MPLAD105316,Karnataka,Mysuru,MP_062,Vendor_112,2522835.62,2522835.62,1.0,0,0,0,0,0,-1,47.4,1
MPLAD105317,West Bengal,Siliguri,MP_071,Vendor_112,2347064.27,2268804.04,0.9666561197320771,0,0,0,0,0,1,36.8,0
MPLAD105318,Bihar,Patna,MP_028,Vendor_023,1604081.02,821390.75,0.5120631313248754,0,0,0,0,0,1,12.4,0
MPLAD105319,Jharkhand,Jamshedpur,MP_118,Vendor_036,1712173.29,0.0,0.0,0,1,0,0,1,1,85.0,1
MPLAD105320,Assam,Dibrugarh,MP_123,Vendor_011,2465316.09,2290754.5,0.9291930188148815,0,0,0,0,0,-1,85.8,1
MPLAD105321,Bihar,Gaya,MP_072,Vendor_111,1042585.51,936347.78,0.8981016626636217,0,0,0,0,0,-1,50.4,1
MPLAD105322,Chhattisgarh,Bilaspur,MP_058,Vendor_057,1704756.62,964615.63,0.5658377381752006,0,0,0,0,0,1,14.0,0
MPLAD105323,Kerala,Kochi,MP_104,Vendor_031,258665.9,251555.83,0.9725125345088007,0,0,0,0,0,-1,39.2,1
MPLAD105324,Gujarat,Surat,MP_122,Vendor_082,575216.03,136375.1,0.2370850130863008,0,0,0,0,0,1,19.2,0
MPLAD105325,Punjab,Ludhiana,MP_124,Vendor_001,1211172.98,0.0,0.0,0,0,0,0,1,1,60.0,1
MPLAD105326,Odisha,Cuttack,MP_017,Vendor_017,5616668.17,3151305.72,0.5610631827658781,0,0,0,0,0,1,4.6,0
MPLAD105327,Gujarat,Ahmedabad,MP_021,Vendor_036,818739.25,307056.49,0.3750357516144487,0,0,0,0,0,1,30.7,0
MPLAD105328,Assam,Silchar,MP_016,Vendor_025,208508.13,0.0,0.0,0,0,0,0,1,1,60.0,1
MPLAD105329,Chhattisgarh,Raipur,MP_113,Vendor_060,409561.11,152768.99,0.3730065825829996,0,0,0,0,0,1,18.6,0
MPLAD105330,Madhya Pradesh,Bhopal,MP_033,Vendor_010,1705668.88,1526220.68,0.8947930620625499,0,0,0,0,0,-1,46.1,1
MPLAD105331,Punjab,Amritsar,MP_064,Vendor_014,1324446.63,440710.69,0.3327508108046604,0,0,0,0,0,1,16.7,0
MPLAD105332,Odisha,Cuttack,MP_079,Vendor_084,2096941.46,715371.28,0.34114985737370085,0,0,0,0,0,1,24.9,0
MPLAD105333,Karnataka,Mysuru,MP_059,Vendor_075,1782841.2,29509.64,0.01655202942359645,0,1,0,0,0,1,85.0,1
MPLAD105334,Jharkhand,Jamshedpur,MP_132,Vendor_058,679106.76,0.0,0.0,0,0,0,0,1,1,60.0,1
MPLAD105335,Maharashtra,Nashik,MP_011,Vendor_036,1576648.36,0.0,0.0,0,0,0,0,1,-1,60.0,1
MPLAD105336,Telangana,Hyderabad,MP_041,Vendor_088,1026228.66,371966.94,0.3624600973432178,0,0,0,0,0,1,28.3,0
MPLAD105337,Odisha,Cuttack,MP_017,Vendor_075,2847461.48,793015.61,0.2784991528665034,0,0,0,0,0,1,31.3,0
MPLAD105338,Punjab,Jalandhar,MP_114,Vendor_091,537847.84,630683.64,1.1726060664294944,0,0,1,0,0,-1,90.0,1
MPLAD105339,Gujarat,Surat,MP_122,Vendor_077,1594589.16,0.0,0.0,0,0,0,0,1,-1,60.0,1
MPLAD105340,Gujarat,Vadodara,MP_040,Vendor_008,3044876.17,2912661.51,0.9565779845818819,0,0,0,0,0,-1,42.1,1
MPLAD105341,Jharkhand,Jamshedpur,MP_132,Vendor_037,2500000.0,2500000.0,1.0,0,0,0,0,1,1,60.0,1
MPLAD105342,Bihar,Bhagalpur,MP_070,Vendor_092,845951.97,709384.91,0.8385640499188152,0,0,0,0,0,1,29.1,0
MPLAD105343,Rajasthan,Udaipur,MP_044,Vendor_070,960353.86,488628.37,0.5088003394915287,0,0,0,0,0,1,11.2,0
MPLAD105344,Jharkhand,Jamshedpur,MP_046,Vendor_055,827630.83,819662.48,0.9903720962158937,0,0,0,1,0,-1,80.0,1
MPLAD105345,Haryana,Gurugram,MP_003,Vendor_072,2605677.88,996235.53,0.3823325736640939,0,0,0,0,0,1,19.2,0
MPLAD105346,Punjab,Jalandhar,MP_045,Vendor_048,670707.73,369654.27,0.5511406138110262,0,0,0,0,0,1,36.1,0
MPLAD105347,Tamil Nadu,Madurai,MP_087,Vendor_007,1267771.16,1101613.75,0.8689373798343859,0,0,0,0,0,-1,47.4,1
MPLAD105348,Maharashtra,Mumbai,MP_067,Vendor_113,5093758.57,2711759.16,0.5323690007553695,0,0,0,0,0,1,20.8,0
MPLAD105349,West Bengal,Kolkata,MP_001,Vendor_073,1729009.08,0.0,0.0,0,1,0,0,1,1,85.0,1
MPLAD105350,Chhattisgarh,Bilaspur,MP_080,Vendor_018,763225.16,622341.75,0.8154104222664776,0,0,0,0,0,1,28.0,0
MPLAD105351,Haryana,Gurugram,MP_003,Vendor_110,2077967.64,515850.95,0.24824782641947207,0,0,0,0,0,1,21.6,0
MPLAD105352,Bihar,Bhagalpur,MP_070,Vendor_074,1263224.35,0.0,0.0,0,0,0,0,1,-1,60.0,1
MPLAD105353,Rajasthan,Jaipur,MP_121,Vendor_020,1885477.22,9471.09,0.005023179224620916,0,1,0,0,0,1,85.0,1
MPLAD105354,Chhattisgarh,Raipur,MP_020,Vendor_090,545629.55,545629.55,1.0,0,0,0,0,0,-1,64.7,1
MPLAD105355,Assam,Dibrugarh,MP_075,Vendor_033,1326128.2,559857.47,0.42217447000976227,0,0,0,0,0,-1,57.2,1
MPLAD105356,Jharkhand,Ranchi,MP_051,Vendor_010,3353330.54,0.0,0.0,0,0,0,0,1,1,60.0,1
MPLAD105357,Uttar Pradesh,Varanasi,MP_007,Vendor_027,1588797.07,0.0,0.0,0,0,0,0,1,1,60.0,1
MPLAD105358,Tamil Nadu,Coimbatore,MP_128,Vendor_097,2577981.07,1346130.58,0.5221646487885189,0,0,0,0,0,-1,52.9,1
MPLAD105359,Assam,Guwahati,MP_148,Vendor_105,1677173.82,912204.5,0.5438938344506236,0,0,0,0,0,1,13.3,0
MPLAD105360,Jharkhand,Jamshedpur,MP_118,Vendor_004,2772007.48,2170341.14,0.7829492364861873,0,0,0,0,0,-1,43.9,1
MPLAD105361,Assam,Silchar,MP_129,Vendor_055,1165997.16,1021202.58,0.8758190971923122,0,0,0,0,0,-1,40.1,1
MPLAD105362,Rajasthan,Udaipur,MP_044,Vendor_104,6300729.89,0.0,0.0,0,1,0,0,1,1,85.0,1
MPLAD105363,Maharashtra,Mumbai,MP_105,Vendor_070,3999774.48,2050352.62,0.5126170563496371,0,0,0,0,0,1,16.5,0
MPLAD105364,Kerala,Thiruvananthapuram,MP_134,Vendor_022,1422693.71,0.0,0.0,0,0,0,0,1,1,60.0,1
MPLAD105365,Punjab,Amritsar,MP_064,Vendor_052,1253390.22,1233894.96,0.9844459772472135,0,0,0,0,0,-1,48.5,1
MPLAD105366,Punjab,Amritsar,MP_098,Vendor_068,656012.73,812386.16,1.2383695054210306,0,0,1,0,0,-1,90.0,1
MPLAD105367,Kerala,Kochi,MP_022,Vendor_055,3950574.41,3456859.32,0.8750270115782984,0,0,0,0,0,-1,45.8,1
MPLAD105368,Kerala,Thiruvananthapuram,MP_083,Vendor_013,2888428.63,0.0,0.0,0,0,0,0,1,1,60.0,1
MPLAD105369,Maharashtra,Mumbai,MP_069,Vendor_029,1226399.3,1042439.41,0.8500000040769756,0,0,0,0,0,1,10.5,0
MPLAD105370,Assam,Guwahati,MP_148,Vendor_073,2408721.89,117841.08,0.04892265914517844,0,1,0,0,0,1,85.0,1
MPLAD105371,Jharkhand,Jamshedpur,MP_046,Vendor_089,1962374.93,1827895.49,0.9314710772421049,0,0,0,0,0,-1,44.5,1
MPLAD105372,Assam,Dibrugarh,MP_117,Vendor_089,2484005.66,2251205.52,0.9062803504240002,0,0,0,0,0,-1,61.9,1
MPLAD105373,Gujarat,Ahmedabad,MP_002,Vendor_112,1990240.02,419678.67,0.2108683705395493,0,0,0,0,0,1,21.1,0
MPLAD105374,Odisha,Cuttack,MP_017,Vendor_067,906321.22,0.0,0.0,0,0,0,0,1,1,60.0,1
MPLAD105375,Chhattisgarh,Bilaspur,MP_080,Vendor_046,1656801.54,0.0,0.0,0,0,0,0,1,1,60.0,1
MPLAD105376,Bihar,Bhagalpur,MP_070,Vendor_082,3198797.87,2685568.42,0.8395555234004204,0,0,0,0,0,1,21.3,0
MPLAD105377,Bihar,Patna,MP_028,Vendor_097,1952045.26,0.0,0.0,0,0,0,0,1,-1,61.5,1
MPLAD105378,Karnataka,Mysuru,MP_019,Vendor_069,2149770.78,2084568.3,0.9696700315184302,0,0,0,0,0,1,32.8,0
MPLAD105379,Bihar,Bhagalpur,MP_077,Vendor_114,1183092.36,477439.93,0.4035525425927017,0,0,0,0,0,1,8.3,0
MPLAD105380,Maharashtra,Mumbai,MP_061,Vendor_095,1748172.95,0.0,0.0,0,0,0,0,1,1,60.0,1
MPLAD105381,Rajasthan,Jaipur,MP_004,Vendor_096,7376913.32,0.0,0.0,0,0,0,0,1,1,60.0,1
MPLAD105382,Odisha,Cuttack,MP_017,Vendor_087,3000000.0,1482778.29,0.49425943,0,0,0,0,0,1,8.6,0
MPLAD105383,Bihar,Bhagalpur,MP_018,Vendor_007,862961.83,711276.16,0.8242266752400857,0,0,0,0,0,-1,66.3,1
MPLAD105384,Rajasthan,Udaipur,MP_044,Vendor_027,2522360.64,2290237.2,0.9079737305130166,0,0,0,0,0,1,11.4,0
MPLAD105385,Assam,Dibrugarh,MP_065,Vendor_043,2591193.87,0.0,0.0,0,1,0,0,1,-1,85.0,1
MPLAD105386,Chhattisgarh,Raipur,MP_048,Vendor_107,1417412.77,1393975.38,0.983464668517132,0,0,0,0,0,-1,58.2,1
MPLAD105387,Assam,Guwahati,MP_133,Vendor_105,538792.56,446651.03,0.8289851478275795,0,0,0,0,0,1,18.7,0
MPLAD105388,Bihar,Gaya,MP_060,Vendor_068,597212.34,543509.98,0.9100782813697387,0,0,0,0,0,-1,66.5,1
MPLAD105389,Haryana,Faridabad,MP_055,Vendor_067,2473114.03,2424646.49,0.9804022218902703,0,0,0,0,0,1,27.3,0
MPLAD105390,Chhattisgarh,Raipur,MP_005,Vendor_110,1559703.43,477400.44,0.3060841124136016,0,0,0,0,0,1,15.0,0
MPLAD105391,Tamil Nadu,Chennai,MP_135,Vendor_059,808685.2,25690.38,0.03176808478750446,0,1,0,0,0,1,85.0,1
MPLAD105392,Tamil Nadu,Coimbatore,MP_078,Vendor_056,1363146.33,1089068.92,0.798937645967913,0,0,0,0,0,1,26.7,0
MPLAD105393,Punjab,Amritsar,MP_098,Vendor_098,305656.99,305656.99,1.0,0,0,0,0,0,-1,46.3,1
MPLAD105394,Madhya Pradesh,Bhopal,MP_084,Vendor_039,731161.3,378047.46,0.5170506972948377,0,0,0,0,0,1,18.5,0
MPLAD105395,Rajasthan,Udaipur,MP_052,Vendor_094,2510577.88,2455674.12,0.9781310269490625,0,0,0,0,0,1,35.7,0
MPLAD105396,Punjab,Ludhiana,MP_030,Vendor_087,2000000.0,424507.17,0.212253585,0,0,0,0,0,1,26.0,0
MPLAD105397,Chhattisgarh,Raipur,MP_113,Vendor_046,2201275.43,2081484.75,0.9455812396906642,0,0,0,0,0,1,9.9,0
MPLAD105398,Rajasthan,Udaipur,MP_023,Vendor_052,2483190.11,2473565.68,0.9961241670699149,0,0,0,0,0,-1,49.4,1
MPLAD105399,Rajasthan,Jodhpur,MP_063,Vendor_048,356996.76,55004.57,0.15407582410551848,0,0,0,0,0,1,18.8,0
MPLAD105400,Tamil Nadu,Madurai,MP_145,Vendor_081,1361090.73,1287230.17,0.9457342862073567,0,0,0,0,0,1,39.0,0
MPLAD105401,Punjab,Ludhiana,MP_149,Vendor_043,498647.45,443938.21,0.8902847292210158,0,0,0,0,0,1,29.0,0
MPLAD105402,Gujarat,Ahmedabad,MP_021,Vendor_005,653702.93,581497.8,0.8895444296081096,0,0,0,0,0,1,26.7,0
MPLAD105403,Rajasthan,Jodhpur,MP_063,Vendor_106,737962.95,716074.27,0.9703390529294188,0,0,0,0,0,1,38.0,0
MPLAD105404,West Bengal,Kolkata,MP_089,Vendor_013,1327392.5,1125346.97,0.8477876513540644,0,0,0,0,0,-1,59.7,1
MPLAD105405,Andhra Pradesh,Guntur,MP_119,Vendor_083,2380223.65,0.0,0.0,0,0,0,0,1,-1,60.0,1
MPLAD105406,Kerala,Kochi,MP_104,Vendor_105,1657355.26,767362.42,0.4630041841481832,0,0,0,0,0,1,27.4,0
MPLAD105407,Kerala,Thiruvananthapuram,MP_134,Vendor_078,1558696.24,0.0,0.0,0,0,0,0,1,1,60.0,1
MPLAD105408,Maharashtra,Mumbai,MP_061,Vendor_024,1991716.37,1004987.62,0.5045837023471369,0,0,0,0,0,1,5.7,0
MPLAD105409,Tamil Nadu,Coimbatore,MP_037,Vendor_002,653739.14,414530.15,0.6340910688015406,0,0,0,0,0,1,18.9,0
MPLAD105410,Odisha,Rourkela,MP_090,Vendor_052,5043703.06,4324931.92,0.857491384514615,0,0,0,0,0,-1,63.5,1
MPLAD105411,Karnataka,Mysuru,MP_059,Vendor_101,1247565.97,215649.16,0.17285591719049534,0,0,0,0,0,1,22.3,0
MPLAD105412,Odisha,Rourkela,MP_090,Vendor_054,1047493.61,0.0,0.0,0,0,0,0,1,-1,60.0,1
MPLAD105413,Bihar,Bhagalpur,MP_070,Vendor_089,1578368.11,559682.38,0.35459559557370934,0,0,0,0,0,1,33.4,0
MPLAD105414,Haryana,Faridabad,MP_137,Vendor_069,2748558.8,1602213.75,0.5829286788407074,0,0,0,0,0,1,16.3,0
MPLAD105415,Gujarat,Ahmedabad,MP_015,Vendor_070,2099020.84,1969022.91,0.9380673466777014,0,0,0,0,0,1,29.7,0
MPLAD105416,Punjab,Jalandhar,MP_144,Vendor_084,710453.97,407734.56,0.5739070752183988,0,0,0,0,0,-1,45.4,1
MPLAD105417,Rajasthan,Jaipur,MP_004,Vendor_030,2175022.13,2054257.95,0.944476804013024,0,0,0,0,0,1,36.7,0
MPLAD105418,Bihar,Patna,MP_028,Vendor_042,2083469.15,855749.31,0.4107328923012851,0,0,0,0,0,1,31.3,0
MPLAD105419,Andhra Pradesh,Vijayawada,MP_116,Vendor_071,1392910.1,197720.3,0.14194763897540838,0,0,0,0,0,1,37.0,0
MPLAD105420,West Bengal,Siliguri,MP_032,Vendor_068,480876.63,120847.69,0.25130705561632305,0,0,0,0,0,-1,44.8,1
MPLAD105421,Kerala,Kochi,MP_085,Vendor_014,312751.92,0.0,0.0,0,0,0,0,1,1,60.0,1
MPLAD105422,Chhattisgarh,Raipur,MP_005,Vendor_027,3377619.3,2929331.05,0.8672768568085811,0,0,0,0,0,1,35.8,0
MPLAD105423,Rajasthan,Jodhpur,MP_063,Vendor_084,1215859.81,478456.12,0.3935125711573606,0,0,0,0,0,-1,48.3,1
MPLAD105424,Odisha,Cuttack,MP_079,Vendor_064,1240704.52,0.0,0.0,0,0,0,0,1,1,60.0,1
MPLAD105425,Tamil Nadu,Madurai,MP_136,Vendor_068,290428.74,0.0,0.0,0,1,0,0,1,1,85.0,1
MPLAD105426,Maharashtra,Pune,MP_014,Vendor_051,2397213.69,2228880.0,0.9297794390620221,0,0,0,0,0,1,16.9,0
MPLAD105427,Haryana,Faridabad,MP_112,Vendor_041,1293658.98,0.0,0.0,0,0,0,0,1,1,60.0,1
MPLAD105428,Rajasthan,Udaipur,MP_023,Vendor_027,2289623.4,360831.45,0.15759423580314563,0,0,0,0,0,1,8.2,0
MPLAD105429,Assam,Guwahati,MP_024,Vendor_012,1278566.07,0.0,0.0,0,0,0,0,1,1,60.0,1
MPLAD105430,Punjab,Jalandhar,MP_045,Vendor_108,366218.34,0.0,0.0,0,0,0,0,1,1,60.0,1
MPLAD105431,Telangana,Hyderabad,MP_143,Vendor_096,1441410.08,827868.42,0.5743462124255437,0,0,0,0,0,1,31.0,0
MPLAD105432,Odisha,Rourkela,MP_106,Vendor_002,1486560.14,0.0,0.0,0,0,0,0,1,1,60.0,1
MPLAD105433,Tamil Nadu,Madurai,MP_145,Vendor_050,1176082.93,474688.99,0.40361863767549117,0,0,0,0,0,1,13.1,0
MPLAD105434,Karnataka,Mysuru,MP_019,Vendor_002,855637.23,150473.62,0.17586146876755235,0,0,0,0,0,1,27.8,0
MPLAD105435,Assam,Dibrugarh,MP_075,Vendor_042,1375006.72,703410.86,0.5115690343680648,0,0,0,0,0,1,12.8,0
MPLAD105436,Assam,Silchar,MP_088,Vendor_069,1142558.33,319160.92,0.27933884128261527,0,0,0,0,0,1,16.0,0
MPLAD105437,Haryana,Panipat,MP_026,Vendor_006,2562004.47,2200900.26,0.8590540281141662,0,0,0,0,0,1,28.5,0
MPLAD105438,Punjab,Amritsar,MP_064,Vendor_074,869846.46,24885.08,0.02860858915261896,0,1,0,0,0,1,85.0,1
MPLAD105439,Uttar Pradesh,Varanasi,MP_096,Vendor_008,719574.78,327236.91,0.4547642845403781,0,0,0,0,0,-1,47.2,1
MPLAD105440,Gujarat,Surat,MP_122,Vendor_107,1020558.27,851252.66,0.8341049061314255,0,0,0,0,0,-1,47.9,1
MPLAD105441,Kerala,Kochi,MP_082,Vendor_099,2565475.18,1695159.12,0.6607583395135399,0,0,0,0,0,1,31.6,0
MPLAD105442,Tamil Nadu,Coimbatore,MP_037,Vendor_001,1201229.43,396060.62,0.3297127177445195,0,0,0,0,0,1,21.3,0
MPLAD105443,Gujarat,Surat,MP_097,Vendor_017,2278487.53,798058.83,0.3502581512921425,0,0,0,0,0,1,11.1,0
MPLAD105444,Maharashtra,Pune,MP_014,Vendor_034,681908.64,0.0,0.0,0,0,0,0,1,1,60.0,1
MPLAD105445,Punjab,Jalandhar,MP_139,Vendor_077,958442.63,723173.66,0.7545299398880035,0,0,0,0,0,1,25.7,0
MPLAD105446,Punjab,Jalandhar,MP_139,Vendor_059,354241.52,104712.82,0.2955972524056469,0,0,0,0,0,1,26.2,0
MPLAD105447,Odisha,Cuttack,MP_017,Vendor_117,959776.83,285082.32,0.2970298001463528,0,0,0,0,0,1,9.3,0
MPLAD105448,Andhra Pradesh,Guntur,MP_119,Vendor_051,899125.79,240664.33,0.2676648058332305,0,0,0,0,0,1,29.4,0
MPLAD105449,Haryana,Panipat,MP_026,Vendor_111,2147985.83,1029792.81,0.4794225341793805,0,0,0,0,0,1,29.0,0
MPLAD105450,West Bengal,Kolkata,MP_001,Vendor_020,1664420.7,1664420.7,1.0,0,0,0,0,0,1,21.6,0
MPLAD105451,Gujarat,Vadodara,MP_025,Vendor_090,1989597.31,1769708.7,0.8894808467548642,0,0,0,0,0,1,36.7,0
MPLAD105452,Telangana,Hyderabad,MP_143,Vendor_053,2190124.4,2429152.91,1.1091392388487158,0,0,1,0,0,-1,90.0,1
MPLAD105453,West Bengal,Siliguri,MP_032,Vendor_094,3746325.86,3458847.26,0.9232638561772093,0,0,0,0,0,1,37.8,0
MPLAD105454,Punjab,Jalandhar,MP_146,Vendor_050,1069340.1,207717.41,0.1942482190651973,0,0,0,0,0,-1,42.8,1
MPLAD105455,Assam,Silchar,MP_088,Vendor_092,303670.56,0.0,0.0,0,0,0,0,1,1,60.0,1
MPLAD105456,Chhattisgarh,Bilaspur,MP_130,Vendor_071,993518.92,414213.56,0.4169156235092131,0,0,0,0,0,1,10.9,0
MPLAD105457,Maharashtra,Mumbai,MP_061,Vendor_094,834573.45,832911.46,0.998008575518428,0,0,0,0,0,1,10.8,0
MPLAD105458,West Bengal,Siliguri,MP_071,Vendor_019,763291.35,362186.64,0.4745064122631549,0,0,0,0,0,1,10.8,0
MPLAD105459,Chhattisgarh,Bilaspur,MP_080,Vendor_117,850667.61,744348.62,0.8750169998831858,0,0,0,0,0,-1,59.4,1
MPLAD105460,Haryana,Faridabad,MP_055,Vendor_001,1597728.63,0.0,0.0,0,0,0,0,1,1,60.0,1
MPLAD105461,Tamil Nadu,Madurai,MP_136,Vendor_045,1380935.2,1918301.24,1.3891319737522805,0,0,1,0,0,-1,90.0,1
MPLAD105462,Assam,Silchar,MP_076,Vendor_081,2084058.22,0.0,0.0,0,0,0,0,1,1,60.0,1
MPLAD105463,Rajasthan,Udaipur,MP_052,Vendor_113,337142.77,0.0,0.0,0,0,0,0,1,1,60.0,1
MPLAD105464,Bihar,Bhagalpur,MP_077,Vendor_040,680818.26,631974.52,0.9282573002668877,0,0,0,0,0,1,18.1,0
MPLAD105465,Haryana,Faridabad,MP_137,Vendor_030,1764024.33,716343.3,0.40608470519224643,0,0,0,0,0,1,26.1,0
MPLAD105466,Gujarat,Surat,MP_122,Vendor_015,751624.6,717483.81,0.9545773382084621,0,0,0,0,0,-1,41.9,1
MPLAD105467,West Bengal,Kolkata,MP_054,Vendor_068,2425298.67,0.0,0.0,0,0,0,0,1,1,60.0,1
MPLAD105468,Karnataka,Mysuru,MP_019,Vendor_035,2534249.54,2322197.97,0.9163256945880713,0,0,0,0,0,-1,57.4,1
MPLAD105469,Kerala,Kochi,MP_022,Vendor_113,1724489.46,1446269.56,0.8386653520051088,0,0,0,0,0,-1,48.2,1
MPLAD105470,Gujarat,Vadodara,MP_040,Vendor_103,1560452.27,652182.81,0.41794473470181825,0,0,0,0,0,1,18.8,0
MPLAD105471,Chhattisgarh,Bilaspur,MP_094,Vendor_055,1132248.64,498981.29,0.4406993944368969,0,0,0,0,0,1,27.9,0
MPLAD105472,Chhattisgarh,Raipur,MP_048,Vendor_103,1660992.63,1378545.87,0.8299530323623412,0,0,0,0,0,1,28.9,0
MPLAD105473,Chhattisgarh,Raipur,MP_020,Vendor_036,1909045.06,806785.86,0.42261226667955126,0,0,0,0,0,1,34.8,0
MPLAD105474,Rajasthan,Jaipur,MP_121,Vendor_042,1051807.93,909771.05,0.8649592991754684,0,0,0,0,0,1,17.5,0
MPLAD105475,Chhattisgarh,Raipur,MP_048,Vendor_053,614057.15,95297.19,0.15519270478326,0,0,0,0,0,1,9.9,0
MPLAD105476,Tamil Nadu,Coimbatore,MP_078,Vendor_089,2378541.05,2110558.12,0.8873330649475233,0,0,0,0,0,-1,44.2,1
MPLAD105477,Chhattisgarh,Bilaspur,MP_094,Vendor_077,2129429.87,643009.26,0.30196310714848756,0,0,0,0,0,1,26.3,0
MPLAD105478,Gujarat,Surat,MP_053,Vendor_048,1312715.78,1203476.33,0.9167836239463809,0,0,0,0,0,1,21.0,0
MPLAD105479,Odisha,Rourkela,MP_090,Vendor_054,675877.38,668515.3,0.989107373293067,0,0,0,0,0,-1,58.2,1
MPLAD105480,West Bengal,Kolkata,MP_001,Vendor_026,2391722.23,823310.73,0.34423342295898635,0,0,0,0,0,-1,45.7,1
MPLAD105481,Haryana,Gurugram,MP_003,Vendor_017,570277.86,524231.33,0.9192559746226164,0,0,0,0,0,1,14.1,0
MPLAD105482,Haryana,Gurugram,MP_091,Vendor_001,2712026.14,0.0,0.0,0,0,0,0,1,1,60.0,1
MPLAD105483,Maharashtra,Mumbai,MP_061,Vendor_046,933725.5,0.0,0.0,0,0,0,0,1,1,60.0,1
MPLAD105484,Punjab,Ludhiana,MP_030,Vendor_108,3048503.49,3048503.49,1.0,0,0,0,0,0,1,33.0,0
MPLAD105485,Maharashtra,Mumbai,MP_061,Vendor_020,1731876.25,656193.41,0.3788916269277323,0,0,0,0,0,1,7.5,0
MPLAD105486,Gujarat,Ahmedabad,MP_021,Vendor_051,575364.51,433405.38,0.7532709655658115,0,0,0,0,0,-1,41.1,1
MPLAD105487,Bihar,Bhagalpur,MP_018,Vendor_081,900900.37,197334.1,0.21904098008084957,0,0,0,0,0,1,21.2,0
MPLAD105488,Odisha,Cuttack,MP_010,Vendor_049,1919239.74,2175457.64,1.133499684619911,0,0,1,0,0,1,90.0,1
MPLAD105489,Punjab,Jalandhar,MP_139,Vendor_109,5167583.24,6510268.33,1.2598284396479311,0,0,1,0,0,-1,90.0,1
MPLAD105490,Gujarat,Ahmedabad,MP_100,Vendor_010,1202680.75,1151888.82,0.9577677367830159,0,0,0,0,0,1,32.4,0
MPLAD105491,Andhra Pradesh,Guntur,MP_119,Vendor_027,560151.52,312583.37,0.5580336013370096,0,0,0,0,0,-1,54.7,1
MPLAD105492,Haryana,Gurugram,MP_138,Vendor_089,1463525.84,267256.35,0.18261129574589538,0,0,0,0,0,1,28.8,0
MPLAD105493,Haryana,Gurugram,MP_003,Vendor_023,889211.94,742349.95,0.8348402856578826,0,0,0,0,0,1,17.1,0
MPLAD105494,Jharkhand,Jamshedpur,MP_132,Vendor_085,253792.51,130073.8,0.512520247346937,0,0,0,0,0,1,8.0,0
MPLAD105495,Odisha,Rourkela,MP_106,Vendor_041,4341949.7,1748527.03,0.4027055011715129,0,0,0,0,0,1,4.1,0
MPLAD105496,Punjab,Ludhiana,MP_101,Vendor_007,3551848.17,524347.72,0.14762672696113582,0,0,0,0,0,1,37.5,0
MPLAD105497,Bihar,Bhagalpur,MP_018,Vendor_050,1100997.73,0.0,0.0,0,0,0,0,1,1,60.0,1
MPLAD105498,Telangana,Hyderabad,MP_041,Vendor_032,1211364.08,1193591.29,0.9853282837972214,0,0,0,0,0,-1,43.7,1
MPLAD105499,Assam,Silchar,MP_129,Vendor_005,3098258.67,2568579.95,0.8290398651575468,0,0,0,0,0,1,20.7,0
MPLAD105500,Tamil Nadu,Chennai,MP_066,Vendor_013,990723.75,227364.39,0.2294932265427169,0,0,0,0,0,1,11.6,0
MPLAD105501,Punjab,Ludhiana,MP_124,Vendor_075,4717224.04,2948827.22,0.6251191792026906,0,0,0,0,0,-1,57.8,1
MPLAD105502,Haryana,Panipat,MP_026,Vendor_017,826739.12,387337.92,0.46851287259758556,0,0,0,0,0,1,22.3,0
MPLAD105503,Madhya Pradesh,Bhopal,MP_033,Vendor_066,2166395.27,472954.55,0.21831406140394682,0,0,0,0,0,1,12.7,0
MPLAD105504,Bihar,Bhagalpur,MP_110,Vendor_079,2279364.53,2279364.53,1.0,0,0,0,0,0,1,32.4,0
MPLAD105505,West Bengal,Kolkata,MP_054,Vendor_033,928646.0,639654.83,0.6888037314541816,0,0,0,0,0,1,36.0,0
MPLAD105506,Punjab,Jalandhar,MP_139,Vendor_009,2582532.92,2459600.57,0.9523985351559429,0,0,0,0,0,-1,43.7,1
MPLAD105507,Chhattisgarh,Bilaspur,MP_103,Vendor_114,739616.56,484714.51,0.655359190443221,0,0,0,0,0,-1,50.3,1
MPLAD105508,Gujarat,Ahmedabad,MP_047,Vendor_049,2512037.76,0.0,0.0,0,0,0,0,1,1,60.0,1
MPLAD105509,Kerala,Kochi,MP_108,Vendor_083,1551646.38,1116888.65,0.7198087556521737,0,0,0,0,0,1,29.4,0
MPLAD105510,Andhra Pradesh,Guntur,MP_119,Vendor_060,985376.18,0.0,0.0,0,0,0,0,1,-1,60.0,1
MPLAD105511,Kerala,Kochi,MP_108,Vendor_023,1112209.24,0.0,0.0,0,0,0,0,1,1,60.0,1
MPLAD105512,Assam,Dibrugarh,MP_123,Vendor_029,1374082.61,893395.43,0.6501759235567358,0,0,0,0,0,1,19.4,0
MPLAD105513,Punjab,Amritsar,MP_098,Vendor_073,1167726.07,447845.59,0.3835193899541868,0,0,0,0,0,-1,40.1,1
MPLAD105514,Kerala,Kochi,MP_108,Vendor_056,1099474.64,734791.46,0.6683114218987353,0,0,0,0,0,-1,46.5,1
MPLAD105515,Bihar,Bhagalpur,MP_070,Vendor_079,460936.2,180570.82,0.3917479685908809,0,0,0,0,0,1,9.7,0
MPLAD105516,Karnataka,Mysuru,MP_019,Vendor_040,5872427.72,5872427.72,1.0,0,0,0,0,0,1,20.6,0
MPLAD105517,Punjab,Jalandhar,MP_144,Vendor_107,1000000.0,344872.65,0.34487265,0,0,0,0,0,1,33.0,0
MPLAD105518,Punjab,Jalandhar,MP_114,Vendor_115,788009.37,315948.84,0.40094553698009966,0,0,0,0,0,1,19.3,0
MPLAD105519,Karnataka,Mysuru,MP_034,Vendor_045,782342.39,0.0,0.0,0,0,0,0,1,1,60.0,1
MPLAD105520,West Bengal,Kolkata,MP_056,Vendor_040,880972.41,367838.75,0.4175371961989139,0,0,0,0,0,1,15.6,0
MPLAD105521,Chhattisgarh,Bilaspur,MP_130,Vendor_004,2770700.62,522437.41,0.18855787096911247,0,0,0,0,0,1,14.6,0
MPLAD105522,Kerala,Thiruvananthapuram,MP_083,Vendor_038,997067.47,706965.28,0.7090445744860175,0,0,0,0,0,1,14.3,0
MPLAD105523,Karnataka,Mysuru,MP_062,Vendor_101,886659.58,846809.64,0.9550560994333361,0,0,0,1,0,-1,80.0,1
MPLAD105524,Bihar,Patna,MP_120,Vendor_079,1811089.54,0.0,0.0,0,0,0,0,1,1,60.0,1
MPLAD105525,Maharashtra,Nashik,MP_011,Vendor_063,1867615.29,1703982.14,0.9123839096434041,0,0,0,0,0,1,32.8,0
MPLAD105526,Kerala,Thiruvananthapuram,MP_102,Vendor_083,561582.1,166473.49,0.2964366029472805,0,0,0,0,0,1,20.3,0
MPLAD105527,Tamil Nadu,Chennai,MP_066,Vendor_087,1648180.62,1648180.62,1.0,0,0,0,0,0,1,25.7,0
MPLAD105528,Gujarat,Ahmedabad,MP_021,Vendor_064,2513502.36,1129486.34,0.44936752715044204,0,0,0,0,0,-1,51.4,1
MPLAD105529,Tamil Nadu,Madurai,MP_145,Vendor_083,540208.78,496265.98,0.9186558944858318,0,0,0,0,0,1,33.6,0
MPLAD105530,Punjab,Jalandhar,MP_114,Vendor_098,757497.8,965831.98,1.2750294192273561,0,0,1,0,0,-1,90.0,1
MPLAD105531,Haryana,Panipat,MP_026,Vendor_021,920003.8,796871.43,0.8661610202044818,0,0,0,0,0,-1,49.2,1
MPLAD105532,Haryana,Faridabad,MP_055,Vendor_034,818206.96,0.0,0.0,0,0,0,0,1,1,60.0,1
MPLAD105533,Gujarat,Surat,MP_097,Vendor_011,587144.98,484699.69,0.8255196016493235,0,0,0,0,0,-1,58.8,1
MPLAD105534,Assam,Dibrugarh,MP_123,Vendor_106,1129590.98,322073.07,0.28512362058698454,0,0,0,0,0,1,20.4,0
MPLAD105535,Bihar,Bhagalpur,MP_077,Vendor_090,1052548.75,280264.3,0.2662720372809335,0,0,0,0,0,1,7.9,0
MPLAD105536,Gujarat,Ahmedabad,MP_021,Vendor_030,800524.05,646248.06,0.8072812553226852,0,0,0,0,0,1,18.7,0
MPLAD105537,Tamil Nadu,Madurai,MP_136,Vendor_087,909722.55,1129614.01,1.2417126628333,0,0,1,0,0,1,90.0,1
MPLAD105538,West Bengal,Kolkata,MP_056,Vendor_111,1535013.29,1357758.62,0.8845256447258513,0,0,0,0,0,-1,43.4,1
MPLAD105539,Uttar Pradesh,Varanasi,MP_007,Vendor_090,2369672.18,2017494.69,0.851381345921021,0,0,0,0,0,-1,56.6,1
MPLAD105540,Assam,Guwahati,MP_024,Vendor_079,1797452.84,632371.34,0.3518152609778624,0,0,0,0,0,1,9.1,0
MPLAD105541,Chhattisgarh,Raipur,MP_020,Vendor_044,1594358.44,1283342.33,0.8049271091135567,0,0,0,0,0,1,8.4,0
MPLAD105542,Gujarat,Ahmedabad,MP_015,Vendor_098,1022916.42,901789.24,0.8815864349894784,0,0,0,0,0,-1,62.2,1
MPLAD105543,Haryana,Panipat,MP_026,Vendor_019,2777039.22,2582737.27,0.9300326950369825,0,0,0,0,0,-1,40.6,1
MPLAD105544,Rajasthan,Udaipur,MP_023,Vendor_086,1043267.63,196150.48,0.18801549512276156,0,0,0,0,0,-1,46.4,1
MPLAD105545,Bihar,Gaya,MP_060,Vendor_089,536082.86,480116.61,0.8956014933960023,0,0,0,0,0,-1,54.6,1
MPLAD105546,Assam,Silchar,MP_076,Vendor_120,1367326.34,1322857.59,0.9674775884153596,0,0,0,0,0,-1,43.8,1
MPLAD105547,Madhya Pradesh,Bhopal,MP_033,Vendor_087,985507.41,250174.62,0.25385361638224513,0,0,0,0,0,1,35.0,0
MPLAD105548,Chhattisgarh,Bilaspur,MP_058,Vendor_027,2306090.65,0.0,0.0,0,0,0,0,1,1,60.0,1
MPLAD105549,Bihar,Bhagalpur,MP_110,Vendor_003,1932269.82,1640979.34,0.8492495835804132,0,0,0,0,0,1,20.9,0
MPLAD105550,Haryana,Gurugram,MP_138,Vendor_084,646739.98,633951.82,0.9802267365626599,0,0,0,0,0,-1,48.1,1
MPLAD105551,Jharkhand,Jamshedpur,MP_118,Vendor_055,336749.12,137235.09,0.40752917186539345,0,0,0,0,0,1,8.8,0
MPLAD105552,Karnataka,Hubballi,MP_029,Vendor_087,1200239.04,522674.26,0.43547513668610544,0,0,0,0,0,1,22.7,0
MPLAD105553,Bihar,Bhagalpur,MP_018,Vendor_013,1818045.61,486159.21,0.26740759820651583,0,0,0,0,0,1,5.6,0
MPLAD105554,Gujarat,Surat,MP_122,Vendor_107,3337708.56,2729550.07,0.8177916138969304,0,0,0,0,0,-1,41.3,1
MPLAD105555,Bihar,Bhagalpur,MP_110,Vendor_033,464583.43,464583.43,1.0,0,0,0,0,0,-1,65.5,1
MPLAD105556,Jharkhand,Ranchi,MP_051,Vendor_054,1560285.32,508979.77,0.3262094204667644,0,0,0,0,0,-1,41.2,1
MPLAD105557,Chhattisgarh,Bilaspur,MP_058,Vendor_043,1310806.34,1310806.34,1.0,0,0,0,0,0,-1,56.2,1
MPLAD105558,Maharashtra,Mumbai,MP_105,Vendor_109,4442000.65,1732736.4,0.3900801770481505,0,0,0,0,0,1,6.8,0
MPLAD105559,Maharashtra,Pune,MP_127,Vendor_101,545744.82,428699.13,0.785530369303368,0,0,0,0,0,1,19.1,0
MPLAD105560,Assam,Dibrugarh,MP_123,Vendor_011,2231921.06,1867425.3,0.8366896721696779,0,0,0,0,0,-1,69.9,1
MPLAD105561,Kerala,Thiruvananthapuram,MP_134,Vendor_067,908780.17,854640.73,0.9404262529187889,0,0,0,0,0,1,25.8,0
MPLAD105562,Rajasthan,Udaipur,MP_023,Vendor_107,883089.15,781589.02,0.8850624198021231,0,0,0,0,0,1,21.7,0
MPLAD105563,Assam,Guwahati,MP_024,Vendor_059,827917.58,259354.32,0.3132610374090619,0,0,0,0,0,1,31.2,0
MPLAD105564,Maharashtra,Mumbai,MP_061,Vendor_033,1525608.11,1464695.73,0.960073376904112,0,0,0,0,0,-1,43.1,1
MPLAD105565,Haryana,Panipat,MP_026,Vendor_107,942844.43,319916.56,0.33931001745431105,0,0,0,0,0,1,28.5,0
MPLAD105566,Haryana,Panipat,MP_026,Vendor_087,2127692.45,0.0,0.0,0,0,0,0,1,1,60.0,1
MPLAD105567,Assam,Guwahati,MP_148,Vendor_099,1952327.83,0.0,0.0,0,0,0,0,1,1,60.0,1
MPLAD105568,Rajasthan,Jodhpur,MP_063,Vendor_118,413348.17,413348.17,1.0,0,0,0,0,0,-1,49.5,1
MPLAD105569,Punjab,Jalandhar,MP_144,Vendor_066,279312.45,162987.13,0.5835297710503058,0,0,0,0,0,1,15.1,0
MPLAD105570,Assam,Dibrugarh,MP_131,Vendor_064,2107196.57,1795945.66,0.852291468944447,0,0,0,0,0,1,20.5,0
MPLAD105571,Jharkhand,Ranchi,MP_035,Vendor_013,5508892.31,4932884.14,0.8954402922427068,0,0,0,0,0,1,20.8,0
MPLAD105572,Bihar,Patna,MP_120,Vendor_067,607780.55,209114.25,0.34406209609702054,0,0,0,0,0,1,28.2,0
MPLAD105573,Kerala,Kochi,MP_086,Vendor_032,1532528.94,1532528.94,1.0,0,0,0,0,0,-1,55.1,1
MPLAD105574,Telangana,Hyderabad,MP_142,Vendor_028,879717.91,734204.09,0.8345903631767596,0,0,0,0,0,-1,39.9,1
MPLAD105575,Chhattisgarh,Raipur,MP_048,Vendor_046,913823.9,907166.69,0.9927149968391065,0,0,0,0,0,-1,51.2,1
MPLAD105576,Bihar,Bhagalpur,MP_147,Vendor_032,795772.41,110888.55,0.13934706532487096,0,0,0,0,0,1,10.6,0
MPLAD105577,Punjab,Ludhiana,MP_149,Vendor_107,693382.07,0.0,0.0,0,0,0,0,1,1,60.0,1
MPLAD105578,Tamil Nadu,Madurai,MP_042,Vendor_036,1304803.66,346587.62,0.26562434688449604,0,0,0,0,0,1,19.9,0
MPLAD105579,Jharkhand,Ranchi,MP_109,Vendor_010,3335405.02,3022572.66,0.9062085839278374,0,0,0,0,0,1,35.6,0
MPLAD105580,Chhattisgarh,Bilaspur,MP_094,Vendor_015,495424.62,0.0,0.0,0,0,0,0,1,1,60.0,1
MPLAD105581,Tamil Nadu,Chennai,MP_066,Vendor_010,524266.49,273738.52,0.5221362135886275,0,0,0,0,0,1,25.1,0
MPLAD105582,Punjab,Ludhiana,MP_124,Vendor_072,777539.18,169966.54,0.21859546679049666,0,0,0,0,0,1,24.1,0
MPLAD105583,Odisha,Bhubaneswar,MP_092,Vendor_100,970171.74,0.0,0.0,0,0,0,0,1,1,60.0,1
MPLAD105584,Assam,Silchar,MP_088,Vendor_010,674953.66,668572.29,0.9905454694474877,0,0,0,0,0,1,18.2,0
MPLAD105585,Gujarat,Surat,MP_053,Vendor_091,470298.31,226793.18,0.4822326067895077,0,0,0,0,0,1,28.5,0
MPLAD105586,Assam,Dibrugarh,MP_075,Vendor_010,776872.89,713395.39,0.9182910089705923,0,0,0,0,0,1,37.2,0
MPLAD105587,Assam,Silchar,MP_076,Vendor_107,2268776.68,639993.2,0.2820873493816059,0,0,0,0,0,1,28.1,0
MPLAD105588,Assam,Silchar,MP_076,Vendor_115,679282.47,577390.1,0.8500000007360708,0,0,0,0,0,1,19.6,0
MPLAD105589,Chhattisgarh,Bilaspur,MP_081,Vendor_002,1056013.68,640289.28,0.6063266907678697,0,0,0,0,0,1,17.8,0
MPLAD105590,Haryana,Gurugram,MP_091,Vendor_043,3813293.68,0.0,0.0,0,1,0,0,1,1,85.0,1
MPLAD105591,Rajasthan,Jodhpur,MP_063,Vendor_057,817727.65,0.0,0.0,0,0,0,0,1,1,60.0,1
MPLAD105592,Maharashtra,Pune,MP_127,Vendor_097,1421788.84,1363085.56,0.9587116747941277,0,0,0,0,0,-1,73.6,1
MPLAD105593,Punjab,Jalandhar,MP_114,Vendor_039,1695450.38,8395.9,0.004952017528227514,0,1,0,0,0,1,85.0,1
MPLAD105594,Haryana,Gurugram,MP_138,Vendor_044,3363688.94,3217292.69,0.95647747083296,0,0,0,0,0,1,29.5,0
MPLAD105595,Punjab,Ludhiana,MP_030,Vendor_098,1387173.99,0.0,0.0,0,1,0,0,1,1,85.0,1
MPLAD105596,Andhra Pradesh,Guntur,MP_119,Vendor_066,2394947.2,1942776.65,0.811198113261119,0,0,0,0,0,-1,39.7,1
MPLAD105597,Punjab,Ludhiana,MP_101,Vendor_083,5278050.18,1853984.21,0.35126308897654324,0,0,0,0,0,1,32.9,0
MPLAD105598,Andhra Pradesh,Guntur,MP_036,Vendor_028,5470055.84,5208477.87,0.9521800183304894,0,0,0,1,0,-1,80.0,1
MPLAD105599,Jharkhand,Jamshedpur,MP_118,Vendor_023,1610008.31,513112.01,0.31870146682659045,0,0,0,0,0,1,6.6,0
MPLAD105600,Jharkhand,Ranchi,MP_109,Vendor_025,826970.88,0.0,0.0,0,1,0,0,1,1,85.0,1
MPLAD105601,Andhra Pradesh,Guntur,MP_036,Vendor_036,815792.73,307435.56,0.3768549886439905,0,0,0,0,0,-1,39.2,1
MPLAD105602,Maharashtra,Pune,MP_127,Vendor_001,607860.08,0.0,0.0,0,0,0,0,1,1,60.0,1
MPLAD105603,Gujarat,Ahmedabad,MP_095,Vendor_077,950408.62,0.0,0.0,0,1,0,0,1,1,85.0,1
MPLAD105604,Gujarat,Ahmedabad,MP_100,Vendor_072,1319447.1,537193.48,0.4071352917445496,0,0,0,0,0,1,22.6,0
MPLAD105605,Assam,Guwahati,MP_148,Vendor_076,791431.7,0.0,0.0,0,0,0,0,1,1,60.0,1
MPLAD105606,Bihar,Bhagalpur,MP_077,Vendor_076,464549.81,464549.81,1.0,0,0,0,0,0,1,12.6,0
MPLAD105607,Rajasthan,Udaipur,MP_052,Vendor_006,2130791.32,256932.58,0.12058082722056518,0,0,0,0,0,1,36.4,0
MPLAD105608,Karnataka,Mysuru,MP_062,Vendor_104,3244010.95,2733883.83,0.8427480277155045,0,0,0,0,0,1,19.3,0
MPLAD105609,Odisha,Rourkela,MP_013,Vendor_034,1015972.57,111013.01,0.10926772363549146,0,0,0,0,0,1,24.6,0
MPLAD105610,Punjab,Jalandhar,MP_115,Vendor_094,2110906.41,505275.14,0.23936406541112354,0,0,0,0,0,1,23.3,0
MPLAD105611,Chhattisgarh,Raipur,MP_020,Vendor_089,999546.18,390072.1,0.390249202893257,0,0,0,0,0,1,36.4,0
MPLAD105612,Telangana,Hyderabad,MP_041,Vendor_069,1439119.2,1275479.05,0.8862914552178861,0,0,0,0,0,-1,39.1,1
MPLAD105613,Tamil Nadu,Madurai,MP_042,Vendor_017,1794374.72,270881.63,0.15096157284248857,0,0,0,0,0,1,11.7,0
MPLAD105614,Assam,Silchar,MP_016,Vendor_041,822409.68,39338.41,0.047833106730942175,0,1,0,0,0,1,85.0,1
MPLAD105615,Karnataka,Hubballi,MP_029,Vendor_038,785835.41,0.0,0.0,0,1,0,0,1,1,85.0,1
MPLAD105616,Rajasthan,Udaipur,MP_044,Vendor_078,1336100.83,112983.25,0.08456191887853254,0,0,0,0,0,1,36.3,0
MPLAD105617,Chhattisgarh,Raipur,MP_113,Vendor_030,2235722.25,949790.0,0.42482468472995694,0,0,0,0,0,1,6.0,0
MPLAD105618,Maharashtra,Mumbai,MP_061,Vendor_097,1836348.24,1689046.95,0.9197857537086757,0,0,0,0,0,-1,60.0,1
MPLAD105619,Rajasthan,Udaipur,MP_052,Vendor_107,2613031.42,709083.79,0.27136443311500635,0,0,0,0,0,1,25.8,0
MPLAD105620,Punjab,Jalandhar,MP_146,Vendor_098,2010894.36,1678303.06,0.8346052847848258,0,0,0,0,0,-1,43.6,1
MPLAD105621,Chhattisgarh,Raipur,MP_005,Vendor_067,1034309.31,287665.55,0.2781233304377778,0,0,0,0,0,1,26.3,0
MPLAD105622,Kerala,Kochi,MP_104,Vendor_054,2758125.21,1654404.38,0.5998293239196345,0,0,0,0,0,-1,59.1,1
MPLAD105623,Tamil Nadu,Coimbatore,MP_037,Vendor_027,1069141.27,0.0,0.0,0,0,0,0,1,1,60.0,1
MPLAD105624,Gujarat,Vadodara,MP_040,Vendor_064,2790853.65,3547122.96,1.2709813572632158,0,0,1,0,0,-1,90.0,1
MPLAD105625,Bihar,Bhagalpur,MP_018,Vendor_056,881505.69,955855.68,1.0843443109255484,0,0,1,0,0,1,90.0,1
MPLAD105626,Jharkhand,Jamshedpur,MP_031,Vendor_038,1595100.23,893885.51,0.5603945715687095,0,0,0,0,0,1,20.3,0
MPLAD105627,Punjab,Amritsar,MP_012,Vendor_026,3346628.79,0.0,0.0,0,0,0,0,1,-1,60.0,1
MPLAD105628,Telangana,Hyderabad,MP_041,Vendor_073,446111.18,426991.35,0.9571411099807003,0,0,0,0,0,1,36.4,0
MPLAD105629,Odisha,Bhubaneswar,MP_092,Vendor_015,3742667.06,31278.76,0.008357345042601785,0,1,0,0,0,1,85.0,1
MPLAD105630,Odisha,Cuttack,MP_010,Vendor_005,1886678.16,957828.4,0.5076798048057121,0,0,0,0,0,1,20.7,0
MPLAD105631,Assam,Guwahati,MP_148,Vendor_108,757281.78,354358.59,0.46793492113331975,0,0,0,0,0,1,11.7,0
MPLAD105632,Assam,Guwahati,MP_148,Vendor_102,723482.65,0.0,0.0,0,0,0,0,1,1,60.0,1
MPLAD105633,Assam,Dibrugarh,MP_131,Vendor_116,1551537.18,0.0,0.0,0,0,0,0,1,-1,60.0,1
MPLAD105634,Telangana,Hyderabad,MP_041,Vendor_111,2166558.56,2163557.12,0.9986146508774727,0,0,0,0,0,-1,63.1,1
MPLAD105635,West Bengal,Siliguri,MP_111,Vendor_098,1789002.0,67359.23,0.03765184723102601,0,1,0,0,0,1,85.0,1
MPLAD105636,Jharkhand,Jamshedpur,MP_046,Vendor_072,1944054.3,1020588.88,0.5249796160529056,0,0,0,0,0,1,12.8,0
MPLAD105637,Rajasthan,Jodhpur,MP_099,Vendor_060,2505591.43,538585.75,0.2149535409290572,0,0,0,0,0,1,14.0,0
MPLAD105638,Rajasthan,Udaipur,MP_023,Vendor_114,1096532.73,487547.14,0.4446261626864526,0,0,0,0,0,1,7.5,0
MPLAD105639,Andhra Pradesh,Guntur,MP_036,Vendor_010,1102376.98,144743.91,0.13130164419797663,0,0,0,0,0,-1,39.6,1
MPLAD105640,Telangana,Hyderabad,MP_142,Vendor_082,1391714.5,340315.32,0.24452954970290244,0,0,0,0,0,1,21.3,0
MPLAD105641,Maharashtra,Nashik,MP_068,Vendor_057,589888.89,204012.98,0.3458498430102659,0,0,0,0,0,-1,43.9,1
MPLAD105642,Assam,Guwahati,MP_133,Vendor_020,2402242.56,934340.78,0.388945227912372,0,0,0,0,0,1,6.6,0
MPLAD105643,Kerala,Kozhikode,MP_043,Vendor_018,652818.15,0.0,0.0,0,0,0,0,1,1,60.0,1
MPLAD105644,Punjab,Amritsar,MP_098,Vendor_034,8696086.33,1608276.06,0.1849425130994531,0,0,0,0,0,1,13.2,0
MPLAD105645,Odisha,Rourkela,MP_013,Vendor_050,3390156.18,3986516.2,1.175909305747678,0,0,1,0,0,1,90.0,1
MPLAD105646,Tamil Nadu,Coimbatore,MP_128,Vendor_080,469537.53,100144.36,0.21328297228977627,0,0,0,0,0,1,26.9,0
MPLAD105647,Karnataka,Hubballi,MP_029,Vendor_055,1543937.21,1329601.24,0.8611757209996902,0,0,0,0,0,-1,48.6,1
MPLAD105648,West Bengal,Siliguri,MP_071,Vendor_054,689819.44,563589.18,0.8170097090914111,0,0,0,0,0,-1,60.9,1
MPLAD105649,Chhattisgarh,Bilaspur,MP_081,Vendor_119,865675.6,795617.5,0.9190711855572689,0,0,0,0,0,-1,41.0,1
MPLAD105650,Andhra Pradesh,Guntur,MP_119,Vendor_061,1668459.69,1668459.69,1.0,0,0,0,0,0,-1,51.8,1
MPLAD105651,Andhra Pradesh,Guntur,MP_119,Vendor_046,1159075.78,540599.59,0.46640573405821656,0,0,0,0,0,1,29.5,0
MPLAD105652,Bihar,Bhagalpur,MP_070,Vendor_113,1569311.65,523572.74,0.3336320991435959,0,0,0,0,0,1,5.2,0
MPLAD105653,Kerala,Kochi,MP_104,Vendor_011,1380135.36,1161393.23,0.8415067562648347,0,0,0,0,0,-1,80.4,1
MPLAD105654,Gujarat,Surat,MP_122,Vendor_001,1445601.39,1308761.31,0.9053403787886508,0,0,0,0,0,1,33.1,0
MPLAD105655,West Bengal,Kolkata,MP_009,Vendor_097,817677.7,439358.71,0.5373250487325263,0,0,0,0,0,-1,50.3,1
MPLAD105656,West Bengal,Kolkata,MP_054,Vendor_003,2212669.92,965011.39,0.4361298453408722,0,0,0,0,0,1,18.2,0
MPLAD105657,West Bengal,Siliguri,MP_071,Vendor_060,2386623.72,1602645.39,0.6715115485402113,0,0,0,0,0,1,9.4,0
MPLAD105658,Assam,Guwahati,MP_148,Vendor_112,406885.09,330484.23,0.8122298853467449,0,0,0,0,0,1,18.8,0
MPLAD105659,Karnataka,Mysuru,MP_034,Vendor_085,922937.49,830320.76,0.8996500510560038,0,0,0,0,0,1,27.1,0
MPLAD105660,Bihar,Bhagalpur,MP_077,Vendor_114,1728110.34,0.0,0.0,0,0,0,0,1,1,60.0,1
MPLAD105661,Kerala,Kochi,MP_086,Vendor_017,1448082.92,20465.39,0.014132747315326391,0,1,0,0,0,-1,85.0,1
MPLAD105662,Assam,Dibrugarh,MP_131,Vendor_001,1708548.78,1669890.47,0.977373598897188,0,0,0,0,0,1,21.9,0
MPLAD105663,Gujarat,Ahmedabad,MP_095,Vendor_119,1238703.36,1166624.06,0.9418106850053268,0,0,0,0,0,1,34.6,0
MPLAD105664,Jharkhand,Ranchi,MP_107,Vendor_032,833883.8,201751.55,0.24194204276423162,0,0,0,0,0,1,25.7,0
MPLAD105665,Rajasthan,Jaipur,MP_121,Vendor_001,1586927.92,1070703.07,0.6747017659125942,0,0,0,0,0,1,16.0,0
MPLAD105666,Chhattisgarh,Bilaspur,MP_103,Vendor_038,1031936.07,480543.38,0.4656716573537351,0,0,0,0,0,1,29.7,0
MPLAD105667,Bihar,Gaya,MP_060,Vendor_028,349344.24,265108.59,0.7588749423777533,0,0,0,0,0,1,37.2,0
MPLAD105668,Bihar,Bhagalpur,MP_077,Vendor_113,3400273.1,1575632.98,0.4633842440479266,0,0,0,0,0,1,7.2,0
MPLAD105669,Maharashtra,Mumbai,MP_105,Vendor_044,500000.0,500000.0,1.0,0,0,0,0,1,1,60.0,1
MPLAD105670,Gujarat,Ahmedabad,MP_047,Vendor_055,5626943.27,5052144.55,0.8978488510690104,0,0,0,0,0,1,33.1,0
MPLAD105671,Maharashtra,Mumbai,MP_105,Vendor_011,1668488.67,1668488.67,1.0,0,0,0,0,0,-1,62.3,1
MPLAD105672,Chhattisgarh,Raipur,MP_113,Vendor_030,2447301.73,2151570.07,0.8791601148420713,0,0,0,0,0,1,25.5,0
MPLAD105673,Assam,Guwahati,MP_133,Vendor_043,5624928.87,187007.86,0.033246262187845224,0,1,0,0,0,1,85.0,1
MPLAD105674,Bihar,Gaya,MP_060,Vendor_060,864367.96,0.0,0.0,0,0,0,0,1,1,60.0,1
MPLAD105675,Gujarat,Vadodara,MP_040,Vendor_083,985694.36,161644.66,0.16399065121971482,0,0,0,0,0,1,26.8,0
MPLAD105676,Rajasthan,Udaipur,MP_044,Vendor_046,1690222.87,859078.92,0.5082636942428782,0,0,0,0,0,1,27.9,0
MPLAD105677,Gujarat,Ahmedabad,MP_015,Vendor_089,3761682.11,4582630.06,1.2182395869703089,0,0,1,0,0,-1,90.0,1
MPLAD105678,Tamil Nadu,Chennai,MP_135,Vendor_067,986712.78,885452.9,0.8973765395032179,0,0,0,0,0,1,20.8,0
MPLAD105679,Gujarat,Ahmedabad,MP_027,Vendor_011,1700717.57,2168510.46,1.2750561870187533,0,0,1,0,0,-1,90.0,1
MPLAD105680,Maharashtra,Mumbai,MP_069,Vendor_085,1535905.92,0.0,0.0,0,0,0,0,1,1,60.0,1
MPLAD105681,Tamil Nadu,Madurai,MP_145,Vendor_029,946937.62,340119.67,0.3591785380751902,0,0,0,0,0,1,9.1,0
MPLAD105682,Jharkhand,Ranchi,MP_107,Vendor_052,599582.32,187084.05,0.31202396027954926,0,0,0,0,0,1,38.7,0
MPLAD105683,Telangana,Hyderabad,MP_041,Vendor_009,1502145.57,835878.22,0.5564562028432437,0,0,0,0,0,1,33.2,0
MPLAD105684,West Bengal,Kolkata,MP_089,Vendor_016,2825717.56,2825717.56,1.0,0,0,0,0,0,1,36.7,0
MPLAD105685,Gujarat,Ahmedabad,MP_027,Vendor_021,1533545.27,900278.1,0.5870567485758017,0,0,0,0,0,1,25.6,0
MPLAD105686,Karnataka,Mysuru,MP_062,Vendor_021,1056621.2,1003098.18,0.9493451200865552,0,0,0,0,0,1,22.2,0
MPLAD105687,Jharkhand,Ranchi,MP_109,Vendor_014,675318.14,0.0,0.0,0,0,0,0,1,1,60.0,1
MPLAD105688,Odisha,Cuttack,MP_039,Vendor_088,1912533.81,1757247.48,0.9188059687164432,0,0,0,0,0,-1,45.6,1
MPLAD105689,Haryana,Gurugram,MP_138,Vendor_020,2846657.87,2846657.87,1.0,0,0,0,0,0,1,29.0,0
MPLAD105690,Chhattisgarh,Bilaspur,MP_058,Vendor_091,1188086.92,0.0,0.0,0,0,0,0,1,-1,60.0,1
MPLAD105691,Chhattisgarh,Bilaspur,MP_094,Vendor_020,1588940.78,995686.8,0.6266355628433176,0,0,0,0,0,-1,48.3,1
MPLAD105692,Assam,Guwahati,MP_148,Vendor_037,965402.93,907360.0,0.939876990014936,0,0,0,0,0,1,11.7,0
MPLAD105693,Punjab,Jalandhar,MP_144,Vendor_102,468723.85,227491.46,0.48534219028965564,0,0,0,0,0,1,18.0,0
MPLAD105694,Assam,Guwahati,MP_148,Vendor_067,1419389.38,730566.84,0.5147050205490477,0,0,0,0,0,1,12.7,0
MPLAD105695,Tamil Nadu,Coimbatore,MP_078,Vendor_058,723630.9,697928.81,0.9644817682605871,0,0,0,0,0,1,37.7,0
MPLAD105696,Bihar,Bhagalpur,MP_147,Vendor_017,1224651.64,1224651.64,1.0,0,0,0,0,0,1,11.0,0
MPLAD105697,Chhattisgarh,Bilaspur,MP_130,Vendor_015,1336991.0,673701.36,0.5038937135702484,0,0,0,0,0,-1,44.8,1
MPLAD105698,Assam,Silchar,MP_088,Vendor_019,1586295.91,1461627.42,0.9214090579102608,0,0,0,0,0,-1,41.2,1
MPLAD105699,Maharashtra,Mumbai,MP_067,Vendor_053,480165.68,354705.99,0.7387158324185102,0,0,0,0,0,1,7.4,0
MPLAD105700,Tamil Nadu,Madurai,MP_145,Vendor_104,671731.46,392644.43,0.5845258907480677,0,0,0,0,0,1,11.4,0
MPLAD105701,Gujarat,Ahmedabad,MP_015,Vendor_051,2198556.35,1084566.64,0.49330854767493215,0,0,0,0,0,1,28.3,0
MPLAD105702,Jharkhand,Ranchi,MP_035,Vendor_073,1423688.83,593194.55,0.41666025433380693,0,0,0,0,0,1,18.3,0
MPLAD105703,Tamil Nadu,Madurai,MP_136,Vendor_038,1330169.14,0.0,0.0,0,0,0,0,1,1,60.0,1
MPLAD105704,West Bengal,Kolkata,MP_057,Vendor_053,937864.42,579175.28,0.617546915789811,0,0,0,0,0,1,10.3,0
MPLAD105705,Kerala,Thiruvananthapuram,MP_083,Vendor_096,3689172.45,1300068.16,0.352401026956601,0,0,0,0,0,1,8.8,0
MPLAD105706,Gujarat,Ahmedabad,MP_015,Vendor_056,1919762.57,1919762.57,1.0,0,0,0,0,0,-1,49.0,1
MPLAD105707,Chhattisgarh,Raipur,MP_113,Vendor_013,2362812.17,410954.59,0.17392605100726227,0,0,0,0,0,1,14.4,0
MPLAD105708,Rajasthan,Udaipur,MP_044,Vendor_042,865780.63,0.0,0.0,0,0,0,0,1,1,60.0,1
MPLAD105709,Assam,Guwahati,MP_024,Vendor_093,894500.37,116649.74,0.13040770458261522,0,0,0,0,0,1,18.4,0
MPLAD105710,Telangana,Hyderabad,MP_143,Vendor_101,1483660.78,1345656.15,0.906983704186074,0,0,0,0,0,1,38.3,0
MPLAD105711,Chhattisgarh,Bilaspur,MP_081,Vendor_032,732015.69,0.0,0.0,0,0,0,0,1,1,60.0,1
MPLAD105712,Madhya Pradesh,Indore,MP_038,Vendor_114,2690687.0,745420.8,0.27703735142734925,0,0,0,0,0,1,34.9,0
MPLAD105713,Madhya Pradesh,Bhopal,MP_033,Vendor_079,681416.8,160014.09,0.23482557224887907,0,0,0,0,0,1,21.3,0
MPLAD105714,Rajasthan,Jaipur,MP_004,Vendor_055,1096939.11,206928.84,0.18864204777966206,0,0,0,0,0,1,37.2,0
MPLAD105715,Madhya Pradesh,Indore,MP_038,Vendor_029,675902.05,318697.27,0.4715139863830861,0,0,0,0,0,1,29.8,0
MPLAD105716,Assam,Dibrugarh,MP_065,Vendor_116,647382.22,647382.22,1.0,0,0,0,0,0,-1,50.4,1
MPLAD105717,Gujarat,Surat,MP_053,Vendor_004,524323.98,430176.93,0.8204410753824382,0,0,0,0,0,-1,39.9,1
MPLAD105718,Jharkhand,Jamshedpur,MP_046,Vendor_117,4453375.59,4363844.23,0.9798958434583778,0,0,0,1,0,1,80.0,1
MPLAD105719,Gujarat,Ahmedabad,MP_047,Vendor_077,2073375.18,1925927.93,0.928885398348407,0,0,0,0,0,-1,46.9,1
MPLAD105720,Gujarat,Ahmedabad,MP_015,Vendor_119,1212077.81,1212077.81,1.0,0,0,0,0,0,-1,67.7,1
MPLAD105721,Punjab,Jalandhar,MP_045,Vendor_092,1176614.11,955626.29,0.8121832654208099,0,0,0,0,0,1,29.7,0
MPLAD105722,Assam,Dibrugarh,MP_075,Vendor_102,2378721.39,2263604.57,0.9516055892531406,0,0,0,0,0,-1,42.1,1
MPLAD105723,Kerala,Thiruvananthapuram,MP_102,Vendor_068,2747655.09,1451262.97,0.5281823673145235,0,0,0,0,0,-1,43.1,1
MPLAD105724,Karnataka,Hubballi,MP_029,Vendor_033,958223.76,850910.44,0.8880080786141223,0,0,0,0,0,-1,44.1,1
MPLAD105725,Assam,Dibrugarh,MP_075,Vendor_017,940715.89,251634.68,0.2674927495909525,0,0,0,0,0,1,9.8,0
MPLAD105726,Tamil Nadu,Coimbatore,MP_128,Vendor_053,1781772.51,1359202.2,0.7628371143743822,0,0,0,0,0,-1,51.9,1
MPLAD105727,Gujarat,Surat,MP_097,Vendor_097,1496129.96,1479831.4,0.9891061870053053,0,0,0,0,0,-1,60.8,1
MPLAD105728,Gujarat,Surat,MP_097,Vendor_094,3033209.8,2561128.71,0.8443625330499723,0,0,0,0,0,1,36.0,0
MPLAD105729,Punjab,Ludhiana,MP_030,Vendor_101,1172877.62,45479.8,0.0387762535702574,0,0,0,0,0,1,21.6,0
MPLAD105730,Bihar,Bhagalpur,MP_070,Vendor_062,671716.8,0.0,0.0,0,0,0,0,1,1,60.0,1
MPLAD105731,Kerala,Thiruvananthapuram,MP_134,Vendor_061,949751.64,802546.69,0.845006900962024,0,0,0,0,0,-1,63.2,1
MPLAD105732,Kerala,Kochi,MP_073,Vendor_069,359088.74,359088.74,1.0,0,0,0,0,0,-1,45.8,1
MPLAD105733,Gujarat,Ahmedabad,MP_015,Vendor_032,1426605.72,689119.74,0.48304849079113465,0,0,0,0,0,1,18.2,0
MPLAD105734,Kerala,Kochi,MP_085,Vendor_007,927524.38,350917.34,0.37833759151430607,0,0,0,0,0,1,36.4,0
MPLAD105735,Maharashtra,Nashik,MP_011,Vendor_005,1853357.27,1605598.27,0.8663188128859796,0,0,0,0,0,1,34.1,0
MPLAD105736,Telangana,Hyderabad,MP_140,Vendor_099,727966.14,348882.86,0.4792569885187242,0,0,0,0,0,1,22.0,0
MPLAD105737,Punjab,Ludhiana,MP_149,Vendor_082,1618179.77,890556.62,0.5503446752396367,0,0,0,0,0,1,19.6,0
MPLAD105738,Chhattisgarh,Bilaspur,MP_103,Vendor_033,834195.08,0.0,0.0,0,0,0,0,1,-1,60.0,1
MPLAD105739,West Bengal,Siliguri,MP_032,Vendor_045,859064.21,809495.91,0.9422996565064677,0,0,0,0,0,1,24.3,0
MPLAD105740,Gujarat,Surat,MP_006,Vendor_038,1585427.95,509880.98,0.32160463677961526,0,0,0,0,0,1,11.7,0
MPLAD105741,Odisha,Bhubaneswar,MP_092,Vendor_051,4530825.54,3970783.89,0.8763930226278366,0,0,0,0,0,1,38.6,0
MPLAD105742,Telangana,Hyderabad,MP_143,Vendor_025,1693424.67,1408071.1,0.8314932012889596,0,0,0,0,0,1,26.0,0
MPLAD105743,Uttar Pradesh,Varanasi,MP_007,Vendor_009,678716.83,571212.13,0.8416059610603733,0,0,0,0,0,-1,65.5,1
MPLAD105744,Telangana,Hyderabad,MP_142,Vendor_074,707285.9,0.0,0.0,0,0,0,0,1,1,60.0,1
MPLAD105745,Kerala,Thiruvananthapuram,MP_083,Vendor_019,2517459.33,0.0,0.0,0,0,0,0,1,1,60.0,1
MPLAD105746,Assam,Silchar,MP_076,Vendor_026,5734209.64,693513.79,0.12094322208980139,0,0,0,0,0,1,37.3,0
MPLAD105747,Jharkhand,Ranchi,MP_051,Vendor_057,2679679.3,2395304.05,0.8938771329837866,0,0,0,0,0,1,22.4,0
MPLAD105748,Gujarat,Vadodara,MP_093,Vendor_020,1205215.58,519242.49,0.4308295533318611,0,0,0,0,0,1,27.4,0
MPLAD105749,Gujarat,Ahmedabad,MP_015,Vendor_018,504975.06,504975.06,1.0,0,0,0,0,0,-1,44.8,1
MPLAD105750,West Bengal,Kolkata,MP_056,Vendor_084,1513593.92,1505851.12,0.9948844931935246,0,0,0,0,0,-1,40.0,1
MPLAD105751,Bihar,Gaya,MP_072,Vendor_090,301258.43,51719.32,0.17167758591850857,0,0,0,0,0,-1,40.8,1
MPLAD105752,Tamil Nadu,Madurai,MP_042,Vendor_096,2059108.01,635257.99,0.30851125191825174,0,0,0,0,0,1,29.6,0
MPLAD105753,Chhattisgarh,Raipur,MP_048,Vendor_070,872920.54,734476.22,0.8414010054110995,0,0,0,0,0,1,15.7,0
MPLAD105754,Telangana,Hyderabad,MP_041,Vendor_095,589928.51,351525.84,0.5958787107949741,0,0,0,0,0,-1,43.2,1
MPLAD105755,Chhattisgarh,Bilaspur,MP_058,Vendor_053,1411695.39,480801.49,0.34058444435382057,0,0,0,0,0,1,9.7,0
MPLAD105756,West Bengal,Kolkata,MP_089,Vendor_113,593335.52,306881.87,0.5172147286917864,0,0,0,0,0,1,9.9,0
MPLAD105757,Maharashtra,Mumbai,MP_105,Vendor_083,710075.88,294306.11,0.41447135199128293,0,0,0,0,0,1,11.4,0
MPLAD105758,Punjab,Amritsar,MP_012,Vendor_007,578665.43,506994.23,0.8761439749390246,0,0,0,0,0,-1,55.0,1
MPLAD105759,Maharashtra,Pune,MP_014,Vendor_083,2437906.43,0.0,0.0,0,0,0,0,1,1,60.0,1
MPLAD105760,Chhattisgarh,Raipur,MP_020,Vendor_052,2765684.8,1020637.39,0.3690360485041535,0,0,0,0,0,-1,47.8,1
MPLAD105761,Kerala,Kochi,MP_108,Vendor_061,1878085.62,0.0,0.0,0,0,0,0,1,-1,60.0,1
MPLAD105762,Rajasthan,Jaipur,MP_004,Vendor_001,1701682.21,887662.65,0.5216383204711296,0,0,0,0,0,-1,47.2,1
MPLAD105763,Kerala,Kozhikode,MP_043,Vendor_013,758878.63,457595.69,0.6029892948757827,0,0,0,0,0,-1,49.0,1
MPLAD105764,Tamil Nadu,Madurai,MP_087,Vendor_048,1483426.34,417047.6,0.2811380577211538,0,0,0,0,0,1,7.1,0
MPLAD105765,Punjab,Ludhiana,MP_101,Vendor_041,231486.8,200012.57,0.8640344503444689,0,0,0,0,0,1,31.0,0
MPLAD105766,Assam,Dibrugarh,MP_131,Vendor_053,1038269.44,554475.68,0.534038332092294,0,0,0,0,0,1,19.0,0
MPLAD105767,Madhya Pradesh,Indore,MP_150,Vendor_066,3353524.2,3353524.2,1.0,0,0,0,0,0,-1,70.6,1
MPLAD105768,Kerala,Kozhikode,MP_043,Vendor_021,1544555.36,1493403.99,0.9668827862537733,0,0,0,0,0,-1,64.4,1
MPLAD105769,Madhya Pradesh,Bhopal,MP_033,Vendor_008,1063352.58,0.0,0.0,0,0,0,0,1,1,60.0,1
MPLAD105770,Jharkhand,Ranchi,MP_109,Vendor_062,801100.07,228295.01,0.28497689433481144,0,0,0,0,0,1,7.3,0
MPLAD105771,West Bengal,Kolkata,MP_057,Vendor_078,969042.57,644493.42,0.6650826702071511,0,0,0,0,0,1,22.5,0
MPLAD105772,Punjab,Ludhiana,MP_141,Vendor_119,2775506.37,2702270.14,0.9736133806819546,0,0,0,0,0,-1,50.5,1
MPLAD105773,Punjab,Jalandhar,MP_144,Vendor_097,1314750.53,399074.34,0.30353616970970154,0,0,0,0,0,-1,62.8,1
MPLAD105774,Jharkhand,Ranchi,MP_051,Vendor_070,560280.78,90562.93,0.16163847348109994,0,0,0,0,0,1,8.2,0
MPLAD105775,Tamil Nadu,Coimbatore,MP_128,Vendor_070,500000.0,161024.06,0.32204812,0,0,0,0,0,1,16.0,0
MPLAD105776,Maharashtra,Nashik,MP_011,Vendor_029,1838013.21,718454.42,0.39088642893921316,0,0,0,0,0,1,30.5,0
MPLAD105777,Telangana,Hyderabad,MP_041,Vendor_063,692487.75,692487.75,1.0,0,0,0,0,0,1,33.2,0
MPLAD105778,Andhra Pradesh,Guntur,MP_036,Vendor_013,1201115.75,490789.42,0.4086112599888895,0,0,0,0,0,-1,45.4,1
MPLAD105779,Gujarat,Ahmedabad,MP_002,Vendor_043,1086045.75,1086045.75,1.0,0,0,0,0,0,-1,53.8,1
MPLAD105780,Punjab,Jalandhar,MP_139,Vendor_097,1898912.35,0.0,0.0,0,0,0,0,1,-1,68.0,1
MPLAD105781,Jharkhand,Ranchi,MP_035,Vendor_020,1042605.11,525212.44,0.5037501111039058,0,0,0,0,0,1,19.1,0
MPLAD105782,Haryana,Faridabad,MP_112,Vendor_091,1086638.37,1015380.53,0.934423593011905,0,0,0,0,0,1,30.9,0
MPLAD105783,Maharashtra,Nashik,MP_068,Vendor_082,312125.14,176751.66,0.5662845998242884,0,0,0,0,0,1,18.7,0
MPLAD105784,Punjab,Jalandhar,MP_139,Vendor_085,502861.9,417490.01,0.830227961195708,0,0,0,0,0,-1,53.2,1
MPLAD105785,Kerala,Kochi,MP_073,Vendor_031,2794573.98,2291867.75,0.8201134650226722,0,0,0,0,0,1,24.9,0
MPLAD105786,Tamil Nadu,Coimbatore,MP_128,Vendor_020,1886193.23,733909.54,0.3890956283413233,0,0,0,0,0,1,16.6,0
MPLAD105787,Chhattisgarh,Raipur,MP_005,Vendor_080,663146.37,240648.41,0.3628888295053172,0,0,0,0,0,1,29.6,0
MPLAD105788,Punjab,Amritsar,MP_064,Vendor_005,598401.15,253173.37,0.42308302716330004,0,0,0,0,0,1,18.7,0
MPLAD105789,Telangana,Hyderabad,MP_140,Vendor_049,5871897.11,2032479.99,0.346136853545787,0,0,0,0,0,1,17.2,0
MPLAD105790,Andhra Pradesh,Guntur,MP_119,Vendor_005,1245881.47,1245881.47,1.0,0,0,0,0,0,-1,46.0,1
MPLAD105791,Jharkhand,Jamshedpur,MP_132,Vendor_012,1513860.15,596057.68,0.3937336483822499,0,0,0,0,0,1,25.5,0
MPLAD105792,Gujarat,Surat,MP_053,Vendor_080,1984373.29,1090427.92,0.5495074568354021,0,0,0,0,0,1,23.2,0
MPLAD105793,West Bengal,Kolkata,MP_054,Vendor_119,1745930.14,0.0,0.0,0,1,0,0,1,1,85.0,1
MPLAD105794,Rajasthan,Jaipur,MP_121,Vendor_067,904206.16,0.0,0.0,0,1,0,0,1,1,85.0,1
MPLAD105795,Assam,Dibrugarh,MP_117,Vendor_070,1090135.08,198788.15,0.18235185129534587,0,0,0,0,0,1,28.9,0
MPLAD105796,Karnataka,Mysuru,MP_062,Vendor_092,1723674.08,1723674.08,1.0,0,0,0,0,0,1,22.0,0
MPLAD105797,Rajasthan,Jaipur,MP_121,Vendor_016,2465195.69,2205185.87,0.8945277159721142,0,0,0,0,0,1,35.7,0
MPLAD105798,Gujarat,Vadodara,MP_093,Vendor_028,1986092.16,1805965.37,0.9093059256625836,0,0,0,0,0,1,34.4,0
MPLAD105799,Punjab,Amritsar,MP_012,Vendor_088,679192.07,581372.48,0.8559765428356665,0,0,0,0,0,-1,39.9,1
MPLAD105800,Gujarat,Surat,MP_006,Vendor_044,1448836.6,0.0,0.0,0,0,0,0,1,-1,60.0,1
MPLAD105801,Gujarat,Ahmedabad,MP_015,Vendor_090,893505.73,315551.36,0.35316098084787884,0,0,0,0,0,1,19.2,0
MPLAD105802,Odisha,Rourkela,MP_106,Vendor_063,1640661.28,976319.33,0.5950767180901593,0,0,0,0,0,1,8.3,0
MPLAD105803,Tamil Nadu,Chennai,MP_135,Vendor_009,239424.16,0.0,0.0,0,0,0,0,1,1,60.0,1
MPLAD105804,Telangana,Hyderabad,MP_140,Vendor_047,1626884.78,0.0,0.0,0,0,0,0,1,1,60.0,1
MPLAD105805,Bihar,Patna,MP_028,Vendor_085,2088196.7,0.0,0.0,0,0,0,0,1,1,60.0,1
MPLAD105806,Punjab,Jalandhar,MP_144,Vendor_048,335447.85,193877.63,0.5779665304159798,0,0,0,0,0,1,24.1,0
MPLAD105807,Gujarat,Ahmedabad,MP_027,Vendor_062,2495260.82,0.0,0.0,0,0,0,0,1,-1,60.0,1
MPLAD105808,Karnataka,Mysuru,MP_019,Vendor_043,1082755.76,324125.36,0.29935223803381106,0,0,0,0,0,1,31.5,0
MPLAD105809,Punjab,Jalandhar,MP_146,Vendor_099,2167902.2,1997321.41,0.9213152742775942,0,0,0,0,0,-1,42.0,1
MPLAD105810,Madhya Pradesh,Indore,MP_150,Vendor_013,1781023.12,0.0,0.0,0,0,0,0,1,1,60.0,1
MPLAD105811,Maharashtra,Mumbai,MP_069,Vendor_066,2247019.52,2094645.51,0.932188390601965,0,0,0,0,0,1,16.1,0
MPLAD105812,Gujarat,Ahmedabad,MP_015,Vendor_111,2166720.14,4408.24,0.002034522095686986,0,1,0,0,0,-1,85.0,1
MPLAD105813,Maharashtra,Mumbai,MP_105,Vendor_067,885174.72,0.0,0.0,0,0,0,0,1,1,60.0,1
MPLAD105814,Rajasthan,Jodhpur,MP_099,Vendor_063,2731404.5,2407927.61,0.8815712246208864,0,0,0,0,0,1,31.8,0
MPLAD105815,Kerala,Kochi,MP_108,Vendor_008,840769.34,0.0,0.0,0,0,0,0,1,1,60.0,1
MPLAD105816,Punjab,Jalandhar,MP_146,Vendor_025,976789.32,391486.85,0.40078944556846713,0,0,0,0,0,1,17.7,0
MPLAD105817,Madhya Pradesh,Bhopal,MP_084,Vendor_030,1227537.55,1139441.34,0.9282333888686338,0,0,0,0,0,-1,42.1,1
MPLAD105818,West Bengal,Kolkata,MP_089,Vendor_084,823608.97,720553.83,0.8748737037188897,0,0,0,0,0,1,35.7,0
MPLAD105819,Madhya Pradesh,Bhopal,MP_084,Vendor_050,1577493.52,1457820.81,0.924137431639022,0,0,0,0,0,-1,42.5,1
MPLAD105820,Assam,Dibrugarh,MP_131,Vendor_056,2325895.33,1979533.52,0.8510845240830334,0,0,0,0,0,1,19.0,0
MPLAD105821,Assam,Dibrugarh,MP_123,Vendor_097,2352382.04,819901.95,0.3485411536299605,0,0,0,0,0,-1,63.3,1
MPLAD105822,Tamil Nadu,Madurai,MP_087,Vendor_075,1613805.74,0.0,0.0,0,0,0,0,1,-1,60.0,1
MPLAD105823,Punjab,Amritsar,MP_098,Vendor_001,769676.07,734883.08,0.9547952816046367,0,0,0,0,0,-1,54.0,1
MPLAD105824,Punjab,Amritsar,MP_012,Vendor_032,517575.96,243229.27,0.4699392722954134,0,0,0,0,0,1,18.4,0
MPLAD105825,Chhattisgarh,Raipur,MP_048,Vendor_004,943996.71,311437.35,0.32991359683870086,0,0,0,0,0,1,22.3,0
MPLAD105826,West Bengal,Siliguri,MP_111,Vendor_033,458323.71,443265.09,0.9671441392373089,0,0,0,0,0,1,27.2,0
MPLAD105827,Kerala,Kochi,MP_073,Vendor_017,2160212.78,934771.06,0.4327217525303226,0,0,0,0,0,1,28.9,0
MPLAD105828,Chhattisgarh,Bilaspur,MP_081,Vendor_001,631410.34,230644.03,0.3652838976314515,0,0,0,0,0,1,16.0,0
MPLAD105829,Maharashtra,Nashik,MP_011,Vendor_112,2494562.26,95871.99,0.03843239013805974,0,1,0,0,0,1,85.0,1
MPLAD105830,Jharkhand,Ranchi,MP_107,Vendor_039,5683633.01,943718.41,0.16604140491470615,0,0,0,0,0,1,27.9,0
MPLAD105831,Punjab,Ludhiana,MP_141,Vendor_088,859660.7,176879.68,0.20575522412505307,0,0,0,0,0,1,16.9,0
MPLAD105832,Maharashtra,Pune,MP_127,Vendor_023,1129583.28,77417.14,0.06853601799063457,0,0,0,0,0,1,19.3,0
MPLAD105833,Punjab,Jalandhar,MP_144,Vendor_062,794768.48,0.0,0.0,0,0,0,0,1,-1,60.0,1
MPLAD105834,Karnataka,Mysuru,MP_059,Vendor_117,1992725.75,1665745.08,0.8359128595593247,0,0,0,0,0,1,21.7,0
MPLAD105835,Assam,Guwahati,MP_148,Vendor_082,1354281.72,0.0,0.0,0,0,0,0,1,1,60.0,1
MPLAD105836,Punjab,Jalandhar,MP_146,Vendor_077,1108141.76,0.0,0.0,0,0,0,0,1,-1,60.0,1
MPLAD105837,Chhattisgarh,Bilaspur,MP_094,Vendor_024,1766709.9,405239.87,0.2293754452839145,0,0,0,0,0,1,13.1,0
MPLAD105838,Madhya Pradesh,Bhopal,MP_084,Vendor_029,744007.04,507382.89,0.6819597970470817,0,0,0,0,0,1,16.9,0
MPLAD105839,West Bengal,Kolkata,MP_001,Vendor_112,2217910.86,0.0,0.0,0,0,0,0,1,-1,60.0,1
MPLAD105840,Odisha,Cuttack,MP_010,Vendor_011,1315436.91,1487007.71,1.1304287561765316,0,0,1,0,0,-1,90.0,1
MPLAD105841,Gujarat,Surat,MP_053,Vendor_052,3320632.16,3293035.77,0.9916894167525017,0,0,0,1,0,-1,80.0,1
MPLAD105842,Assam,Guwahati,MP_133,Vendor_020,892909.6,0.0,0.0,0,0,0,0,1,1,60.0,1
MPLAD105843,Gujarat,Ahmedabad,MP_002,Vendor_040,2226908.54,1750246.7,0.7859535623317516,0,0,0,0,0,1,30.6,0
MPLAD105844,Bihar,Bhagalpur,MP_110,Vendor_056,1319922.41,733179.12,0.5554713780486537,0,0,0,0,0,1,24.6,0
MPLAD105845,Jharkhand,Ranchi,MP_051,Vendor_106,2073442.25,708301.43,0.3416065385954203,0,0,0,0,0,1,13.8,0
MPLAD105846,Assam,Dibrugarh,MP_131,Vendor_052,823278.35,250186.86,0.3038909744195265,0,0,0,0,0,-1,44.9,1
MPLAD105847,West Bengal,Kolkata,MP_054,Vendor_004,1607382.09,1590542.95,0.9895238723233503,0,0,0,0,0,-1,56.6,1
MPLAD105848,Gujarat,Ahmedabad,MP_015,Vendor_026,674616.87,627551.67,0.9302341786976066,0,0,0,0,0,-1,54.5,1
MPLAD105849,Maharashtra,Mumbai,MP_069,Vendor_106,4797606.95,2332179.0,0.48611297763773664,0,0,0,0,0,1,15.1,0
MPLAD105850,Maharashtra,Mumbai,MP_067,Vendor_021,1019855.81,444132.91,0.43548598306264485,0,0,0,0,0,1,20.2,0
MPLAD105851,West Bengal,Kolkata,MP_057,Vendor_016,526403.79,405898.87,0.7710789278321875,0,0,0,0,0,1,19.4,0
MPLAD105852,Odisha,Bhubaneswar,MP_092,Vendor_062,713615.21,0.0,0.0,0,1,0,0,1,1,85.0,1
MPLAD105853,West Bengal,Kolkata,MP_009,Vendor_103,1304224.44,1109045.4,0.8503485795742334,0,0,0,0,0,-1,40.9,1
MPLAD105854,Assam,Silchar,MP_129,Vendor_076,1795988.48,1717401.72,0.9562431714484049,0,0,0,0,0,1,27.0,0
MPLAD105855,Tamil Nadu,Madurai,MP_087,Vendor_073,3952268.39,3332938.94,0.8432977245252314,0,0,0,0,0,1,34.3,0
MPLAD105856,Assam,Dibrugarh,MP_123,Vendor_120,1898261.22,835495.87,0.44013745905845353,0,0,0,0,0,1,12.7,0
MPLAD105857,Assam,Silchar,MP_016,Vendor_092,1781313.9,1745705.99,0.980010311489738,0,0,0,0,0,-1,41.0,1
MPLAD105858,Telangana,Hyderabad,MP_143,Vendor_003,1035853.12,0.0,0.0,0,0,0,0,1,1,60.0,1
MPLAD105859,Uttar Pradesh,Varanasi,MP_007,Vendor_058,468550.33,0.0,0.0,0,0,0,0,1,1,60.0,1
MPLAD105860,West Bengal,Siliguri,MP_071,Vendor_017,1101177.17,0.0,0.0,0,0,0,0,1,1,60.0,1
MPLAD105861,Punjab,Amritsar,MP_064,Vendor_094,2193410.3,0.0,0.0,0,0,0,0,1,1,60.0,1
MPLAD105862,Madhya Pradesh,Bhopal,MP_033,Vendor_082,842140.65,797162.04,0.9465901450072502,0,0,0,0,0,1,26.0,0
MPLAD105863,Chhattisgarh,Bilaspur,MP_080,Vendor_020,2094051.39,59983.77,0.028644841423877375,0,1,0,0,0,1,85.0,1
MPLAD105864,Kerala,Kozhikode,MP_043,Vendor_067,2476534.17,2322880.44,0.9379561437668352,0,0,0,0,0,-1,46.1,1
MPLAD105865,Maharashtra,Pune,MP_127,Vendor_068,1908880.46,1836749.11,0.9622127464178664,0,0,0,0,0,-1,62.6,1
MPLAD105866,Bihar,Bhagalpur,MP_147,Vendor_002,2297669.83,0.0,0.0,0,0,0,0,1,1,60.0,1
MPLAD105867,West Bengal,Kolkata,MP_056,Vendor_083,662564.43,591720.66,0.8930764061692837,0,0,0,0,0,1,32.1,0
MPLAD105868,Tamil Nadu,Madurai,MP_136,Vendor_114,2883886.4,0.0,0.0,0,0,0,0,1,1,60.0,1
MPLAD105869,Chhattisgarh,Bilaspur,MP_103,Vendor_046,1127749.33,218782.96,0.19399963642629695,0,0,0,0,0,-1,39.1,1
MPLAD105870,Rajasthan,Jaipur,MP_004,Vendor_036,1381031.95,1283973.36,0.9297202428951772,0,0,0,0,0,-1,43.0,1
MPLAD105871,Chhattisgarh,Raipur,MP_113,Vendor_109,3063018.43,0.0,0.0,0,0,0,0,1,1,60.0,1
MPLAD105872,Bihar,Bhagalpur,MP_077,Vendor_085,1673577.87,1558687.16,0.9313502454474973,0,0,0,0,0,1,16.5,0
MPLAD105873,Assam,Silchar,MP_076,Vendor_081,1165440.76,57123.98,0.04901491518110281,0,1,0,0,0,-1,85.0,1
MPLAD105874,Odisha,Bhubaneswar,MP_092,Vendor_111,598408.23,0.0,0.0,0,0,0,0,1,-1,60.0,1
MPLAD105875,Odisha,Cuttack,MP_010,Vendor_006,409400.97,373989.65,0.913504552761563,0,0,0,0,0,-1,44.0,1
MPLAD105876,Jharkhand,Ranchi,MP_107,Vendor_061,568100.82,268745.07,0.47305876094317206,0,0,0,0,0,-1,42.3,1
MPLAD105877,West Bengal,Siliguri,MP_071,Vendor_057,1164655.72,541079.28,0.4645830271627396,0,0,0,0,0,1,15.3,0
MPLAD105878,Gujarat,Ahmedabad,MP_100,Vendor_087,1275682.6,0.0,0.0,0,0,0,0,1,-1,60.0,1
MPLAD105879,Tamil Nadu,Coimbatore,MP_128,Vendor_010,1500000.0,1500000.0,1.0,0,0,0,0,1,-1,60.0,1
MPLAD105880,Uttar Pradesh,Lucknow,MP_049,Vendor_074,5286882.07,5277398.71,0.9982062471085155,0,0,0,0,0,-1,74.9,1
MPLAD105881,Karnataka,Hubballi,MP_029,Vendor_107,3499960.24,3261201.31,0.9317823879050694,0,0,0,0,0,-1,48.3,1
MPLAD105882,Odisha,Bhubaneswar,MP_092,Vendor_012,1920228.07,1535815.46,0.7998088789525923,0,0,0,0,0,1,37.8,0
MPLAD105883,Bihar,Bhagalpur,MP_077,Vendor_062,1686390.89,1118772.32,0.6634122175553262,0,0,0,0,0,1,29.0,0
MPLAD105884,Punjab,Ludhiana,MP_141,Vendor_043,226474.1,221484.27,0.9779673260650996,0,0,0,0,0,1,27.4,0
MPLAD105885,Andhra Pradesh,Vijayawada,MP_116,Vendor_018,1251044.94,0.0,0.0,0,0,0,0,1,1,60.0,1
MPLAD105886,Bihar,Bhagalpur,MP_110,Vendor_033,1403246.82,735021.54,0.5238006097886614,0,0,0,0,0,1,31.5,0
MPLAD105887,Haryana,Gurugram,MP_003,Vendor_117,1809415.37,201036.3,0.11110566613568668,0,0,0,0,0,1,17.0,0
MPLAD105888,Bihar,Bhagalpur,MP_077,Vendor_035,1038016.73,818516.13,0.7885384756756281,0,0,0,0,0,-1,54.6,1
MPLAD105889,Assam,Dibrugarh,MP_117,Vendor_091,3342923.2,1024872.21,0.3065796456227292,0,0,0,0,0,1,27.9,0
MPLAD105890,Punjab,Jalandhar,MP_144,Vendor_022,1404185.19,0.0,0.0,0,0,0,0,1,1,60.0,1
MPLAD105891,Karnataka,Hubballi,MP_029,Vendor_085,1355771.27,1355771.27,1.0,0,0,0,0,0,-1,43.6,1
MPLAD105892,Andhra Pradesh,Guntur,MP_036,Vendor_120,577956.93,340240.39,0.588695060720182,0,0,0,0,0,1,31.6,0
MPLAD105893,Kerala,Thiruvananthapuram,MP_074,Vendor_016,2413349.53,836730.73,0.3467093015739001,0,0,0,0,0,1,9.2,0
MPLAD105894,Maharashtra,Mumbai,MP_069,Vendor_032,1338486.85,1182083.19,0.8831489005663372,0,0,0,0,0,1,23.5,0
MPLAD105895,Karnataka,Mysuru,MP_019,Vendor_036,1640753.01,908329.29,0.5536051340231886,0,0,0,0,0,-1,54.0,1
MPLAD105896,Kerala,Thiruvananthapuram,MP_074,Vendor_038,1698968.58,496744.23,0.2923798802682978,0,0,0,0,0,1,5.4,0
MPLAD105897,Jharkhand,Ranchi,MP_109,Vendor_113,1697879.58,0.0,0.0,0,0,0,0,1,1,60.0,1
MPLAD105898,Chhattisgarh,Bilaspur,MP_103,Vendor_114,2062362.53,1884826.29,0.9139160853547897,0,0,0,0,0,1,20.8,0
MPLAD105899,Odisha,Cuttack,MP_010,Vendor_010,578782.71,520909.36,0.9000085023272378,0,0,0,0,0,-1,61.2,1
MPLAD105900,Chhattisgarh,Raipur,MP_005,Vendor_118,1318543.95,1318543.95,1.0,0,0,0,0,0,1,33.0,0
MPLAD105901,Gujarat,Ahmedabad,MP_002,Vendor_006,1299401.13,1299401.13,1.0,0,0,0,0,0,-1,76.3,1
MPLAD105902,Assam,Dibrugarh,MP_075,Vendor_060,584957.73,211576.94,0.3616961177690566,0,0,0,0,0,1,8.8,0
MPLAD105903,Andhra Pradesh,Guntur,MP_036,Vendor_105,528889.62,503283.75,0.9515856068417452,0,0,0,0,0,1,34.8,0
MPLAD105904,Rajasthan,Jaipur,MP_121,Vendor_089,759386.51,748451.29,0.9855999285528525,0,0,0,0,0,-1,39.8,1
MPLAD105905,Odisha,Cuttack,MP_017,Vendor_103,1568866.91,312185.48,0.19898786698229234,0,0,0,0,0,1,14.0,0
MPLAD105906,Tamil Nadu,Coimbatore,MP_037,Vendor_075,2181041.84,1475848.14,0.6766711728923092,0,0,0,0,0,-1,46.9,1
MPLAD105907,Madhya Pradesh,Indore,MP_038,Vendor_062,807611.61,492787.24,0.6101784990436182,0,0,0,0,0,-1,45.5,1
MPLAD105908,Bihar,Patna,MP_050,Vendor_058,531181.6,223940.45,0.4215892455612168,0,0,0,0,0,1,9.2,0
MPLAD105909,Tamil Nadu,Madurai,MP_145,Vendor_039,1932130.52,388754.68,0.20120518566209492,0,0,0,0,0,1,13.7,0
MPLAD105910,Gujarat,Surat,MP_053,Vendor_083,802314.64,10339.34,0.012886889363006014,0,1,0,0,0,1,85.0,1
MPLAD105911,Rajasthan,Jaipur,MP_121,Vendor_085,1477173.28,0.0,0.0,0,0,0,0,1,1,60.0,1
MPLAD105912,Bihar,Patna,MP_050,Vendor_041,1811151.59,779984.74,0.4306567955474119,0,0,0,0,0,1,6.4,0
MPLAD105913,Rajasthan,Udaipur,MP_023,Vendor_031,2623767.2,1473117.91,0.5614514542296283,0,0,0,0,0,1,28.8,0
MPLAD105914,Telangana,Hyderabad,MP_142,Vendor_017,2912019.64,2618735.28,0.8992848963065372,0,0,0,0,0,1,20.5,0
MPLAD105915,Gujarat,Ahmedabad,MP_100,Vendor_090,1775301.39,1583786.68,0.8921227059930371,0,0,0,0,0,1,34.8,0
MPLAD105916,Kerala,Thiruvananthapuram,MP_074,Vendor_008,1184593.55,704093.3,0.5943754294458213,0,0,0,0,0,1,23.2,0
MPLAD105917,Punjab,Ludhiana,MP_101,Vendor_087,1869394.01,663055.87,0.35469027206308423,0,0,0,0,0,1,14.8,0
MPLAD105918,Maharashtra,Pune,MP_127,Vendor_016,1379649.49,1207892.56,0.8755068361602483,0,0,0,0,0,1,16.9,0
MPLAD105919,Jharkhand,Jamshedpur,MP_132,Vendor_035,798995.08,687806.25,0.8608391556053137,0,0,0,0,0,-1,58.0,1
MPLAD105920,West Bengal,Kolkata,MP_056,Vendor_048,2553782.86,1197171.72,0.46878367724654557,0,0,0,0,0,1,16.1,0
MPLAD105921,Andhra Pradesh,Vijayawada,MP_116,Vendor_053,1063240.82,432464.94,0.4067422279742796,0,0,0,0,0,1,27.7,0
MPLAD105922,Kerala,Thiruvananthapuram,MP_134,Vendor_036,2288553.33,679985.05,0.2971244065350227,0,0,0,0,0,1,17.5,0
MPLAD105923,Haryana,Faridabad,MP_137,Vendor_033,1332434.81,0.0,0.0,0,0,0,0,1,-1,60.0,1
MPLAD105924,Telangana,Hyderabad,MP_143,Vendor_046,980242.81,25161.75,0.025668895240353765,0,1,0,0,0,1,85.0,1
MPLAD105925,Andhra Pradesh,Guntur,MP_036,Vendor_007,584021.68,170337.11,0.29166230609795163,0,0,0,0,0,-1,53.3,1
MPLAD105926,Bihar,Patna,MP_050,Vendor_117,1307710.01,714911.09,0.5466893153169333,0,0,0,0,0,1,14.1,0
MPLAD105927,Odisha,Bhubaneswar,MP_092,Vendor_058,289160.43,0.0,0.0,0,0,0,0,1,1,60.0,1
MPLAD105928,Madhya Pradesh,Indore,MP_038,Vendor_008,2612993.7,980571.38,0.37526741070979236,0,0,0,0,0,1,30.0,0
MPLAD105929,Maharashtra,Nashik,MP_068,Vendor_048,1241683.24,482065.54,0.3882355213234577,0,0,0,0,0,1,23.8,0
MPLAD105930,Jharkhand,Ranchi,MP_109,Vendor_011,458479.66,455691.16,0.9939179417468597,0,0,0,0,0,-1,52.1,1
MPLAD105931,Chhattisgarh,Raipur,MP_048,Vendor_074,813519.09,253830.38,0.31201527182355365,0,0,0,0,0,1,20.9,0
MPLAD105932,Punjab,Amritsar,MP_064,Vendor_054,2338571.79,1643994.91,0.7029909952005364,0,0,0,0,0,-1,46.0,1
MPLAD105933,Assam,Dibrugarh,MP_117,Vendor_075,774780.96,0.0,0.0,0,0,0,0,1,-1,60.0,1
MPLAD105934,Jharkhand,Ranchi,MP_109,Vendor_079,788753.39,216709.49,0.27474936114062215,0,0,0,0,0,1,5.8,0
MPLAD105935,Haryana,Gurugram,MP_138,Vendor_094,1509737.08,1020902.98,0.6762124303127005,0,0,0,0,0,1,13.1,0
MPLAD105936,Chhattisgarh,Bilaspur,MP_080,Vendor_049,379506.22,0.0,0.0,0,1,0,0,1,1,85.0,1
MPLAD105937,Gujarat,Vadodara,MP_040,Vendor_115,1266586.7,392285.59,0.3097187030307519,0,0,0,0,0,1,31.2,0
MPLAD105938,Chhattisgarh,Bilaspur,MP_080,Vendor_055,2359988.41,990912.9,0.41988040949743477,0,0,0,0,0,1,29.8,0
MPLAD105939,Maharashtra,Nashik,MP_011,Vendor_091,1812149.09,1608190.22,0.8874491778157171,0,0,0,0,0,1,32.8,0
MPLAD105940,Chhattisgarh,Raipur,MP_048,Vendor_091,936315.28,360559.96,0.3850839217320046,0,0,0,0,0,1,18.9,0
MPLAD105941,West Bengal,Kolkata,MP_056,Vendor_005,576809.52,363949.7,0.630970341820988,0,0,0,0,0,1,16.8,0
MPLAD105942,Assam,Dibrugarh,MP_065,Vendor_108,730981.44,730981.44,1.0,0,0,0,0,0,1,26.3,0
MPLAD105943,Kerala,Kochi,MP_086,Vendor_043,1018430.25,382611.28,0.3756872696976548,0,0,0,0,0,1,24.0,0
MPLAD105944,Gujarat,Ahmedabad,MP_015,Vendor_021,1901926.18,1749955.5,0.9200964361298187,0,0,0,0,0,1,26.5,0
MPLAD105945,Punjab,Jalandhar,MP_045,Vendor_055,1793859.96,719555.98,0.4011216014877772,0,0,0,0,0,1,33.8,0
MPLAD105946,Jharkhand,Ranchi,MP_109,Vendor_062,929033.34,846955.64,0.911652578582379,0,0,0,0,0,1,19.1,0
MPLAD105947,Gujarat,Ahmedabad,MP_047,Vendor_082,1092032.95,520369.33,0.47651431213682705,0,0,0,0,0,1,20.7,0
MPLAD105948,Kerala,Kochi,MP_104,Vendor_104,1989314.42,1989314.42,1.0,0,0,0,0,0,-1,45.2,1
MPLAD105949,Tamil Nadu,Madurai,MP_136,Vendor_025,983838.85,477832.11,0.4856812779857189,0,0,0,0,0,1,11.3,0
MPLAD105950,Kerala,Kochi,MP_104,Vendor_112,798940.73,360027.92,0.45063157563640543,0,0,0,0,0,1,30.6,0
MPLAD105951,Punjab,Amritsar,MP_064,Vendor_026,1581878.65,1581878.65,1.0,0,0,0,0,0,-1,59.4,1
MPLAD105952,Madhya Pradesh,Bhopal,MP_033,Vendor_070,1880978.81,1880978.81,1.0,0,0,0,0,0,1,27.9,0
MPLAD105953,Karnataka,Mysuru,MP_034,Vendor_065,593749.63,516972.51,0.8706910857359187,0,0,0,0,0,1,28.8,0
MPLAD105954,Gujarat,Ahmedabad,MP_047,Vendor_111,4895562.13,4495191.71,0.918217681776209,0,0,0,0,0,1,37.3,0
MPLAD105955,Rajasthan,Jodhpur,MP_099,Vendor_024,1301358.77,593311.66,0.45591705660077125,0,0,0,0,0,1,24.5,0
MPLAD105956,Tamil Nadu,Chennai,MP_066,Vendor_040,317908.39,109451.05,0.34428487401669394,0,0,0,0,0,1,8.2,0
MPLAD105957,Maharashtra,Nashik,MP_068,Vendor_120,1609878.12,1471147.8,0.9138255758143976,0,0,0,0,0,-1,46.0,1
MPLAD105958,Tamil Nadu,Madurai,MP_125,Vendor_019,791880.34,456940.55,0.5770323203124351,0,0,0,0,0,1,18.5,0
MPLAD105959,Odisha,Cuttack,MP_017,Vendor_105,448714.1,173838.47,0.3874147703404016,0,0,0,0,0,1,21.2,0
MPLAD105960,Uttar Pradesh,Varanasi,MP_007,Vendor_085,1130232.73,502562.25,0.4446537749796009,0,0,0,0,0,1,37.9,0
MPLAD105961,West Bengal,Kolkata,MP_057,Vendor_018,622444.97,582504.46,0.9358328656748564,0,0,0,0,0,1,27.1,0
MPLAD105962,Tamil Nadu,Madurai,MP_087,Vendor_054,1720636.0,492523.23,0.2862448710825532,0,0,0,0,0,1,34.4,0
MPLAD105963,Odisha,Rourkela,MP_013,Vendor_050,452391.37,160312.79,0.3543674805290826,0,0,0,0,0,1,11.9,0
MPLAD105964,West Bengal,Kolkata,MP_057,Vendor_050,2969484.53,41232.92,0.013885548007889437,0,1,0,0,0,1,85.0,1
MPLAD105965,West Bengal,Kolkata,MP_009,Vendor_003,3921401.24,2324341.83,0.5927324667240631,0,0,0,0,0,1,23.9,0
MPLAD105966,Tamil Nadu,Madurai,MP_087,Vendor_078,1042711.05,0.0,0.0,0,0,0,0,1,1,60.0,1
MPLAD105967,Punjab,Jalandhar,MP_144,Vendor_108,3856624.5,0.0,0.0,0,0,0,0,1,1,60.0,1
MPLAD105968,Assam,Silchar,MP_129,Vendor_050,557092.8,557092.8,1.0,0,0,0,0,0,-1,61.8,1
MPLAD105969,Jharkhand,Jamshedpur,MP_132,Vendor_036,4247418.42,4247418.42,1.0,0,0,0,0,0,-1,40.2,1
MPLAD105970,Kerala,Thiruvananthapuram,MP_134,Vendor_054,3138544.76,361041.88,0.11503480358202699,0,0,0,0,0,-1,39.9,1
MPLAD105971,Punjab,Amritsar,MP_098,Vendor_019,613398.47,186049.99,0.3033101631309905,0,0,0,0,0,1,17.5,0
MPLAD105972,Punjab,Ludhiana,MP_141,Vendor_088,732588.26,0.0,0.0,0,0,0,0,1,1,60.0,1
MPLAD105973,Punjab,Jalandhar,MP_139,Vendor_091,2800890.26,103971.04,0.03712071175541165,0,1,0,0,0,1,85.0,1
MPLAD105974,Kerala,Kochi,MP_022,Vendor_055,1437563.65,1765152.7,1.227877944743525,0,0,1,0,0,-1,90.0,1
MPLAD105975,Odisha,Bhubaneswar,MP_092,Vendor_108,424433.93,374630.55,0.8826592869236444,0,0,0,0,0,1,32.6,0
MPLAD105976,Odisha,Rourkela,MP_090,Vendor_093,521676.2,233802.32,0.4481751707285094,0,0,0,0,0,1,28.6,0
MPLAD105977,Kerala,Kochi,MP_008,Vendor_100,710134.18,644226.18,0.9071893708876257,0,0,0,0,0,1,32.2,0
MPLAD105978,Assam,Dibrugarh,MP_065,Vendor_095,1441462.7,660406.64,0.45815034964137474,0,0,0,0,0,1,27.5,0
MPLAD105979,Tamil Nadu,Chennai,MP_066,Vendor_014,2807098.32,17164.88,0.006114812537097027,0,1,0,0,0,1,85.0,1
MPLAD105980,Bihar,Gaya,MP_072,Vendor_091,1362781.27,464522.0,0.3408632113060961,0,0,0,0,0,-1,42.3,1
MPLAD105981,West Bengal,Kolkata,MP_001,Vendor_105,1401741.82,0.0,0.0,0,0,0,0,1,1,60.0,1
MPLAD105982,Kerala,Kochi,MP_104,Vendor_105,1813575.55,0.0,0.0,0,0,0,0,1,1,60.0,1
MPLAD105983,Maharashtra,Mumbai,MP_105,Vendor_078,3355543.06,1015513.38,0.30263756472253406,0,0,0,0,0,-1,40.2,1
MPLAD105984,Rajasthan,Jaipur,MP_004,Vendor_008,519639.81,164468.92,0.3165056195367326,0,0,0,0,0,1,30.0,0
MPLAD105985,Punjab,Ludhiana,MP_124,Vendor_044,621822.4,107600.31,0.17304026037016357,0,0,0,0,0,-1,39.7,1
MPLAD105986,Tamil Nadu,Madurai,MP_145,Vendor_083,2406319.48,0.0,0.0,0,0,0,0,1,-1,60.0,1
MPLAD105987,Chhattisgarh,Raipur,MP_113,Vendor_063,905308.28,421075.77,0.4651186554926903,0,0,0,0,0,1,24.2,0
MPLAD105988,Gujarat,Ahmedabad,MP_002,Vendor_003,2315503.74,1757563.41,0.7590414904706653,0,0,0,0,0,1,29.4,0
MPLAD105989,Kerala,Kochi,MP_108,Vendor_097,751574.26,705746.11,0.939023789878062,0,0,0,0,0,-1,77.1,1
MPLAD105990,Haryana,Faridabad,MP_055,Vendor_061,724916.87,0.0,0.0,0,0,0,0,1,1,60.0,1
MPLAD105991,Karnataka,Hubballi,MP_029,Vendor_001,1156087.78,439918.8,0.38052370037161015,0,0,0,0,0,-1,55.5,1
MPLAD105992,Odisha,Bhubaneswar,MP_092,Vendor_060,2803077.63,701044.76,0.25009823220629107,0,0,0,0,0,1,21.3,0
MPLAD105993,Kerala,Kozhikode,MP_043,Vendor_092,2187618.36,619582.51,0.28322239442166686,0,0,0,0,0,1,27.2,0
MPLAD105994,Tamil Nadu,Madurai,MP_087,Vendor_088,908711.74,227492.67,0.2503463529589703,0,0,0,0,0,1,31.4,0
MPLAD105995,Assam,Dibrugarh,MP_075,Vendor_087,2345010.22,0.0,0.0,0,0,0,0,1,1,60.0,1
MPLAD105996,Chhattisgarh,Bilaspur,MP_094,Vendor_059,1264436.14,180768.03,0.14296335281906764,0,0,0,0,0,1,31.2,0
MPLAD105997,Odisha,Bhubaneswar,MP_092,Vendor_002,2588240.7,0.0,0.0,0,0,0,0,1,1,60.0,1
MPLAD105998,Haryana,Gurugram,MP_003,Vendor_027,628674.54,455864.6,0.7251201869889624,0,0,0,0,0,1,12.1,0
MPLAD105999,Jharkhand,Ranchi,MP_109,Vendor_048,287779.04,225182.95,0.7824855833836961,0,0,0,0,0,1,12.7,0
MPLAD106000,Haryana,Faridabad,MP_112,Vendor_089,744853.58,0.0,0.0,0,0,0,0,1,1,60.0,1
MPLAD106001,Chhattisgarh,Raipur,MP_020,Vendor_090,860441.9,748850.52,0.8703092213431262,0,0,0,0,0,1,17.0,0
MPLAD106002,Bihar,Patna,MP_120,Vendor_095,586798.83,114564.24,0.1952359720962634,0,0,0,0,0,1,23.3,0
MPLAD106003,Telangana,Hyderabad,MP_143,Vendor_071,1726098.96,659731.56,0.3822095808458167,0,0,0,0,0,1,25.1,0
MPLAD106004,Kerala,Kochi,MP_085,Vendor_080,1493372.75,507837.97,0.3400610932535095,0,0,0,0,0,1,36.3,0
MPLAD106005,Punjab,Jalandhar,MP_114,Vendor_104,1212785.02,1090729.51,0.8993593192633597,0,0,0,0,0,1,37.5,0
MPLAD106006,Uttar Pradesh,Lucknow,MP_049,Vendor_103,1257140.44,1215044.7,0.9665146878896045,0,0,0,0,0,-1,70.8,1
MPLAD106007,Maharashtra,Nashik,MP_068,Vendor_012,1959615.2,569729.45,0.2907353698828219,0,0,0,0,0,1,37.8,0
MPLAD106008,Odisha,Cuttack,MP_017,Vendor_096,909334.03,0.0,0.0,0,0,0,0,1,1,60.0,1
MPLAD106009,Assam,Dibrugarh,MP_075,Vendor_028,716567.29,610464.65,0.8519292724065035,0,0,0,0,0,-1,51.4,1
MPLAD106010,Punjab,Jalandhar,MP_144,Vendor_029,5494110.22,4896361.5,0.8912019060294717,0,0,0,0,0,1,23.5,0
MPLAD106011,Bihar,Gaya,MP_060,Vendor_040,2356084.03,852938.31,0.3620152333870707,0,0,0,0,0,1,20.2,0
MPLAD106012,Maharashtra,Mumbai,MP_105,Vendor_031,1854613.76,522861.69,0.2819248413211385,0,0,0,0,0,1,21.1,0
MPLAD106013,West Bengal,Kolkata,MP_056,Vendor_082,689506.26,0.0,0.0,0,0,0,0,1,1,60.0,1
MPLAD106014,Assam,Dibrugarh,MP_131,Vendor_001,1048972.72,622354.39,0.5932989277356994,0,0,0,0,0,1,14.5,0
MPLAD106015,West Bengal,Kolkata,MP_001,Vendor_045,347408.73,146248.01,0.4209681489581451,0,0,0,0,0,1,8.4,0
MPLAD106016,Punjab,Ludhiana,MP_101,Vendor_050,1088432.38,428631.83,0.3938065771251679,0,0,0,0,0,1,9.9,0
MPLAD106017,Odisha,Cuttack,MP_079,Vendor_055,1494988.79,1353465.16,0.9053346547167085,0,0,0,0,0,1,29.8,0
MPLAD106018,Jharkhand,Jamshedpur,MP_118,Vendor_089,1154904.24,380213.07,0.3292161002023856,0,0,0,0,0,1,21.8,0
MPLAD106019,Bihar,Bhagalpur,MP_077,Vendor_094,1982081.69,1982081.69,1.0,0,0,0,0,0,1,29.1,0
MPLAD106020,Tamil Nadu,Madurai,MP_136,Vendor_024,921799.69,479036.55,0.5196753212186479,0,0,0,0,0,1,3.3,0
MPLAD106021,Assam,Silchar,MP_076,Vendor_100,1250335.5,1120034.43,0.8957871147384041,0,0,0,0,0,-1,42.9,1
MPLAD106022,Assam,Dibrugarh,MP_117,Vendor_020,1897366.74,1727585.17,0.910517262466612,0,0,0,0,0,1,24.3,0
MPLAD106023,Assam,Dibrugarh,MP_131,Vendor_055,1628058.26,533110.83,0.32745193651730864,0,0,0,0,0,1,15.9,0
MPLAD106024,Tamil Nadu,Chennai,MP_135,Vendor_047,2661913.32,0.0,0.0,0,0,0,0,1,1,60.0,1
MPLAD106025,Punjab,Ludhiana,MP_030,Vendor_089,2146104.16,2146104.16,1.0,0,0,0,0,0,-1,49.2,1
MPLAD106026,Telangana,Hyderabad,MP_142,Vendor_085,330776.84,0.0,0.0,0,1,0,0,1,1,85.0,1
MPLAD106027,Haryana,Panipat,MP_026,Vendor_071,1528246.53,1105692.24,0.7235038446316642,0,0,0,0,0,1,25.2,0
MPLAD106028,Tamil Nadu,Madurai,MP_042,Vendor_052,517968.03,190770.99,0.36830649567310164,0,0,0,0,0,-1,39.7,1
MPLAD106029,Telangana,Hyderabad,MP_041,Vendor_076,864224.65,823577.29,0.9529666736536617,0,0,0,0,0,-1,56.9,1
MPLAD106030,Kerala,Thiruvananthapuram,MP_083,Vendor_009,1403976.57,142185.11,0.10127313591850039,0,0,0,0,0,1,28.7,0
MPLAD106031,Tamil Nadu,Madurai,MP_042,Vendor_061,2039120.3,882501.68,0.4327854908805528,0,0,0,0,0,1,24.3,0
MPLAD106032,Rajasthan,Udaipur,MP_044,Vendor_039,3738351.21,1678236.77,0.4489243186971724,0,0,0,0,0,1,6.4,0
MPLAD106033,Rajasthan,Jodhpur,MP_063,Vendor_110,733373.56,0.0,0.0,0,0,0,0,1,1,60.0,1
MPLAD106034,Punjab,Jalandhar,MP_146,Vendor_098,867601.98,925821.96,1.067104480328641,0,0,1,0,0,-1,90.0,1
MPLAD106035,Bihar,Bhagalpur,MP_147,Vendor_085,1638910.19,1534956.01,0.936571155250429,0,0,0,0,0,1,12.3,0
MPLAD106036,Kerala,Thiruvananthapuram,MP_074,Vendor_061,297097.54,0.0,0.0,0,0,0,0,1,1,60.0,1
MPLAD106037,Uttar Pradesh,Varanasi,MP_007,Vendor_012,825242.3,203208.35,0.24624083132917446,0,0,0,0,0,1,31.6,0
MPLAD106038,Bihar,Bhagalpur,MP_110,Vendor_091,1009423.12,0.0,0.0,0,0,0,0,1,1,60.0,1
MPLAD106039,Jharkhand,Jamshedpur,MP_132,Vendor_084,387445.81,0.0,0.0,0,1,0,0,1,1,85.0,1
MPLAD106040,Gujarat,Surat,MP_097,Vendor_044,867412.39,864860.57,0.9970581236452017,0,0,0,0,0,1,25.0,0
MPLAD106041,Tamil Nadu,Madurai,MP_145,Vendor_099,234538.99,223275.26,0.9519750212960327,0,0,0,0,0,1,31.3,0
MPLAD106042,Kerala,Kochi,MP_022,Vendor_084,3549523.4,1829113.24,0.5153123486944754,0,0,0,0,0,-1,39.6,1
MPLAD106043,Odisha,Rourkela,MP_106,Vendor_065,2913474.75,2832598.54,0.9722406346579802,0,0,0,0,0,-1,54.5,1
MPLAD106044,Kerala,Kochi,MP_073,Vendor_021,1344976.24,0.0,0.0,0,0,0,0,1,1,60.0,1
MPLAD106045,Tamil Nadu,Chennai,MP_066,Vendor_074,505881.19,397041.82,0.7848519135491082,0,0,0,0,0,-1,51.0,1
MPLAD106046,Jharkhand,Ranchi,MP_035,Vendor_051,5794703.7,5544175.71,0.9567660396510006,0,0,0,0,0,-1,48.1,1
MPLAD106047,Jharkhand,Ranchi,MP_035,Vendor_029,1643731.03,0.0,0.0,0,1,0,0,1,1,85.0,1
MPLAD106048,Chhattisgarh,Raipur,MP_020,Vendor_015,994618.0,226297.51,0.22752203358475315,0,0,0,0,0,1,7.5,0
MPLAD106049,Assam,Guwahati,MP_148,Vendor_091,1132768.14,1022607.84,0.9027512373361772,0,0,0,0,0,1,25.6,0
MPLAD106050,Gujarat,Ahmedabad,MP_100,Vendor_006,1029268.32,695372.59,0.6755989439177531,0,0,0,0,0,-1,57.5,1
MPLAD106051,Tamil Nadu,Coimbatore,MP_037,Vendor_031,2093372.79,1792174.9,0.8561183696287559,0,0,0,0,0,1,22.3,0
MPLAD106052,Assam,Dibrugarh,MP_065,Vendor_103,1590268.89,1513984.11,0.9520302632594417,0,0,0,0,0,-1,42.8,1
MPLAD106053,Rajasthan,Jodhpur,MP_063,Vendor_040,5595882.56,1645026.87,0.2939709424495142,0,0,0,0,0,1,10.7,0
MPLAD106054,Chhattisgarh,Bilaspur,MP_081,Vendor_015,717542.64,658155.91,0.9172359568763746,0,0,0,0,0,1,34.3,0
MPLAD106055,Andhra Pradesh,Vijayawada,MP_116,Vendor_081,1922508.32,0.0,0.0,0,0,0,0,1,-1,60.0,1
MPLAD106056,Gujarat,Ahmedabad,MP_095,Vendor_110,825250.99,655638.87,0.7944720793367361,0,0,0,0,0,-1,46.9,1
MPLAD106057,Odisha,Cuttack,MP_039,Vendor_108,912366.76,249213.5,0.27315056940478627,0,0,0,0,0,1,3.5,0
MPLAD106058,Rajasthan,Jaipur,MP_121,Vendor_028,2054268.9,0.0,0.0,0,0,0,0,1,1,60.0,1
MPLAD106059,Chhattisgarh,Raipur,MP_005,Vendor_018,688054.67,821358.97,1.1937408549236355,0,0,1,0,0,1,90.0,1
MPLAD106060,Jharkhand,Jamshedpur,MP_031,Vendor_013,556576.17,135304.84,0.24310210765940624,0,0,0,0,0,1,37.8,0
MPLAD106061,Karnataka,Mysuru,MP_059,Vendor_069,656115.74,609944.78,0.9296298546350984,0,0,0,0,0,-1,54.4,1
MPLAD106062,Karnataka,Mysuru,MP_034,Vendor_062,470834.28,155903.35,0.33112149353271386,0,0,0,0,0,1,24.4,0
MPLAD106063,Kerala,Kochi,MP_104,Vendor_003,5900311.89,1980594.45,0.3356762298204545,0,0,0,0,0,1,32.6,0
MPLAD106064,Punjab,Jalandhar,MP_144,Vendor_050,1670798.85,291074.71,0.17421289821931588,0,0,0,0,0,1,17.1,0
MPLAD106065,Assam,Silchar,MP_088,Vendor_027,688763.09,0.0,0.0,0,0,0,0,1,1,60.0,1
MPLAD106066,Punjab,Ludhiana,MP_149,Vendor_015,1079732.42,769459.31,0.712638886956826,0,0,0,0,0,1,28.4,0
MPLAD106067,Tamil Nadu,Chennai,MP_135,Vendor_041,578374.93,196410.6,0.3395904452497621,0,0,0,0,0,1,13.2,0
MPLAD106068,Kerala,Kochi,MP_086,Vendor_015,1627134.98,0.0,0.0,0,0,0,0,1,1,60.0,1
MPLAD106069,Bihar,Patna,MP_050,Vendor_037,3291788.49,135250.64,0.041087281400634584,0,1,0,0,0,1,85.0,1
MPLAD106070,Chhattisgarh,Bilaspur,MP_094,Vendor_011,2999299.9,1843037.0,0.6144890679321531,0,0,0,0,0,-1,58.5,1
MPLAD106071,Tamil Nadu,Chennai,MP_066,Vendor_091,533638.83,266861.57,0.500078995375955,0,0,0,0,0,1,22.6,0
MPLAD106072,Telangana,Hyderabad,MP_140,Vendor_010,1827114.03,1804655.35,0.9877081125582513,0,0,0,0,0,-1,57.8,1
MPLAD106073,Tamil Nadu,Madurai,MP_145,Vendor_019,1008142.83,864552.92,0.8575698743004502,0,0,0,0,0,-1,41.5,1
MPLAD106074,West Bengal,Siliguri,MP_032,Vendor_027,2098936.53,1717769.89,0.8184001114126115,0,0,0,0,0,1,18.1,0
MPLAD106075,Assam,Dibrugarh,MP_131,Vendor_106,1036194.94,381248.39,0.36793114430765317,0,0,0,0,0,1,15.9,0
MPLAD106076,Assam,Dibrugarh,MP_065,Vendor_074,671231.15,588882.17,0.8773165101172674,0,0,0,0,0,1,20.5,0
MPLAD106077,Jharkhand,Jamshedpur,MP_118,Vendor_029,978286.18,368637.44,0.3768196336985973,0,0,0,0,0,1,4.6,0
MPLAD106078,Kerala,Kozhikode,MP_043,Vendor_039,1029177.63,442687.3,0.4301369239826948,0,0,0,0,0,1,33.0,0
MPLAD106079,Gujarat,Ahmedabad,MP_027,Vendor_104,2859586.79,1778041.03,0.6217825023593706,0,0,0,0,0,1,28.1,0
MPLAD106080,Tamil Nadu,Madurai,MP_042,Vendor_117,3463519.49,2619383.98,0.756278111776989,0,0,0,0,0,1,27.6,0
MPLAD106081,Telangana,Hyderabad,MP_143,Vendor_039,3920466.91,0.0,0.0,0,0,0,0,1,1,60.0,1
MPLAD106082,Rajasthan,Jaipur,MP_004,Vendor_086,5355142.0,1708749.98,0.319085839367098,0,0,0,0,0,1,27.3,0
MPLAD106083,Kerala,Kochi,MP_104,Vendor_004,2000000.0,196197.82,0.09809891,0,0,0,0,0,-1,41.0,1
MPLAD106084,Assam,Silchar,MP_016,Vendor_033,3929609.84,1837032.24,0.46748463964554815,0,0,0,0,0,-1,44.6,1
MPLAD106085,Karnataka,Mysuru,MP_019,Vendor_048,2168287.43,0.0,0.0,0,0,0,0,1,-1,60.0,1
MPLAD106086,Assam,Silchar,MP_016,Vendor_119,5781747.48,691492.8,0.11959927381678039,0,0,0,0,0,1,24.2,0
MPLAD106087,Assam,Silchar,MP_076,Vendor_116,1670849.35,1384989.65,0.8289135402901523,0,0,0,0,0,-1,61.6,1
MPLAD106088,Tamil Nadu,Coimbatore,MP_037,Vendor_071,2375032.28,2310141.37,0.9726778829296586,0,0,0,0,0,-1,50.4,1
MPLAD106089,Andhra Pradesh,Vijayawada,MP_116,Vendor_024,4589926.91,0.0,0.0,0,1,0,0,1,1,85.0,1
MPLAD106090,Odisha,Cuttack,MP_010,Vendor_010,340855.65,307150.91,0.9011172618086276,0,0,0,0,0,1,36.0,0
MPLAD106091,Assam,Dibrugarh,MP_065,Vendor_048,20361168.01,8252722.24,0.4053167399800852,0,0,0,0,0,1,15.8,0
MPLAD106092,Kerala,Kochi,MP_073,Vendor_091,835342.76,278745.46,0.33368992148803683,0,0,0,0,0,-1,54.3,1
MPLAD106093,Kerala,Thiruvananthapuram,MP_102,Vendor_032,8980199.32,2165716.94,0.24116579853374567,0,0,0,0,0,1,36.5,0
MPLAD106094,Uttar Pradesh,Varanasi,MP_007,Vendor_023,2945910.39,0.0,0.0,0,0,0,0,1,1,60.0,1
MPLAD106095,West Bengal,Kolkata,MP_054,Vendor_119,753730.47,335444.89,0.4450462112802737,0,0,0,0,0,1,19.1,0
MPLAD106096,Punjab,Jalandhar,MP_114,Vendor_108,304863.89,47961.9,0.15732233817524272,0,0,0,0,0,1,22.9,0
MPLAD106097,Gujarat,Ahmedabad,MP_095,Vendor_099,731604.71,0.0,0.0,0,0,0,0,1,-1,60.0,1
MPLAD106098,Kerala,Kochi,MP_085,Vendor_044,555795.58,0.0,0.0,0,0,0,0,1,1,60.0,1
MPLAD106099,Tamil Nadu,Chennai,MP_135,Vendor_117,1797892.31,851344.17,0.47352345035615623,0,0,0,0,0,1,22.4,0
MPLAD106100,Odisha,Cuttack,MP_017,Vendor_054,1256406.62,1018689.02,0.8107956483069151,0,0,0,0,0,-1,66.5,1
MPLAD106101,Telangana,Hyderabad,MP_142,Vendor_004,737897.01,224503.72,0.3042480413357414,0,0,0,0,0,1,21.9,0
MPLAD106102,Odisha,Rourkela,MP_090,Vendor_057,552235.85,551309.68,0.9983228723741859,0,0,0,0,0,1,26.5,0
MPLAD106103,West Bengal,Kolkata,MP_089,Vendor_061,503722.09,0.0,0.0,0,1,0,0,1,-1,85.0,1
MPLAD106104,Madhya Pradesh,Bhopal,MP_033,Vendor_065,1423249.96,467424.76,0.3284207083343252,0,0,0,0,0,1,21.4,0
MPLAD106105,West Bengal,Kolkata,MP_089,Vendor_024,905604.42,760711.55,0.8400042371701322,0,0,0,0,0,-1,48.7,1
MPLAD106106,Madhya Pradesh,Bhopal,MP_084,Vendor_080,2332333.23,399723.75,0.17138363629111436,0,0,0,0,0,1,30.1,0
MPLAD106107,Punjab,Ludhiana,MP_149,Vendor_027,2796605.68,1292955.93,0.46233043837628185,0,0,0,0,0,1,12.8,0
MPLAD106108,Chhattisgarh,Bilaspur,MP_130,Vendor_013,1446133.62,0.0,0.0,0,0,0,0,1,1,60.0,1
MPLAD106109,Rajasthan,Jaipur,MP_121,Vendor_094,1495230.85,1301640.7,0.870528253212539,0,0,0,0,0,1,33.1,0
MPLAD106110,Karnataka,Mysuru,MP_019,Vendor_096,1994803.26,1008307.55,0.5054671657193903,0,0,0,0,0,1,11.4,0
MPLAD106111,Kerala,Kochi,MP_104,Vendor_017,1650762.62,1603392.25,0.9713039479898085,0,0,0,0,0,-1,57.1,1
MPLAD106112,Madhya Pradesh,Indore,MP_038,Vendor_079,612343.76,539436.94,0.8809380861495183,0,0,0,0,0,1,30.5,0
MPLAD106113,Bihar,Patna,MP_028,Vendor_105,1197112.37,141828.99,0.11847592051863935,0,0,0,0,0,1,19.1,0
MPLAD106114,Karnataka,Mysuru,MP_059,Vendor_033,489542.29,161351.68,0.3295970201062711,0,0,0,0,0,1,30.9,0
MPLAD106115,Rajasthan,Udaipur,MP_023,Vendor_067,451934.76,408127.21,0.9030666505935503,0,0,0,0,0,1,23.7,0
MPLAD106116,Madhya Pradesh,Indore,MP_038,Vendor_029,475065.54,0.0,0.0,0,0,0,0,1,1,60.0,1
MPLAD106117,Punjab,Jalandhar,MP_045,Vendor_080,2100905.36,2100905.36,1.0,0,0,0,0,0,-1,49.4,1
MPLAD106118,Kerala,Kochi,MP_104,Vendor_076,1820059.48,1617703.5,0.8888190291451354,0,0,0,0,0,-1,41.2,1
MPLAD106119,Haryana,Gurugram,MP_091,Vendor_056,1066952.53,499628.98,0.4682766720652511,0,0,0,0,0,1,10.4,0
MPLAD106120,Madhya Pradesh,Indore,MP_038,Vendor_107,1128654.91,18244.26,0.01616460428989761,0,1,0,0,0,-1,85.0,1
MPLAD106121,Kerala,Thiruvananthapuram,MP_083,Vendor_025,963228.37,241945.48,0.25118184590015763,0,0,0,0,0,1,13.9,0
MPLAD106122,Tamil Nadu,Madurai,MP_136,Vendor_052,1630098.09,0.0,0.0,0,0,0,0,1,-1,60.0,1
MPLAD106123,Andhra Pradesh,Guntur,MP_119,Vendor_075,2400204.59,533277.44,0.2221799934146447,0,0,0,0,0,-1,53.9,1
MPLAD106124,Gujarat,Ahmedabad,MP_095,Vendor_065,1954759.77,1338128.21,0.6845486747458487,0,0,0,0,0,1,21.1,0
MPLAD106125,Gujarat,Ahmedabad,MP_027,Vendor_104,1236483.99,1627328.82,1.3160937247557893,0,0,1,0,0,-1,90.0,1
MPLAD106126,Gujarat,Vadodara,MP_025,Vendor_079,1000000.0,385022.54,0.38502253999999997,0,0,0,0,0,1,19.4,0
MPLAD106127,Odisha,Cuttack,MP_039,Vendor_048,1465232.05,227993.55,0.15560234981209972,0,0,0,0,0,1,11.9,0
MPLAD106128,Odisha,Rourkela,MP_090,Vendor_065,1062467.54,1057819.18,0.9956249392804978,0,0,0,0,0,1,20.1,0
MPLAD106129,Tamil Nadu,Madurai,MP_125,Vendor_024,369728.47,351446.78,0.9505537401542273,0,0,0,0,0,1,10.7,0
MPLAD106130,Haryana,Panipat,MP_026,Vendor_018,1395647.37,694477.89,0.4976026931502045,0,0,0,0,0,1,17.5,0
MPLAD106131,Punjab,Ludhiana,MP_141,Vendor_103,584037.79,154378.09,0.2643289400845106,0,0,0,0,0,-1,42.8,1
MPLAD106132,Jharkhand,Jamshedpur,MP_031,Vendor_062,2206915.27,562396.19,0.2548336121667235,0,0,0,0,0,1,18.3,0
MPLAD106133,Odisha,Cuttack,MP_010,Vendor_033,500000.0,219687.46,0.43937492,0,0,0,0,0,1,31.1,0
MPLAD106134,Telangana,Hyderabad,MP_041,Vendor_048,1573234.2,1573234.2,1.0,0,0,0,0,0,-1,54.0,1
MPLAD106135,Bihar,Patna,MP_028,Vendor_082,1415413.32,1237518.9,0.8743162739206098,0,0,0,0,0,-1,39.1,1
MPLAD106136,Kerala,Kochi,MP_082,Vendor_072,621405.93,288286.82,0.4639267282177368,0,0,0,0,0,1,35.3,0
MPLAD106137,Assam,Guwahati,MP_024,Vendor_099,3186706.41,0.0,0.0,0,0,0,0,1,1,60.0,1
MPLAD106138,Assam,Silchar,MP_129,Vendor_096,1115850.25,1354915.75,1.2142451462461024,0,0,1,0,0,-1,90.0,1
MPLAD106139,West Bengal,Kolkata,MP_001,Vendor_050,2339646.49,823994.04,0.35218741101353307,0,0,0,0,0,1,20.2,0
MPLAD106140,Tamil Nadu,Madurai,MP_136,Vendor_098,2031432.31,0.0,0.0,0,0,0,0,1,1,60.0,1
MPLAD106141,Bihar,Bhagalpur,MP_070,Vendor_089,2453595.61,630192.7,0.2568445661671199,0,0,0,0,0,1,29.8,0
MPLAD106142,Punjab,Ludhiana,MP_141,Vendor_037,2046755.9,1066330.44,0.5209856436715292,0,0,0,0,0,1,23.4,0
MPLAD106143,West Bengal,Siliguri,MP_111,Vendor_065,1728422.56,1520084.84,0.8794636654129301,0,0,0,0,0,1,7.3,0
MPLAD106144,Gujarat,Surat,MP_006,Vendor_083,2618471.9,859315.91,0.32817457769930625,0,0,0,0,0,1,21.6,0
MPLAD106145,Punjab,Jalandhar,MP_114,Vendor_055,3289880.66,0.0,0.0,0,0,0,0,1,1,60.0,1
MPLAD106146,Gujarat,Vadodara,MP_025,Vendor_095,753073.3,84503.61,0.11221166651373776,0,0,0,0,0,1,31.2,0
MPLAD106147,Assam,Guwahati,MP_148,Vendor_037,2210854.44,2094554.81,0.9473960709959721,0,0,0,0,0,1,17.7,0
MPLAD106148,West Bengal,Kolkata,MP_054,Vendor_008,831007.18,300792.7,0.3619616138575361,0,0,0,0,0,1,36.6,0
MPLAD106149,Gujarat,Ahmedabad,MP_021,Vendor_118,1656027.17,784473.36,0.47370802497159514,0,0,0,0,0,1,31.9,0
MPLAD106150,Chhattisgarh,Bilaspur,MP_103,Vendor_100,1190415.82,965274.29,0.8108715238680212,0,0,0,0,0,1,29.1,0
MPLAD106151,Telangana,Hyderabad,MP_140,Vendor_025,516216.63,0.0,0.0,0,0,0,0,1,1,60.0,1
MPLAD106152,Chhattisgarh,Raipur,MP_048,Vendor_113,2214922.73,2028177.31,0.9156876140776252,0,0,0,0,0,1,22.6,0
MPLAD106153,Haryana,Gurugram,MP_126,Vendor_002,2371959.87,2228589.97,0.9395563551418769,0,0,0,0,0,1,36.6,0
MPLAD106154,Assam,Silchar,MP_129,Vendor_107,1451427.29,489981.35,0.33758587383319766,0,0,0,0,0,1,31.0,0
MPLAD106155,Haryana,Faridabad,MP_137,Vendor_020,1830036.53,2184637.59,1.1937672031060493,0,0,1,0,0,-1,90.0,1
MPLAD106156,Maharashtra,Mumbai,MP_069,Vendor_101,1003959.25,947238.5,0.9435029360006395,0,0,0,0,0,1,13.9,0
MPLAD106157,Haryana,Faridabad,MP_112,Vendor_014,1067215.44,0.0,0.0,0,0,0,0,1,1,60.0,1
MPLAD106158,Bihar,Gaya,MP_060,Vendor_092,2343172.12,2343172.12,1.0,0,0,0,0,0,-1,69.8,1
MPLAD106159,Punjab,Amritsar,MP_098,Vendor_044,807636.45,749228.78,0.9276807405114023,0,0,0,0,0,-1,43.0,1
MPLAD106160,Madhya Pradesh,Indore,MP_150,Vendor_072,2153547.44,1132060.64,0.5256724876234906,0,0,0,0,0,1,26.5,0
MPLAD106161,Tamil Nadu,Coimbatore,MP_128,Vendor_007,866284.65,866284.65,1.0,0,0,0,0,0,-1,47.4,1
MPLAD106162,Rajasthan,Jodhpur,MP_099,Vendor_099,2548725.44,818072.57,0.3209732037672916,0,0,0,0,0,1,16.2,0
MPLAD106163,Jharkhand,Jamshedpur,MP_031,Vendor_115,360382.33,296218.86,0.821957225261294,0,0,0,0,0,1,15.8,0
MPLAD106164,Tamil Nadu,Coimbatore,MP_037,Vendor_085,2115641.51,0.0,0.0,0,1,0,0,1,1,85.0,1
MPLAD106165,Gujarat,Vadodara,MP_025,Vendor_088,1897610.6,0.0,0.0,0,0,0,0,1,1,60.0,1
MPLAD106166,Kerala,Kochi,MP_086,Vendor_057,1000000.0,669078.79,0.66907879,0,0,0,0,0,1,30.2,0
MPLAD106167,Andhra Pradesh,Vijayawada,MP_116,Vendor_007,5534704.31,2669564.14,0.4823318447521545,0,0,0,0,0,-1,39.7,1
MPLAD106168,Gujarat,Ahmedabad,MP_021,Vendor_109,996602.76,348127.66,0.3493143647324436,0,0,0,0,0,1,22.9,0
MPLAD106169,Punjab,Ludhiana,MP_141,Vendor_090,1942238.49,548809.87,0.2825656441398193,0,0,0,0,0,1,23.2,0
MPLAD106170,Tamil Nadu,Madurai,MP_136,Vendor_067,1157812.15,554612.03,0.4790172827258723,0,0,0,0,0,1,36.7,0
MPLAD106171,Punjab,Jalandhar,MP_114,Vendor_042,736908.19,625721.16,0.8491168485995523,0,0,0,0,0,1,19.2,0
MPLAD106172,Kerala,Kochi,MP_086,Vendor_085,2512183.77,2224464.3,0.8854703730531623,0,0,0,0,0,-1,56.7,1
MPLAD106173,Punjab,Jalandhar,MP_045,Vendor_089,900597.13,0.0,0.0,0,1,0,0,1,-1,85.0,1
MPLAD106174,Bihar,Bhagalpur,MP_070,Vendor_089,553809.16,150379.83,0.27153727468140826,0,0,0,0,0,1,21.5,0
MPLAD106175,Kerala,Kochi,MP_008,Vendor_061,721670.87,263513.59,0.36514372542153467,0,0,0,0,0,-1,40.9,1
MPLAD106176,Madhya Pradesh,Bhopal,MP_033,Vendor_107,878931.16,265330.23,0.3018782836189355,0,0,0,0,0,-1,63.3,1
MPLAD106177,Chhattisgarh,Bilaspur,MP_103,Vendor_081,1171752.54,0.0,0.0,0,0,0,0,1,-1,60.0,1
MPLAD106178,Telangana,Hyderabad,MP_041,Vendor_107,739256.21,524772.27,0.7098652170943549,0,0,0,0,0,-1,52.3,1
MPLAD106179,Assam,Guwahati,MP_148,Vendor_064,2613198.15,1365944.6,0.5227099215572306,0,0,0,0,0,1,24.9,0
MPLAD106180,Assam,Silchar,MP_076,Vendor_083,780662.63,245484.49,0.31445656621221896,0,0,0,0,0,1,16.6,0
MPLAD106181,Uttar Pradesh,Varanasi,MP_096,Vendor_050,1045518.85,0.0,0.0,0,0,0,0,1,1,60.0,1
MPLAD106182,Telangana,Hyderabad,MP_140,Vendor_011,1937987.63,1701756.93,0.8781051559137145,0,0,0,0,0,-1,61.2,1
MPLAD106183,West Bengal,Kolkata,MP_054,Vendor_097,779662.01,494422.94,0.6341503544593637,0,0,0,0,0,-1,83.1,1
MPLAD106184,Tamil Nadu,Madurai,MP_145,Vendor_034,297615.17,99724.06,0.3350772072539179,0,0,0,0,0,1,11.7,0
MPLAD106185,Maharashtra,Nashik,MP_068,Vendor_106,863771.18,791298.96,0.9160978952782378,0,0,0,0,0,1,35.3,0
MPLAD106186,Gujarat,Vadodara,MP_025,Vendor_022,1287574.01,319364.74,0.24803602551747686,0,0,0,0,0,1,26.5,0
MPLAD106187,Tamil Nadu,Madurai,MP_087,Vendor_052,729125.65,645559.83,0.8853889998246529,0,0,0,0,0,-1,60.5,1
MPLAD106188,Karnataka,Mysuru,MP_059,Vendor_093,947785.27,874046.64,0.9221990124408664,0,0,0,0,0,1,37.5,0
MPLAD106189,West Bengal,Kolkata,MP_056,Vendor_072,982990.84,978371.29,0.9953005157199635,0,0,0,0,0,1,25.1,0
MPLAD106190,Karnataka,Mysuru,MP_059,Vendor_084,313239.08,77820.03,0.24843652969482605,0,0,0,0,0,-1,47.2,1
MPLAD106191,Jharkhand,Jamshedpur,MP_031,Vendor_096,473192.45,426456.97,0.90123367352966,0,0,0,0,0,1,25.0,0
MPLAD106192,Telangana,Hyderabad,MP_143,Vendor_046,979076.18,270158.93,0.2759324917903732,0,0,0,0,0,1,19.1,0
MPLAD106193,Jharkhand,Ranchi,MP_051,Vendor_114,7096539.16,7096539.16,1.0,0,0,0,0,0,-1,43.3,1
MPLAD106194,Kerala,Thiruvananthapuram,MP_074,Vendor_026,200214.95,70339.1,0.3513179210643361,0,0,0,0,0,1,27.8,0
MPLAD106195,Jharkhand,Jamshedpur,MP_046,Vendor_116,211161.98,0.0,0.0,0,1,0,0,1,-1,85.0,1
MPLAD106196,Karnataka,Hubballi,MP_029,Vendor_113,550104.51,514545.94,0.9353603372566424,0,0,0,0,0,1,22.9,0
MPLAD106197,Punjab,Amritsar,MP_098,Vendor_103,711835.32,88860.59,0.12483307234600273,0,0,0,0,0,1,24.5,0
MPLAD106198,Punjab,Ludhiana,MP_149,Vendor_036,1750523.98,872448.33,0.49839267554620986,0,0,0,0,0,-1,39.8,1
MPLAD106199,Haryana,Gurugram,MP_091,Vendor_119,2454976.85,1793610.48,0.7306017895851034,0,0,0,0,0,1,32.2,0
MPLAD106200,Odisha,Bhubaneswar,MP_092,Vendor_008,637954.94,272065.96,0.4264657939634421,0,0,0,0,0,1,24.2,0
MPLAD106201,Karnataka,Mysuru,MP_034,Vendor_058,2196853.22,1127692.11,0.5133215545460975,0,0,0,0,0,1,24.2,0
MPLAD106202,Rajasthan,Jodhpur,MP_099,Vendor_064,750065.94,335070.57,0.44672148424710506,0,0,0,0,0,1,12.7,0
MPLAD106203,Punjab,Jalandhar,MP_146,Vendor_004,2484548.99,1879445.93,0.7564535606118195,0,0,0,0,0,-1,39.7,1
MPLAD106204,West Bengal,Siliguri,MP_111,Vendor_023,2618473.01,1856046.42,0.708827783563826,0,0,0,0,0,1,5.0,0
MPLAD106205,Punjab,Jalandhar,MP_115,Vendor_015,2989392.31,2012519.27,0.6732201937055227,0,0,0,0,0,1,16.8,0
MPLAD106206,Gujarat,Ahmedabad,MP_002,Vendor_083,1557944.46,355242.91,0.22802026588290572,0,0,0,0,0,-1,52.5,1
MPLAD106207,Bihar,Patna,MP_050,Vendor_039,1136168.72,0.0,0.0,0,0,0,0,1,1,60.0,1
MPLAD106208,Rajasthan,Jodhpur,MP_063,Vendor_013,972033.46,441232.98,0.45392776911198096,0,0,0,0,0,1,15.1,0
MPLAD106209,Kerala,Kochi,MP_082,Vendor_033,557476.04,0.0,0.0,0,0,0,0,1,-1,60.0,1
MPLAD106210,Jharkhand,Ranchi,MP_107,Vendor_043,253730.64,190690.82,0.7515482560561073,0,0,0,0,0,1,25.8,0
MPLAD106211,Tamil Nadu,Madurai,MP_125,Vendor_009,722508.62,622533.2,0.8616273671586091,0,0,0,0,0,1,14.4,0
MPLAD106212,Assam,Dibrugarh,MP_117,Vendor_066,3517518.43,1304847.35,0.37095679126264025,0,0,0,0,0,1,19.6,0
MPLAD106213,West Bengal,Kolkata,MP_057,Vendor_098,2451110.82,0.0,0.0,0,1,0,0,1,1,85.0,1
MPLAD106214,Rajasthan,Jaipur,MP_004,Vendor_043,685707.11,417187.33,0.608404556283513,0,0,0,0,0,1,23.6,0
MPLAD106215,Odisha,Cuttack,MP_079,Vendor_050,1572843.93,0.0,0.0,0,0,0,0,1,1,60.0,1
MPLAD106216,Maharashtra,Pune,MP_014,Vendor_097,601315.47,515591.77,0.8574397229460936,0,0,0,0,0,-1,58.6,1
MPLAD106217,Telangana,Hyderabad,MP_041,Vendor_091,779646.33,702572.91,0.9011430990767315,0,0,0,0,0,1,36.5,0
MPLAD106218,Madhya Pradesh,Indore,MP_150,Vendor_065,1109492.68,1081585.81,0.9748471797037905,0,0,0,0,0,1,21.8,0
MPLAD106219,Haryana,Faridabad,MP_055,Vendor_088,863215.58,790004.23,0.9151876406123254,0,0,0,0,0,1,24.8,0
MPLAD106220,Madhya Pradesh,Bhopal,MP_033,Vendor_082,1339616.99,0.0,0.0,0,0,0,0,1,1,60.0,1
MPLAD106221,Punjab,Ludhiana,MP_030,Vendor_081,535780.73,0.0,0.0,0,0,0,0,1,1,60.0,1
MPLAD106222,Punjab,Amritsar,MP_012,Vendor_038,1658609.38,1473892.29,0.8886313485095569,0,0,0,0,0,1,31.6,0
MPLAD106223,Karnataka,Mysuru,MP_062,Vendor_070,3934730.5,3826019.25,0.9723713606306709,0,0,0,0,0,1,22.7,0
MPLAD106224,Assam,Dibrugarh,MP_123,Vendor_117,1726751.32,1726751.32,1.0,0,0,0,0,0,1,28.5,0
MPLAD106225,Maharashtra,Nashik,MP_011,Vendor_117,374734.88,374734.88,1.0,0,0,0,0,0,-1,59.0,1
MPLAD106226,West Bengal,Kolkata,MP_054,Vendor_063,1483390.93,802233.65,0.5408106749041536,0,0,0,0,0,1,8.4,0
MPLAD106227,Punjab,Jalandhar,MP_115,Vendor_101,549668.69,437655.95,0.7962177179857198,0,0,0,0,0,1,26.5,0
MPLAD106228,Rajasthan,Jodhpur,MP_063,Vendor_095,2540958.02,725697.36,0.2855999014104137,0,0,0,0,0,1,30.3,0
MPLAD106229,Bihar,Bhagalpur,MP_147,Vendor_023,2492194.38,266051.36,0.10675385601343022,0,0,0,0,0,1,9.6,0
MPLAD106230,Punjab,Jalandhar,MP_144,Vendor_036,2216898.31,1919706.6,0.8659425609828716,0,0,0,0,0,1,31.6,0
MPLAD106231,Gujarat,Ahmedabad,MP_100,Vendor_105,623247.67,331327.12,0.5316138927563098,0,0,0,0,0,1,27.1,0
MPLAD106232,Assam,Silchar,MP_088,Vendor_040,505832.83,241054.68,0.4765500886923452,0,0,0,0,0,1,17.0,0
MPLAD106233,Madhya Pradesh,Bhopal,MP_033,Vendor_076,668999.61,293031.02,0.4380137381544961,0,0,0,0,0,1,13.4,0
MPLAD106234,Assam,Silchar,MP_076,Vendor_023,1095841.29,321420.14,0.2933090247037507,0,0,0,0,0,1,11.6,0
MPLAD106235,West Bengal,Siliguri,MP_071,Vendor_098,3728576.68,0.0,0.0,0,0,0,0,1,1,60.0,1
MPLAD106236,Chhattisgarh,Bilaspur,MP_094,Vendor_113,1159548.19,201829.5,0.17405874265562005,0,0,0,0,0,1,22.2,0
MPLAD106237,Maharashtra,Mumbai,MP_069,Vendor_069,936462.7,887642.41,0.9478673416463892,0,0,0,0,0,-1,40.2,1
MPLAD106238,Tamil Nadu,Chennai,MP_135,Vendor_078,2560171.2,104588.91,0.04085231097045385,0,1,0,0,0,1,85.0,1
MPLAD106239,West Bengal,Siliguri,MP_071,Vendor_072,2595818.17,2467896.09,0.9507199381380399,0,0,0,0,0,-1,60.8,1
MPLAD106240,Andhra Pradesh,Guntur,MP_119,Vendor_034,2120589.72,2120589.72,1.0,0,0,0,0,0,-1,46.1,1
MPLAD106241,Chhattisgarh,Raipur,MP_005,Vendor_068,704604.74,187564.22,0.266197783455161,0,0,0,0,0,1,31.7,0
MPLAD106242,Maharashtra,Mumbai,MP_067,Vendor_036,4349304.04,1154042.5,0.26533957832941013,0,0,0,0,0,1,15.6,0
MPLAD106243,Maharashtra,Mumbai,MP_069,Vendor_079,3039542.25,0.0,0.0,0,0,0,0,1,1,60.0,1
MPLAD106244,Odisha,Rourkela,MP_013,Vendor_021,507534.57,466141.01,0.9184418905691488,0,0,0,0,0,1,25.4,0
MPLAD106245,Gujarat,Surat,MP_097,Vendor_081,1314892.84,425501.93,0.3236019826528221,0,0,0,0,0,-1,45.9,1
MPLAD106246,Karnataka,Mysuru,MP_062,Vendor_086,1841148.81,1509515.28,0.819876846347906,0,0,0,0,0,1,31.7,0
MPLAD106247,Telangana,Hyderabad,MP_140,Vendor_102,811414.13,810871.87,0.99933170993707,0,0,0,0,0,-1,41.1,1
MPLAD106248,Punjab,Ludhiana,MP_101,Vendor_078,1826765.23,1595066.36,0.8731643967188931,0,0,0,0,0,1,30.7,0
MPLAD106249,Andhra Pradesh,Vijayawada,MP_116,Vendor_012,1749318.08,293927.6,0.16802410228333087,0,0,0,0,0,1,35.2,0
MPLAD106250,Gujarat,Ahmedabad,MP_002,Vendor_002,1263085.72,274635.53,0.21743221829789988,0,0,0,0,0,1,26.6,0
MPLAD106251,West Bengal,Siliguri,MP_071,Vendor_090,753324.86,689360.59,0.9150907219496247,0,0,0,0,0,1,15.9,0
MPLAD106252,Karnataka,Mysuru,MP_059,Vendor_034,570663.12,227362.13,0.3984174235755764,0,0,0,0,0,1,11.3,0
MPLAD106253,Haryana,Panipat,MP_026,Vendor_070,1091910.84,0.0,0.0,0,0,0,0,1,1,60.0,1
MPLAD106254,Tamil Nadu,Coimbatore,MP_128,Vendor_120,2171097.14,1568285.37,0.7223469374566999,0,0,0,0,0,1,28.1,0
MPLAD106255,Madhya Pradesh,Bhopal,MP_084,Vendor_020,806761.09,0.0,0.0,0,1,0,0,1,1,85.0,1
MPLAD106256,Chhattisgarh,Raipur,MP_005,Vendor_105,7454157.7,3024108.01,0.40569412825811285,0,0,0,0,0,1,23.8,0
MPLAD106257,Karnataka,Mysuru,MP_062,Vendor_019,2906081.29,2906081.29,1.0,0,0,0,0,0,1,36.6,0
MPLAD106258,West Bengal,Kolkata,MP_089,Vendor_082,1940613.14,98245.87,0.05062620054195861,0,0,0,0,0,1,19.8,0
MPLAD106259,West Bengal,Kolkata,MP_056,Vendor_003,573537.21,520755.8,0.9079721261677164,0,0,0,0,0,1,24.5,0
MPLAD106260,Bihar,Bhagalpur,MP_077,Vendor_075,933772.72,823964.2,0.8824033754166646,0,0,0,0,0,-1,45.8,1
MPLAD106261,Jharkhand,Ranchi,MP_051,Vendor_076,787236.16,674502.87,0.8567986384162027,0,0,0,0,0,1,14.3,0
MPLAD106262,Odisha,Rourkela,MP_106,Vendor_033,905611.19,872219.07,0.9631275315844982,0,0,0,0,0,1,31.6,0
MPLAD106263,West Bengal,Kolkata,MP_001,Vendor_023,1944424.58,765346.44,0.39361076169897,0,0,0,0,0,1,20.3,0
MPLAD106264,Kerala,Thiruvananthapuram,MP_074,Vendor_016,2215191.68,0.0,0.0,0,0,0,0,1,1,60.0,1
MPLAD106265,Punjab,Ludhiana,MP_141,Vendor_026,576747.99,395705.65,0.6860980131027419,0,0,0,0,0,-1,40.3,1
MPLAD106266,Tamil Nadu,Madurai,MP_125,Vendor_103,1656905.52,1647796.53,0.9945024083207834,0,0,0,0,0,1,25.1,0
MPLAD106267,Odisha,Cuttack,MP_039,Vendor_023,631512.49,317301.88,0.5024475129541777,0,0,0,0,0,1,22.6,0
MPLAD106268,Gujarat,Ahmedabad,MP_100,Vendor_101,1158724.27,0.0,0.0,0,0,0,0,1,-1,60.0,1
MPLAD106269,Gujarat,Ahmedabad,MP_027,Vendor_010,2323823.01,2287951.81,0.984563712535061,0,0,0,0,0,-1,48.3,1
MPLAD106270,Chhattisgarh,Bilaspur,MP_130,Vendor_074,1199045.33,425672.0,0.35500909711228346,0,0,0,0,0,1,36.6,0
MPLAD106271,Tamil Nadu,Chennai,MP_066,Vendor_049,1480238.57,1468672.08,0.9921860636289189,0,0,0,0,0,1,29.6,0
MPLAD106272,Gujarat,Ahmedabad,MP_095,Vendor_062,628660.44,619060.18,0.9847290216002778,0,0,0,0,0,-1,40.2,1
MPLAD106273,Maharashtra,Mumbai,MP_061,Vendor_002,301157.78,255984.11,0.8499999900384442,0,0,0,0,0,1,15.5,0
MPLAD106274,Kerala,Kochi,MP_022,Vendor_072,927260.74,851113.06,0.9178788913245697,0,0,0,0,0,-1,54.3,1
MPLAD106275,Gujarat,Ahmedabad,MP_095,Vendor_120,2907978.37,2480033.86,0.8528377946635138,0,0,0,0,0,-1,54.7,1
MPLAD106276,Tamil Nadu,Madurai,MP_087,Vendor_030,739991.19,0.0,0.0,0,0,0,0,1,1,60.0,1
MPLAD106277,Kerala,Kochi,MP_104,Vendor_064,2321883.05,932172.79,0.40147275720885256,0,0,0,0,0,1,31.1,0
MPLAD106278,Chhattisgarh,Raipur,MP_113,Vendor_063,2095075.91,0.0,0.0,0,0,0,0,1,1,60.0,1
MPLAD106279,Punjab,Amritsar,MP_064,Vendor_101,3650104.89,2989329.39,0.8189708186714602,0,0,0,0,0,1,32.2,0
MPLAD106280,Gujarat,Ahmedabad,MP_095,Vendor_009,1299810.72,0.0,0.0,0,0,0,0,1,1,60.0,1
MPLAD106281,Andhra Pradesh,Guntur,MP_119,Vendor_108,1911934.93,281063.41,0.14700469434909064,0,0,0,0,0,1,26.2,0
MPLAD106282,Gujarat,Ahmedabad,MP_095,Vendor_083,1326349.54,538824.11,0.40624593574330337,0,0,0,0,0,1,30.6,0
MPLAD106283,Jharkhand,Jamshedpur,MP_046,Vendor_114,530568.87,0.0,0.0,0,0,0,0,1,1,60.0,1
MPLAD106284,Gujarat,Surat,MP_097,Vendor_119,1628935.92,466877.27,0.2866148780118987,0,0,0,0,0,1,19.8,0
MPLAD106285,Punjab,Ludhiana,MP_101,Vendor_101,2766772.89,0.0,0.0,0,0,0,0,1,1,60.0,1
MPLAD106286,Kerala,Kochi,MP_022,Vendor_036,1972435.55,1202461.84,0.6096330194413704,0,0,0,0,0,-1,64.0,1
MPLAD106287,Assam,Dibrugarh,MP_117,Vendor_002,2125043.8,0.0,0.0,0,0,0,0,1,1,60.0,1
MPLAD106288,Assam,Dibrugarh,MP_131,Vendor_036,401482.69,123699.93,0.30810775428449977,0,0,0,0,0,1,23.4,0
MPLAD106289,Assam,Dibrugarh,MP_065,Vendor_053,2144592.0,0.0,0.0,0,0,0,0,1,1,60.0,1
MPLAD106290,Karnataka,Mysuru,MP_019,Vendor_057,2704890.08,2399576.14,0.8871251951206831,0,0,0,0,0,-1,49.0,1
MPLAD106291,Assam,Guwahati,MP_024,Vendor_061,1530030.38,1530030.38,1.0,0,0,0,0,0,-1,61.4,1
MPLAD106292,Bihar,Bhagalpur,MP_147,Vendor_101,1178191.4,1067742.04,0.9062551636347033,0,0,0,0,0,1,17.8,0
MPLAD106293,Jharkhand,Ranchi,MP_051,Vendor_068,560731.74,255853.14,0.4562843901078259,0,0,0,0,0,1,22.1,0
MPLAD106294,Madhya Pradesh,Indore,MP_150,Vendor_073,795197.06,0.0,0.0,0,0,0,0,1,1,60.0,1
MPLAD106295,Odisha,Cuttack,MP_039,Vendor_024,1717792.55,575699.09,0.3351388908980889,0,0,0,0,0,1,2.8,0
MPLAD106296,Haryana,Gurugram,MP_003,Vendor_048,660325.06,0.0,0.0,0,0,0,0,1,1,60.0,1
MPLAD106297,Bihar,Gaya,MP_060,Vendor_039,617071.23,214792.16,0.3480832512642017,0,0,0,0,0,1,25.2,0
MPLAD106298,Haryana,Faridabad,MP_055,Vendor_085,1626101.25,434778.99,0.26737510348755955,0,0,0,0,0,1,15.5,0
MPLAD106299,Odisha,Cuttack,MP_010,Vendor_007,1406133.26,757857.75,0.5389658089731837,0,0,0,0,0,-1,44.2,1
MPLAD106300,Bihar,Bhagalpur,MP_110,Vendor_012,1534937.68,1438309.13,0.9370472487195701,0,0,0,0,0,1,11.4,0
MPLAD106301,Punjab,Jalandhar,MP_146,Vendor_094,878123.84,0.0,0.0,0,0,0,0,1,-1,60.0,1
MPLAD106302,Odisha,Cuttack,MP_079,Vendor_061,3700040.24,1154754.11,0.312092311190648,0,0,0,0,0,1,19.6,0
MPLAD106303,Punjab,Jalandhar,MP_045,Vendor_104,443363.61,0.0,0.0,0,0,0,0,1,1,60.0,1
MPLAD106304,West Bengal,Kolkata,MP_001,Vendor_086,787850.21,715286.1,0.9078960580590567,0,0,0,0,0,-1,49.4,1
MPLAD106305,Andhra Pradesh,Guntur,MP_119,Vendor_004,1149082.62,24659.09,0.021459805910213833,0,1,0,0,0,-1,85.0,1
MPLAD106306,Gujarat,Ahmedabad,MP_002,Vendor_106,1386643.07,835151.73,0.6022831311593401,0,0,0,0,0,1,25.1,0
MPLAD106307,Kerala,Kochi,MP_022,Vendor_012,808733.54,134098.39,0.1658128213651186,0,0,0,0,0,1,35.1,0
MPLAD106308,Maharashtra,Nashik,MP_011,Vendor_042,764738.74,268490.89,0.35108838608071563,0,0,0,0,0,1,22.6,0
MPLAD106309,Gujarat,Ahmedabad,MP_047,Vendor_104,3200579.17,2610445.17,0.8156164966855046,0,0,0,0,0,1,25.2,0
MPLAD106310,Gujarat,Ahmedabad,MP_021,Vendor_079,3648977.95,2110124.98,0.5782783587387805,0,0,0,0,0,1,21.4,0
MPLAD106311,West Bengal,Kolkata,MP_001,Vendor_045,206709.95,192883.93,0.9331139115461059,0,0,0,0,0,1,21.3,0
MPLAD106312,Punjab,Ludhiana,MP_030,Vendor_054,829598.83,790042.24,0.9523184115387434,0,0,0,0,0,-1,74.9,1
MPLAD106313,Haryana,Faridabad,MP_112,Vendor_042,1076501.92,514501.03,0.4779378656379917,0,0,0,0,0,1,26.1,0
MPLAD106314,Madhya Pradesh,Bhopal,MP_033,Vendor_055,869213.8,787186.46,0.9056304214222093,0,0,0,0,0,-1,55.1,1
MPLAD106315,Karnataka,Hubballi,MP_029,Vendor_064,2169614.95,2001670.61,0.922592559569153,0,0,0,0,0,-1,51.6,1
MPLAD106316,Maharashtra,Mumbai,MP_067,Vendor_034,559235.49,674736.77,1.2065342455286592,0,0,1,0,0,1,90.0,1
MPLAD106317,Assam,Dibrugarh,MP_075,Vendor_067,1082248.56,509763.27,0.4710223592258695,0,0,0,0,0,1,16.0,0
MPLAD106318,Haryana,Faridabad,MP_112,Vendor_045,801460.12,0.0,0.0,0,0,0,0,1,1,60.0,1
MPLAD106319,Haryana,Gurugram,MP_126,Vendor_094,1393233.27,589043.97,0.4227891930832229,0,0,0,0,0,1,11.3,0
MPLAD106320,Odisha,Cuttack,MP_079,Vendor_052,989625.6,28546.04,0.02884529260358665,0,1,0,0,0,-1,85.0,1
MPLAD106321,Kerala,Kochi,MP_086,Vendor_097,2688329.4,0.0,0.0,0,1,0,0,1,-1,85.0,1
MPLAD106322,Punjab,Ludhiana,MP_030,Vendor_059,865321.42,516134.88,0.5964660853998044,0,0,0,0,0,1,35.5,0
MPLAD106323,Assam,Dibrugarh,MP_131,Vendor_093,1572779.76,260671.77,0.16573952477618353,0,0,0,0,0,1,24.8,0
MPLAD106324,West Bengal,Kolkata,MP_001,Vendor_117,1312857.55,422350.11,0.32170292199637346,0,0,0,0,0,1,31.1,0
MPLAD106325,Karnataka,Mysuru,MP_062,Vendor_011,1036008.61,160711.86,0.15512598876953348,0,0,0,0,0,-1,62.2,1
MPLAD106326,Chhattisgarh,Bilaspur,MP_103,Vendor_086,1829950.06,1829950.06,1.0,0,0,0,0,0,-1,43.6,1
MPLAD106327,Bihar,Bhagalpur,MP_147,Vendor_063,1260670.91,1236119.56,0.9805251713153278,0,0,0,0,0,1,17.5,0
MPLAD106328,Tamil Nadu,Chennai,MP_066,Vendor_066,1065142.29,472117.21,0.4432433247956008,0,0,0,0,0,1,7.0,0
MPLAD106329,Odisha,Cuttack,MP_039,Vendor_100,1116054.87,169594.12,0.15195858605052276,0,0,0,0,0,1,21.3,0
MPLAD106330,Gujarat,Ahmedabad,MP_021,Vendor_117,2310446.76,0.0,0.0,0,0,0,0,1,1,60.0,1
MPLAD106331,Assam,Dibrugarh,MP_117,Vendor_009,1116023.95,1116023.95,1.0,0,0,0,0,0,1,19.1,0
MPLAD106332,Gujarat,Surat,MP_006,Vendor_050,1748780.17,877347.97,0.5016913989824119,0,0,0,0,0,1,25.6,0
MPLAD106333,Telangana,Hyderabad,MP_143,Vendor_038,2991134.06,2009199.14,0.6717181843731872,0,0,0,0,0,1,21.2,0
MPLAD106334,Haryana,Panipat,MP_026,Vendor_101,686857.33,90882.11,0.13231584789231265,0,0,0,0,0,1,19.2,0
MPLAD106335,Chhattisgarh,Bilaspur,MP_058,Vendor_037,710498.05,881026.99,1.240013241415652,0,0,1,0,0,-1,90.0,1
MPLAD106336,Punjab,Jalandhar,MP_115,Vendor_071,1443026.5,0.0,0.0,0,0,0,0,1,1,60.0,1
MPLAD106337,Kerala,Kochi,MP_086,Vendor_053,3200140.95,0.0,0.0,0,0,0,0,1,1,60.0,1
MPLAD106338,Gujarat,Vadodara,MP_093,Vendor_058,1023943.61,622237.26,0.6076870385469763,0,0,0,0,0,1,19.7,0
MPLAD106339,West Bengal,Kolkata,MP_054,Vendor_107,1219333.68,15387.56,0.012619646494140964,0,0,0,0,0,1,35.0,0
MPLAD106340,Odisha,Cuttack,MP_017,Vendor_024,1216446.31,640366.81,0.5264242282916703,0,0,0,0,0,1,8.9,0
MPLAD106341,Karnataka,Hubballi,MP_029,Vendor_111,1135088.16,0.0,0.0,0,1,0,0,1,-1,85.0,1
MPLAD106342,Tamil Nadu,Madurai,MP_087,Vendor_097,823490.61,794641.58,0.9649673843882688,0,0,0,0,0,-1,53.3,1
MPLAD106343,Kerala,Kochi,MP_085,Vendor_114,813552.52,759447.55,0.9334954183412769,0,0,0,0,0,1,33.5,0
MPLAD106344,Chhattisgarh,Bilaspur,MP_080,Vendor_116,1590102.25,0.0,0.0,0,0,0,0,1,-1,60.0,1
MPLAD106345,Haryana,Gurugram,MP_126,Vendor_077,1419682.96,370906.8,0.2612603027932377,0,0,0,0,0,1,12.4,0
MPLAD106346,Karnataka,Mysuru,MP_059,Vendor_019,564458.75,0.0,0.0,0,0,0,0,1,1,60.0,1
MPLAD106347,Kerala,Kochi,MP_104,Vendor_069,2371101.43,2312508.89,0.9752888934827221,0,0,0,0,0,-1,74.9,1
MPLAD106348,Gujarat,Ahmedabad,MP_027,Vendor_085,2078388.36,361615.34,0.1739883396960518,0,0,0,0,0,1,29.6,0
MPLAD106349,West Bengal,Kolkata,MP_009,Vendor_009,11098548.25,3487654.68,0.3142442237884581,0,0,0,0,0,1,15.4,0
MPLAD106350,Maharashtra,Pune,MP_127,Vendor_064,2678915.56,657392.55,0.24539502469424607,0,0,0,0,0,1,32.7,0
MPLAD106351,Tamil Nadu,Madurai,MP_145,Vendor_038,1520678.77,888174.14,0.584064272824694,0,0,0,0,0,1,32.5,0
MPLAD106352,Kerala,Kochi,MP_108,Vendor_034,1799673.17,0.0,0.0,0,0,0,0,1,1,60.0,1
MPLAD106353,Kerala,Kochi,MP_086,Vendor_009,483323.35,472254.67,0.9770988097305872,0,0,0,0,0,1,30.2,0
MPLAD106354,Haryana,Faridabad,MP_112,Vendor_039,661455.83,0.0,0.0,0,0,0,0,1,1,60.0,1
MPLAD106355,West Bengal,Kolkata,MP_089,Vendor_083,886897.89,857724.76,0.9671065515783334,0,0,0,0,0,-1,42.4,1
MPLAD106356,Assam,Guwahati,MP_133,Vendor_111,1733541.5,116353.53,0.06711897580761696,0,0,0,0,0,1,22.0,0
MPLAD106357,Odisha,Cuttack,MP_079,Vendor_067,1206827.52,189537.9,0.15705467173966997,0,0,0,0,0,1,9.2,0
MPLAD106358,Tamil Nadu,Madurai,MP_125,Vendor_114,3967886.23,3862607.25,0.9734672382479072,0,0,0,0,0,1,19.4,0
MPLAD106359,Bihar,Bhagalpur,MP_147,Vendor_085,7629209.06,1389841.79,0.18217377175924448,0,0,0,0,0,1,16.4,0
MPLAD106360,Madhya Pradesh,Indore,MP_038,Vendor_018,1410164.27,235503.25,0.16700412498750944,0,0,0,0,0,1,19.8,0
MPLAD106361,Gujarat,Ahmedabad,MP_100,Vendor_005,1354593.0,1683556.14,1.2428501697557863,0,0,1,0,0,-1,90.0,1
MPLAD106362,Rajasthan,Jodhpur,MP_063,Vendor_075,524528.5,0.0,0.0,0,0,0,0,1,-1,60.0,1
MPLAD106363,Odisha,Rourkela,MP_013,Vendor_056,3955029.24,3855940.73,0.9749462003977497,0,0,0,0,0,1,23.0,0
MPLAD106364,Kerala,Kochi,MP_082,Vendor_116,1327842.71,434829.68,0.3274707740045506,0,0,0,0,0,-1,50.8,1
MPLAD106365,Chhattisgarh,Raipur,MP_113,Vendor_057,1045263.09,885770.45,0.847413879313389,0,0,0,0,0,1,10.8,0
MPLAD106366,Assam,Dibrugarh,MP_123,Vendor_103,839617.82,416444.53,0.49599296260767795,0,0,0,0,0,1,38.2,0
MPLAD106367,Rajasthan,Jaipur,MP_004,Vendor_112,905144.04,0.0,0.0,0,0,0,0,1,1,60.0,1
MPLAD106368,Haryana,Faridabad,MP_137,Vendor_022,722493.26,0.0,0.0,0,0,0,0,1,1,60.0,1
MPLAD106369,Tamil Nadu,Coimbatore,MP_078,Vendor_019,779212.02,680524.95,0.873350169829259,0,0,0,0,0,1,23.6,0
MPLAD106370,Madhya Pradesh,Indore,MP_038,Vendor_011,1958982.78,1958982.78,1.0,0,0,0,0,0,-1,65.1,1
MPLAD106371,Assam,Guwahati,MP_024,Vendor_026,941882.48,584247.98,0.6202981713812109,0,0,0,0,0,1,35.3,0
MPLAD106372,Gujarat,Ahmedabad,MP_021,Vendor_043,483181.39,122804.0,0.25415713961996755,0,0,0,0,0,-1,39.6,1
MPLAD106373,Punjab,Jalandhar,MP_146,Vendor_053,1551579.41,0.0,0.0,0,0,0,0,1,1,60.0,1
MPLAD106374,Kerala,Thiruvananthapuram,MP_074,Vendor_103,590466.78,469783.32,0.7956134636397326,0,0,0,0,0,1,36.3,0
MPLAD106375,Punjab,Ludhiana,MP_030,Vendor_060,709921.98,0.0,0.0,0,0,0,0,1,1,60.0,1
MPLAD106376,Gujarat,Surat,MP_097,Vendor_089,1110440.0,1076866.51,0.9697655974208422,0,0,0,0,0,-1,51.1,1
MPLAD106377,Gujarat,Ahmedabad,MP_095,Vendor_087,1372013.03,1307575.77,0.9530345130905936,0,0,0,0,0,1,33.1,0
MPLAD106378,Gujarat,Ahmedabad,MP_100,Vendor_058,1022156.43,0.0,0.0,0,0,0,0,1,-1,60.0,1
MPLAD106379,Tamil Nadu,Chennai,MP_135,Vendor_091,962534.49,0.0,0.0,0,1,0,0,1,-1,85.0,1
MPLAD106380,Jharkhand,Ranchi,MP_035,Vendor_037,1432883.32,893586.07,0.6236279378281826,0,0,0,0,0,1,37.6,0
MPLAD106381,Andhra Pradesh,Vijayawada,MP_116,Vendor_018,2207729.44,2153592.19,0.9754783131396753,0,0,0,0,0,-1,46.2,1
MPLAD106382,Kerala,Kochi,MP_022,Vendor_110,2476248.11,0.0,0.0,0,0,0,0,1,-1,60.0,1
MPLAD106383,Bihar,Bhagalpur,MP_147,Vendor_026,762749.25,518274.79,0.6794825298091083,0,0,0,0,0,1,30.2,0
MPLAD106384,Assam,Dibrugarh,MP_131,Vendor_010,705373.69,116401.69,0.16502130948490581,0,0,0,0,0,-1,43.8,1
MPLAD106385,Odisha,Cuttack,MP_079,Vendor_008,848173.49,0.0,0.0,0,0,0,0,1,-1,60.0,1
MPLAD106386,Uttar Pradesh,Varanasi,MP_007,Vendor_055,920331.61,534527.7,0.5807990230825604,0,0,0,0,0,1,27.6,0
MPLAD106387,Jharkhand,Jamshedpur,MP_132,Vendor_052,1920780.31,752643.3,0.39184246948054147,0,0,0,0,0,-1,44.4,1
MPLAD106388,West Bengal,Kolkata,MP_009,Vendor_108,879790.22,103250.98,0.11735863578933624,0,0,0,0,0,1,22.6,0
MPLAD106389,Telangana,Hyderabad,MP_142,Vendor_101,702859.91,350151.92,0.4981816646790965,0,0,0,0,0,1,16.0,0
MPLAD106390,Assam,Silchar,MP_076,Vendor_104,1276207.86,1452701.0,1.1382949796281618,0,0,1,0,0,-1,90.0,1
MPLAD106391,Gujarat,Ahmedabad,MP_100,Vendor_029,2658070.98,0.0,0.0,0,0,0,0,1,1,60.0,1
MPLAD106392,Punjab,Jalandhar,MP_146,Vendor_052,1581377.78,2033234.25,1.2857359422363959,0,0,1,0,0,-1,90.0,1
MPLAD106393,Odisha,Cuttack,MP_079,Vendor_079,793685.0,748206.91,0.9427000762267147,0,0,0,0,0,-1,49.0,1
MPLAD106394,Punjab,Ludhiana,MP_030,Vendor_053,582127.76,137746.34,0.23662561634236443,0,0,0,0,0,-1,52.9,1
MPLAD106395,Jharkhand,Ranchi,MP_109,Vendor_033,541424.56,0.0,0.0,0,0,0,0,1,1,60.0,1
MPLAD106396,Telangana,Hyderabad,MP_143,Vendor_074,1142316.35,0.0,0.0,0,0,0,0,1,-1,60.0,1
MPLAD106397,Bihar,Bhagalpur,MP_077,Vendor_107,1267911.34,1388264.46,1.0949223468574703,0,0,1,0,0,-1,90.0,1
MPLAD106398,Karnataka,Mysuru,MP_059,Vendor_020,1087994.19,0.0,0.0,0,0,0,0,1,1,60.0,1
MPLAD106399,Tamil Nadu,Madurai,MP_145,Vendor_041,699967.19,247962.79,0.35424916130711787,0,0,0,0,0,1,18.2,0
MPLAD106400,Assam,Dibrugarh,MP_123,Vendor_034,811487.24,471885.61,0.5815071226505053,0,0,0,0,0,-1,49.7,1
MPLAD106401,Punjab,Jalandhar,MP_114,Vendor_078,2559332.62,90893.41,0.03551449674407698,0,0,0,0,0,1,26.8,0
MPLAD106402,Tamil Nadu,Coimbatore,MP_128,Vendor_103,1721560.39,1389855.46,0.8073230936731763,0,0,0,0,0,1,35.2,0
MPLAD106403,Punjab,Amritsar,MP_064,Vendor_097,2185454.92,0.0,0.0,0,0,0,0,1,-1,60.0,1
MPLAD106404,Haryana,Gurugram,MP_091,Vendor_052,1883019.77,239798.59,0.12734788759015525,0,0,0,0,0,-1,51.1,1
MPLAD106405,Assam,Silchar,MP_016,Vendor_113,2706789.62,866563.74,0.3201444743237932,0,0,0,0,0,1,32.7,0
MPLAD106406,Tamil Nadu,Madurai,MP_136,Vendor_103,374306.12,130042.7,0.34742338703946385,0,0,0,0,0,1,11.2,0
MPLAD106407,Kerala,Thiruvananthapuram,MP_083,Vendor_104,857003.06,857003.06,1.0,0,0,0,0,0,-1,55.8,1
MPLAD106408,Telangana,Hyderabad,MP_142,Vendor_025,1477542.47,2.98,2.016862500067426e-06,0,0,0,0,0,1,21.2,0
MPLAD106409,Kerala,Thiruvananthapuram,MP_083,Vendor_065,3366486.0,1270594.14,0.37742445386673223,0,0,0,0,0,1,34.7,0
MPLAD106410,Rajasthan,Jaipur,MP_121,Vendor_102,1006758.84,132829.06,0.13193731678581536,0,0,0,0,0,1,14.2,0
MPLAD106411,Andhra Pradesh,Vijayawada,MP_116,Vendor_033,756131.83,730113.42,0.965590114094258,0,0,0,0,0,-1,50.8,1
MPLAD106412,Assam,Guwahati,MP_148,Vendor_063,498726.79,91547.81,0.18356304861826253,0,0,0,0,0,1,28.7,0
MPLAD106413,Punjab,Ludhiana,MP_124,Vendor_118,1586446.53,0.0,0.0,0,0,0,0,1,1,60.0,1
MPLAD106414,Punjab,Jalandhar,MP_045,Vendor_030,1941640.1,1016227.18,0.5233859663281574,0,0,0,0,0,1,21.6,0
MPLAD106415,Haryana,Faridabad,MP_112,Vendor_102,2900434.66,2708046.61,0.9336692349414966,0,0,0,0,0,1,17.5,0
MPLAD106416,Punjab,Jalandhar,MP_114,Vendor_062,882740.19,0.0,0.0,0,0,0,0,1,1,60.0,1
MPLAD106417,Bihar,Bhagalpur,MP_070,Vendor_064,481917.64,147057.3,0.30515027422528046,0,0,0,0,0,1,10.1,0
MPLAD106418,Maharashtra,Nashik,MP_068,Vendor_081,513487.5,0.0,0.0,0,1,0,0,1,1,85.0,1
MPLAD106419,Madhya Pradesh,Bhopal,MP_084,Vendor_091,1029587.44,924061.81,0.8975068790660462,0,0,0,0,0,-1,41.8,1
MPLAD106420,Assam,Dibrugarh,MP_123,Vendor_087,2028733.78,2167311.31,1.0683074000966257,0,0,1,0,0,-1,90.0,1
MPLAD106421,Andhra Pradesh,Guntur,MP_036,Vendor_036,588058.33,182698.66,0.3106811870176212,0,0,0,0,0,-1,58.8,1
MPLAD106422,Assam,Silchar,MP_076,Vendor_059,1585861.45,470008.56,0.2963742891915306,0,0,0,0,0,1,33.2,0
MPLAD106423,Kerala,Kochi,MP_108,Vendor_094,1373037.52,0.0,0.0,0,0,0,0,1,1,60.0,1
MPLAD106424,Bihar,Gaya,MP_072,Vendor_011,602045.67,530631.32,0.8813805105516329,0,0,0,0,0,-1,65.3,1
MPLAD106425,Gujarat,Ahmedabad,MP_100,Vendor_021,3940305.63,624379.82,0.15845974364176416,0,0,0,0,0,-1,39.7,1
MPLAD106426,Gujarat,Ahmedabad,MP_047,Vendor_019,231402.39,113592.08,0.4908855090044662,0,0,0,0,0,1,23.3,0
MPLAD106427,Punjab,Jalandhar,MP_139,Vendor_040,3807936.34,1240513.55,0.3257705589689559,0,0,0,0,0,1,19.2,0
MPLAD106428,West Bengal,Kolkata,MP_054,Vendor_025,1371967.77,10113.9,0.007371820403623621,0,1,0,0,0,1,85.0,1
MPLAD106429,Kerala,Kozhikode,MP_043,Vendor_080,245316.44,192186.28,0.7834219345429927,0,0,0,0,0,-1,53.7,1
MPLAD106430,Maharashtra,Nashik,MP_068,Vendor_082,2729466.71,1196230.82,0.43826540020339727,0,0,0,0,0,1,22.5,0
MPLAD106431,Punjab,Ludhiana,MP_101,Vendor_076,3269939.65,1029975.54,0.31498304257694787,0,0,0,0,0,1,34.4,0
MPLAD106432,Kerala,Thiruvananthapuram,MP_074,Vendor_076,993278.22,0.0,0.0,0,0,0,0,1,1,60.0,1
MPLAD106433,Haryana,Faridabad,MP_055,Vendor_036,2306767.47,1348891.36,0.5847539370754175,0,0,0,0,0,1,26.6,0
MPLAD106434,Punjab,Jalandhar,MP_144,Vendor_104,410025.65,410025.65,1.0,0,0,0,0,0,-1,40.3,1
MPLAD106435,West Bengal,Kolkata,MP_056,Vendor_010,1489616.64,689902.61,0.46314104681322577,0,0,0,0,0,1,36.4,0
MPLAD106436,Maharashtra,Mumbai,MP_105,Vendor_069,3000000.0,97117.81,0.03237260333333333,0,1,0,0,0,-1,85.0,1
MPLAD106437,Punjab,Amritsar,MP_012,Vendor_060,649482.7,225772.52,0.3476189896974931,0,0,0,0,0,1,25.8,0
MPLAD106438,Gujarat,Ahmedabad,MP_015,Vendor_067,1061804.23,1061804.23,1.0,0,0,0,0,0,1,35.8,0
MPLAD106439,Bihar,Bhagalpur,MP_070,Vendor_023,1856638.01,1665250.88,0.8969173694768857,0,0,0,0,0,1,28.7,0
MPLAD106440,Assam,Dibrugarh,MP_123,Vendor_103,680071.9,0.0,0.0,0,0,0,0,1,1,60.0,1
MPLAD106441,Maharashtra,Mumbai,MP_067,Vendor_061,1260189.39,0.0,0.0,0,0,0,0,1,1,60.0,1
MPLAD106442,West Bengal,Siliguri,MP_071,Vendor_017,1353036.8,1353036.8,1.0,0,0,0,0,0,1,29.6,0
MPLAD106443,Bihar,Patna,MP_050,Vendor_119,852982.28,0.0,0.0,0,0,0,0,1,1,60.0,1
MPLAD106444,Rajasthan,Jodhpur,MP_063,Vendor_026,1949043.19,995300.78,0.5106612234693476,0,0,0,0,0,1,31.9,0
MPLAD106445,Maharashtra,Mumbai,MP_105,Vendor_112,1127655.37,1123399.04,0.9962255046060747,0,0,0,0,0,-1,42.6,1
MPLAD106446,Bihar,Bhagalpur,MP_110,Vendor_039,1278371.73,1133704.65,0.8868348880024122,0,0,0,0,0,1,30.0,0
MPLAD106447,Assam,Dibrugarh,MP_117,Vendor_011,468250.76,408039.17,0.8714116555838585,0,0,0,0,0,-1,51.1,1
MPLAD106448,Chhattisgarh,Bilaspur,MP_081,Vendor_099,572189.34,185583.17,0.3243387407392106,0,0,0,0,0,-1,47.6,1
MPLAD106449,Uttar Pradesh,Varanasi,MP_007,Vendor_053,795024.74,240650.4,0.30269548592915485,0,0,0,0,0,1,25.6,0
MPLAD106450,Assam,Guwahati,MP_024,Vendor_044,613869.25,174524.87,0.28430300100550726,0,0,0,0,0,1,14.9,0
MPLAD106451,Rajasthan,Jodhpur,MP_099,Vendor_083,1527435.86,889339.13,0.5822431915406254,0,0,0,0,0,1,27.4,0
MPLAD106452,Odisha,Rourkela,MP_106,Vendor_003,829119.43,829119.43,1.0,0,0,0,0,0,1,30.5,0
MPLAD106453,Jharkhand,Jamshedpur,MP_132,Vendor_046,2490906.55,721912.77,0.2898192908923059,0,0,0,0,0,1,13.4,0
MPLAD106454,Karnataka,Hubballi,MP_029,Vendor_007,1788695.54,1659811.27,0.9279451046207674,0,0,0,0,0,-1,62.4,1
MPLAD106455,Maharashtra,Nashik,MP_011,Vendor_040,1972307.17,0.0,0.0,0,0,0,0,1,-1,60.0,1
MPLAD106456,Bihar,Bhagalpur,MP_110,Vendor_009,3393742.48,2076994.87,0.6120072109890907,0,0,0,0,0,1,12.4,0
MPLAD106457,Rajasthan,Udaipur,MP_023,Vendor_096,2287369.95,0.0,0.0,0,0,0,0,1,1,60.0,1
MPLAD106458,Odisha,Rourkela,MP_013,Vendor_088,537440.16,273142.07,0.5082278741506775,0,0,0,0,0,1,11.7,0
MPLAD106459,Maharashtra,Nashik,MP_011,Vendor_058,465525.03,117097.53,0.251538633701393,0,0,0,0,0,1,19.0,0
MPLAD106460,Rajasthan,Udaipur,MP_044,Vendor_099,2342398.02,910263.38,0.3886032058719039,0,0,0,0,0,1,18.6,0
MPLAD106461,Telangana,Hyderabad,MP_140,Vendor_037,2399202.41,2399202.41,1.0,0,0,0,0,0,1,23.1,0
MPLAD106462,Jharkhand,Ranchi,MP_109,Vendor_082,1267279.34,445490.74,0.3515331828892594,0,0,0,0,0,1,6.9,0
MPLAD106463,Gujarat,Vadodara,MP_093,Vendor_014,209560.49,92727.98,0.4424878945453888,0,0,0,0,0,1,16.3,0
MPLAD106464,Bihar,Gaya,MP_060,Vendor_017,4929196.57,0.0,0.0,0,0,0,0,1,1,60.0,1
MPLAD106465,Tamil Nadu,Coimbatore,MP_128,Vendor_056,274640.94,100996.59,0.36774047598293247,0,0,0,0,0,1,17.4,0
MPLAD106466,Rajasthan,Udaipur,MP_023,Vendor_082,707994.22,214306.94,0.3026958892404517,0,0,0,0,0,1,26.6,0
MPLAD106467,Uttar Pradesh,Lucknow,MP_049,Vendor_018,626843.55,539288.95,0.8603246376228963,0,0,0,0,0,1,36.4,0
MPLAD106468,Kerala,Thiruvananthapuram,MP_083,Vendor_099,3468125.81,3137237.08,0.9045914859703431,0,0,0,0,0,1,25.0,0
MPLAD106469,Bihar,Bhagalpur,MP_070,Vendor_084,2523767.97,2022633.81,0.8014341389711828,0,0,0,0,0,1,33.8,0
MPLAD106470,Kerala,Thiruvananthapuram,MP_083,Vendor_052,1503706.65,0.0,0.0,0,0,0,0,1,-1,60.2,1
MPLAD106471,Gujarat,Surat,MP_122,Vendor_045,758463.99,703068.64,0.9269637705542224,0,0,0,0,0,-1,43.9,1
MPLAD106472,Maharashtra,Nashik,MP_068,Vendor_046,2453575.92,1986019.04,0.8094385927947972,0,0,0,0,0,-1,41.6,1
MPLAD106473,Haryana,Gurugram,MP_126,Vendor_076,1618488.46,606826.09,0.3749338379589064,0,0,0,0,0,1,5.3,0
MPLAD106474,Chhattisgarh,Bilaspur,MP_080,Vendor_104,1556796.1,0.0,0.0,0,0,0,0,1,1,60.0,1
MPLAD106475,Uttar Pradesh,Varanasi,MP_096,Vendor_055,2956683.94,0.0,0.0,0,0,0,0,1,-1,60.0,1
MPLAD106476,Madhya Pradesh,Bhopal,MP_033,Vendor_044,1623908.44,0.0,0.0,0,1,0,0,1,1,85.0,1
MPLAD106477,Maharashtra,Mumbai,MP_061,Vendor_071,1388089.62,1211891.68,0.8730644351335182,0,0,0,0,0,1,30.6,0
MPLAD106478,Madhya Pradesh,Indore,MP_150,Vendor_082,632752.64,594532.69,0.9395973282703332,0,0,0,0,0,1,30.9,0
MPLAD106479,Rajasthan,Udaipur,MP_052,Vendor_113,786209.49,666296.33,0.8474793785559622,0,0,0,0,0,1,15.6,0
MPLAD106480,Punjab,Jalandhar,MP_045,Vendor_038,2977861.4,1352923.95,0.45432737400068385,0,0,0,0,0,1,14.3,0
MPLAD106481,Chhattisgarh,Raipur,MP_020,Vendor_069,3181393.59,2730137.16,0.8581576226788086,0,0,0,0,0,1,24.8,0
MPLAD106482,Chhattisgarh,Bilaspur,MP_103,Vendor_071,1295694.5,1209991.84,0.9338558124619655,0,0,0,0,0,1,36.3,0
MPLAD106483,Bihar,Patna,MP_028,Vendor_047,418197.75,111605.88,0.2668734587883364,0,0,0,0,0,1,36.0,0
MPLAD106484,Kerala,Kochi,MP_086,Vendor_055,951053.53,1329632.17,1.398062388770062,0,0,1,0,0,-1,90.0,1
MPLAD106485,Jharkhand,Jamshedpur,MP_031,Vendor_025,2056540.49,595224.03,0.2894297646432432,0,0,0,0,0,-1,41.1,1
MPLAD106486,Madhya Pradesh,Bhopal,MP_033,Vendor_103,310797.82,0.0,0.0,0,0,0,0,1,1,60.0,1
MPLAD106487,Chhattisgarh,Bilaspur,MP_058,Vendor_115,2382544.23,2382544.23,1.0,0,0,0,0,0,1,21.2,0
MPLAD106488,Jharkhand,Jamshedpur,MP_031,Vendor_009,626590.02,531207.53,0.8477752805574529,0,0,0,0,0,1,25.6,0
MPLAD106489,Chhattisgarh,Raipur,MP_020,Vendor_015,552178.0,0.0,0.0,0,0,0,0,1,1,60.0,1
MPLAD106490,Gujarat,Ahmedabad,MP_002,Vendor_045,1697743.95,1049635.92,0.6182533708925895,0,0,0,0,0,1,23.0,0
MPLAD106491,Rajasthan,Jodhpur,MP_063,Vendor_106,1872875.29,574195.62,0.3065850796718024,0,0,0,0,0,-1,39.9,1
MPLAD106492,Punjab,Amritsar,MP_064,Vendor_055,2362974.53,889106.29,0.37626571032062717,0,0,0,0,0,1,23.8,0
MPLAD106493,Rajasthan,Jaipur,MP_121,Vendor_099,1456382.77,0.0,0.0,0,0,0,0,1,1,60.0,1
MPLAD106494,Maharashtra,Pune,MP_014,Vendor_027,589510.79,432990.14,0.7344906104263164,0,0,0,0,0,1,10.2,0
MPLAD106495,Bihar,Bhagalpur,MP_110,Vendor_037,828825.41,750080.56,0.90499223473373,0,0,0,0,0,1,14.2,0
MPLAD106496,Gujarat,Vadodara,MP_040,Vendor_085,911923.34,968802.54,1.0623727867300776,0,0,1,0,0,-1,90.0,1
MPLAD106497,West Bengal,Siliguri,MP_111,Vendor_050,1440836.48,313477.65,0.2175664305778821,0,0,0,0,0,1,2.8,0
MPLAD106498,Haryana,Gurugram,MP_138,Vendor_108,288463.35,0.0,0.0,0,0,0,0,1,1,60.0,1
MPLAD106499,Andhra Pradesh,Vijayawada,MP_116,Vendor_043,880292.94,744093.63,0.8452795611424534,0,0,0,0,0,-1,45.5,1
MPLAD106500,Telangana,Hyderabad,MP_140,Vendor_034,1391239.04,0.0,0.0,0,0,0,0,1,1,60.0,1
MPLAD106501,Bihar,Bhagalpur,MP_077,Vendor_020,596389.15,596389.15,1.0,0,0,0,0,0,1,28.6,0
MPLAD106502,Punjab,Amritsar,MP_098,Vendor_020,497668.38,497346.94,0.9993541080508269,0,0,0,0,0,-1,60.1,1
MPLAD106503,Kerala,Kochi,MP_073,Vendor_120,880736.56,160885.9,0.18267198990808328,0,0,0,0,0,1,23.5,0
MPLAD106504,Punjab,Amritsar,MP_098,Vendor_056,2131389.27,2099247.15,0.9849196388231793,0,0,0,0,0,-1,45.4,1
MPLAD106505,Tamil Nadu,Madurai,MP_087,Vendor_047,2000000.0,0.0,0.0,0,0,0,0,1,-1,60.0,1
MPLAD106506,Kerala,Kochi,MP_082,Vendor_088,646301.05,310233.62,0.48001410488192764,0,0,0,0,0,-1,39.3,1
MPLAD106507,Assam,Silchar,MP_076,Vendor_095,804567.94,336415.8,0.4181322462339228,0,0,0,0,0,1,25.0,0
MPLAD106508,Tamil Nadu,Coimbatore,MP_037,Vendor_044,786356.9,335161.48,0.42622056219001825,0,0,0,0,0,1,2.2,0
MPLAD106509,West Bengal,Kolkata,MP_057,Vendor_096,875655.06,755528.69,0.8628154218625766,0,0,0,0,0,-1,62.5,1
MPLAD106510,Bihar,Gaya,MP_072,Vendor_117,1260192.32,223695.57,0.1775090725834609,0,0,0,0,0,1,19.8,0
MPLAD106511,Bihar,Bhagalpur,MP_147,Vendor_018,1419953.15,117703.89,0.08289279825887214,0,0,0,0,0,1,8.8,0
MPLAD106512,Gujarat,Vadodara,MP_093,Vendor_091,894468.94,817618.11,0.9140821703658039,0,0,0,0,0,-1,47.8,1
MPLAD106513,Bihar,Patna,MP_120,Vendor_011,2443256.8,801513.22,0.3280511569639344,0,0,0,0,0,-1,43.5,1
MPLAD106514,Assam,Dibrugarh,MP_075,Vendor_089,795342.87,686242.15,0.8628255509476058,0,0,0,0,0,-1,39.4,1
MPLAD106515,Karnataka,Mysuru,MP_062,Vendor_103,421425.44,421425.44,1.0,0,0,0,0,0,-1,43.3,1
MPLAD106516,Chhattisgarh,Raipur,MP_020,Vendor_010,2405820.04,725088.81,0.301389463028997,0,0,0,0,0,1,13.4,0
MPLAD106517,Gujarat,Ahmedabad,MP_002,Vendor_062,2040780.86,179242.9,0.08783054737195055,0,0,0,0,0,1,31.0,0
MPLAD106518,Punjab,Jalandhar,MP_146,Vendor_046,851165.47,158474.42,0.18618520791262833,0,0,0,0,0,1,37.8,0
MPLAD106519,Madhya Pradesh,Bhopal,MP_084,Vendor_098,3719062.63,562586.11,0.15127094269988134,0,0,0,0,0,1,28.5,0
MPLAD106520,Maharashtra,Mumbai,MP_069,Vendor_043,664893.85,601309.23,0.9043687650291847,0,0,0,0,0,1,34.3,0
MPLAD106521,Maharashtra,Mumbai,MP_105,Vendor_106,679909.4,292079.24,0.4295855300720949,0,0,0,0,0,1,32.3,0
MPLAD106522,Chhattisgarh,Bilaspur,MP_094,Vendor_058,641024.2,353377.77,0.55127056045622,0,0,0,0,0,1,20.6,0
MPLAD106523,Haryana,Gurugram,MP_003,Vendor_080,1570570.38,788179.83,0.5018430501662714,0,0,0,0,0,1,28.0,0
MPLAD106524,Madhya Pradesh,Indore,MP_038,Vendor_117,585230.79,24312.3,0.041543097894763875,0,0,0,0,0,1,20.4,0
MPLAD106525,Tamil Nadu,Madurai,MP_042,Vendor_023,732483.1,0.0,0.0,0,0,0,0,1,1,60.0,1
MPLAD106526,Telangana,Hyderabad,MP_142,Vendor_041,2753409.79,1800476.09,0.6539077824663361,0,0,0,0,0,1,29.5,0
MPLAD106527,West Bengal,Siliguri,MP_032,Vendor_031,1186465.52,443012.2,0.3733881790344822,0,0,0,0,0,1,17.5,0
MPLAD106528,Punjab,Ludhiana,MP_149,Vendor_047,1491218.62,729.79,0.0004893916895967943,0,1,0,0,0,-1,85.0,1
MPLAD106529,Punjab,Ludhiana,MP_141,Vendor_071,740548.11,96542.84,0.13036673606526386,0,0,0,0,0,1,25.5,0
MPLAD106530,Assam,Dibrugarh,MP_075,Vendor_104,1559451.82,724964.89,0.4648844425344285,0,0,0,0,0,1,11.0,0
MPLAD106531,Karnataka,Mysuru,MP_019,Vendor_085,1493248.03,879490.28,0.5889780279837369,0,0,0,0,0,1,12.5,0
MPLAD106532,Haryana,Faridabad,MP_055,Vendor_054,603118.56,483497.78,0.8016629101913229,0,0,0,0,0,-1,39.0,1
MPLAD106533,Jharkhand,Jamshedpur,MP_118,Vendor_010,1895304.8,1839922.54,0.9707792329761419,0,0,0,0,0,-1,67.2,1
MPLAD106534,Punjab,Amritsar,MP_064,Vendor_077,1038993.39,330404.78,0.31800469875944065,0,0,0,0,0,1,20.5,0
MPLAD106535,Assam,Dibrugarh,MP_123,Vendor_050,447877.69,447877.69,1.0,0,0,0,0,0,1,32.6,0
MPLAD106536,Haryana,Faridabad,MP_137,Vendor_052,11649644.42,3088885.29,0.26514846107208484,0,0,0,0,0,-1,49.3,1
MPLAD106537,Chhattisgarh,Raipur,MP_113,Vendor_081,2869384.16,2698637.58,0.9404936493411186,0,0,0,0,0,1,32.9,0
MPLAD106538,Gujarat,Ahmedabad,MP_021,Vendor_019,707113.44,0.0,0.0,0,0,0,0,1,1,60.0,1
MPLAD106539,Haryana,Faridabad,MP_137,Vendor_087,807324.78,663671.02,0.8220619959169344,0,0,0,0,0,1,38.9,0
MPLAD106540,Chhattisgarh,Raipur,MP_113,Vendor_056,4971974.71,4042146.16,0.8129860660534213,0,0,0,0,0,-1,44.6,1
MPLAD106541,Uttar Pradesh,Varanasi,MP_007,Vendor_028,5010915.74,1285359.15,0.2565118267185231,0,0,0,0,0,1,22.7,0
MPLAD106542,Assam,Dibrugarh,MP_065,Vendor_008,900135.0,846867.21,0.9408224433001716,0,0,0,0,0,1,36.8,0
MPLAD106543,Gujarat,Surat,MP_122,Vendor_084,2005356.56,645738.96,0.3220070549448822,0,0,0,0,0,1,38.1,0
MPLAD106544,Gujarat,Ahmedabad,MP_047,Vendor_089,641548.07,0.0,0.0,0,0,0,0,1,-1,60.0,1
MPLAD106545,Gujarat,Ahmedabad,MP_015,Vendor_034,810946.48,0.0,0.0,0,0,0,0,1,1,60.0,1
MPLAD106546,Chhattisgarh,Bilaspur,MP_130,Vendor_066,3278742.25,1230937.86,0.3754298954118763,0,0,0,0,0,1,16.3,0
MPLAD106547,Haryana,Faridabad,MP_112,Vendor_095,1102068.9,0.0,0.0,0,0,0,0,1,1,60.0,1
MPLAD106548,Maharashtra,Mumbai,MP_067,Vendor_070,1612751.16,315994.41,0.19593500710921827,0,0,0,0,0,1,9.7,0
MPLAD106549,Karnataka,Hubballi,MP_029,Vendor_019,513823.34,318604.13,0.6200655073395459,0,0,0,0,0,1,26.0,0
MPLAD106550,Punjab,Jalandhar,MP_115,Vendor_002,534566.37,476625.76,0.8916119433401694,0,0,0,0,0,-1,47.5,1
MPLAD106551,Bihar,Gaya,MP_072,Vendor_073,1527958.63,383529.74,0.25100793468472377,0,0,0,0,0,1,22.8,0
MPLAD106552,Kerala,Kochi,MP_073,Vendor_087,2349405.34,1985434.27,0.8450794914767666,0,0,0,0,0,1,28.3,0
MPLAD106553,Rajasthan,Jaipur,MP_004,Vendor_003,3223273.85,0.0,0.0,0,0,0,0,1,1,60.0,1
MPLAD106554,West Bengal,Kolkata,MP_089,Vendor_037,2682698.1,0.0,0.0,0,0,0,0,1,1,60.0,1
MPLAD106555,Jharkhand,Ranchi,MP_051,Vendor_023,579779.54,305317.9,0.5266103388194762,0,0,0,0,0,1,36.4,0
MPLAD106556,Gujarat,Vadodara,MP_040,Vendor_058,1409856.18,0.0,0.0,0,1,0,0,1,1,85.0,1
MPLAD106557,Bihar,Patna,MP_050,Vendor_017,646600.75,48742.7,0.07538299329222863,0,0,0,0,0,1,11.6,0
MPLAD106558,Rajasthan,Udaipur,MP_052,Vendor_095,1556960.23,1402188.04,0.900593356838665,0,0,0,0,0,1,28.5,0
MPLAD106559,Bihar,Patna,MP_120,Vendor_045,1086660.77,0.0,0.0,0,1,0,0,1,1,85.0,1
MPLAD106560,Maharashtra,Mumbai,MP_061,Vendor_107,2672476.56,2641898.2,0.9885580437046004,0,0,0,0,0,1,29.6,0
MPLAD106561,Punjab,Jalandhar,MP_115,Vendor_046,882174.2,0.0,0.0,0,1,0,0,1,-1,85.0,1
MPLAD106562,Gujarat,Vadodara,MP_093,Vendor_047,746455.66,204714.68,0.27424894869174143,0,0,0,0,0,-1,52.5,1
MPLAD106563,Punjab,Jalandhar,MP_139,Vendor_056,441777.66,139098.92,0.3148618243846917,0,0,0,0,0,1,19.1,0
MPLAD106564,Assam,Dibrugarh,MP_131,Vendor_026,1117823.49,602130.8,0.5386635773774981,0,0,0,0,0,-1,49.5,1
MPLAD106565,Maharashtra,Mumbai,MP_069,Vendor_076,2727930.63,0.0,0.0,0,0,0,0,1,1,60.0,1
MPLAD106566,Punjab,Jalandhar,MP_114,Vendor_064,2158618.29,873943.26,0.40486234368003987,0,0,0,0,0,1,37.0,0
MPLAD106567,Gujarat,Vadodara,MP_040,Vendor_074,744099.85,100914.36,0.13561937957654474,0,0,0,0,0,-1,39.9,1
MPLAD106568,Jharkhand,Ranchi,MP_109,Vendor_056,1771109.02,856306.13,0.4834858387204194,0,0,0,0,0,1,10.5,0
MPLAD106569,Assam,Dibrugarh,MP_131,Vendor_092,1290043.6,1226595.4,0.9508170111459797,0,0,0,0,0,1,27.5,0
MPLAD106570,Madhya Pradesh,Bhopal,MP_084,Vendor_119,779462.23,0.0,0.0,0,1,0,0,1,1,85.0,1
MPLAD106571,Jharkhand,Jamshedpur,MP_046,Vendor_115,1807869.59,865214.37,0.47858229088304977,0,0,0,0,0,1,16.3,0
MPLAD106572,Punjab,Jalandhar,MP_139,Vendor_028,577019.41,496316.34,0.8601380324450437,0,0,0,0,0,1,25.9,0
MPLAD106573,West Bengal,Kolkata,MP_089,Vendor_095,1559980.0,428094.02,0.27442276183027986,0,0,0,0,0,-1,45.7,1
MPLAD106574,Telangana,Hyderabad,MP_143,Vendor_054,816426.04,164809.44,0.201866956619855,0,0,0,0,0,-1,44.2,1
MPLAD106575,Bihar,Bhagalpur,MP_070,Vendor_003,2394024.98,432006.59,0.18045199762284855,0,0,0,0,0,1,14.2,0
MPLAD106576,Punjab,Amritsar,MP_098,Vendor_024,1397546.36,737201.05,0.5274966692339279,0,0,0,0,0,1,12.0,0
MPLAD106577,Maharashtra,Nashik,MP_068,Vendor_098,1013156.81,295585.35,0.2917468915793992,0,0,0,0,0,1,20.6,0
MPLAD106578,Haryana,Gurugram,MP_138,Vendor_012,1655734.04,0.0,0.0,0,0,0,0,1,1,60.0,1
MPLAD106579,Jharkhand,Ranchi,MP_109,Vendor_039,1947684.07,0.0,0.0,0,0,0,0,1,1,60.0,1
MPLAD106580,Kerala,Kochi,MP_022,Vendor_103,967255.48,559527.28,0.5784689687154836,0,0,0,0,0,-1,64.3,1
MPLAD106581,Punjab,Ludhiana,MP_030,Vendor_026,651609.35,496502.0,0.7619626698112911,0,0,0,0,0,-1,49.5,1
MPLAD106582,Kerala,Thiruvananthapuram,MP_134,Vendor_011,2809062.54,0.0,0.0,0,0,0,0,1,-1,71.6,1
MPLAD106583,Assam,Guwahati,MP_024,Vendor_058,1020561.49,453357.63,0.44422372825374784,0,0,0,0,0,1,12.3,0
MPLAD106584,Kerala,Kochi,MP_082,Vendor_010,1718773.46,1557814.77,0.9063525858724861,0,0,0,0,0,-1,39.7,1
MPLAD106585,Kerala,Kochi,MP_086,Vendor_095,2500000.0,0.0,0.0,0,0,0,0,1,-1,60.0,1
MPLAD106586,Maharashtra,Mumbai,MP_067,Vendor_055,1004598.86,149605.62,0.14892075429988044,0,0,0,0,0,1,11.3,0
MPLAD106587,Odisha,Cuttack,MP_010,Vendor_043,3123875.61,2970222.33,0.9508132527722511,0,0,0,0,0,-1,43.9,1
MPLAD106588,Tamil Nadu,Madurai,MP_145,Vendor_058,3784246.7,2935097.43,0.7756094310658975,0,0,0,0,0,1,26.3,0
MPLAD106589,Punjab,Jalandhar,MP_114,Vendor_114,4304016.78,0.0,0.0,0,0,0,0,1,1,60.0,1
MPLAD106590,Jharkhand,Jamshedpur,MP_118,Vendor_102,912771.22,832568.6,0.9121328343371737,0,0,0,0,0,1,19.3,0
MPLAD106591,West Bengal,Kolkata,MP_054,Vendor_110,1378667.41,610569.46,0.44286929216670173,0,0,0,0,0,1,18.4,0
MPLAD106592,Karnataka,Hubballi,MP_029,Vendor_045,3041088.25,2836424.48,0.9327004831247498,0,0,0,0,0,1,32.7,0
MPLAD106593,Madhya Pradesh,Indore,MP_038,Vendor_037,1367312.09,0.0,0.0,0,0,0,0,1,1,60.0,1
MPLAD106594,Punjab,Jalandhar,MP_114,Vendor_086,1496904.01,1957596.56,1.3077635886619077,0,0,1,0,0,-1,90.0,1
MPLAD106595,Maharashtra,Pune,MP_127,Vendor_102,1260758.98,781992.73,0.6202555305217814,0,0,0,0,0,1,26.1,0
MPLAD106596,Haryana,Gurugram,MP_126,Vendor_039,5709680.31,5545460.68,0.9712383844481829,0,0,0,0,0,1,25.3,0
MPLAD106597,Odisha,Rourkela,MP_090,Vendor_004,371250.3,87263.7,0.23505354743147683,0,0,0,0,0,1,37.9,0
MPLAD106598,Kerala,Kochi,MP_082,Vendor_010,554914.57,214674.23,0.3868599629669122,0,0,0,0,0,1,35.0,0
MPLAD106599,Gujarat,Ahmedabad,MP_100,Vendor_051,1664043.51,1108738.46,0.666291748585348,0,0,0,0,0,1,21.4,0
MPLAD106600,Bihar,Bhagalpur,MP_077,Vendor_021,686116.85,382081.78,0.5568756692099895,0,0,0,0,0,1,4.0,0
MPLAD106601,West Bengal,Kolkata,MP_089,Vendor_020,1434200.21,1312624.8,0.9152312144759762,0,0,0,0,0,-1,72.3,1
MPLAD106602,Kerala,Kochi,MP_086,Vendor_034,1061829.33,882957.41,0.8315436248120966,0,0,0,0,0,1,31.6,0
MPLAD106603,Telangana,Hyderabad,MP_143,Vendor_037,1190928.98,317754.09,0.26681195548705183,0,0,0,0,0,1,21.0,0
MPLAD106604,Punjab,Jalandhar,MP_115,Vendor_064,868441.23,212919.31,0.24517411500603215,0,0,0,0,0,1,20.5,0
MPLAD106605,Bihar,Gaya,MP_072,Vendor_080,585303.06,339645.8,0.5802904908783494,0,0,0,0,0,-1,58.5,1
MPLAD106606,Kerala,Thiruvananthapuram,MP_134,Vendor_050,1208693.17,280723.63,0.2322538399054576,0,0,0,0,0,1,6.2,0
MPLAD106607,Odisha,Cuttack,MP_079,Vendor_064,411973.65,311197.08,0.7553810298304272,0,0,0,0,0,1,15.1,0
MPLAD106608,Telangana,Hyderabad,MP_142,Vendor_062,254515.29,76953.89,0.30235468368128293,0,0,0,0,0,1,21.4,0
MPLAD106609,Assam,Dibrugarh,MP_131,Vendor_110,1025353.03,0.0,0.0,0,0,0,0,1,1,60.0,1
MPLAD106610,Tamil Nadu,Chennai,MP_135,Vendor_069,1242798.2,139498.25,0.11224529452971528,0,0,0,0,0,-1,42.6,1
MPLAD106611,Tamil Nadu,Madurai,MP_145,Vendor_111,2256626.49,528141.63,0.23404033956899972,0,0,0,0,0,1,24.3,0
MPLAD106612,Punjab,Ludhiana,MP_030,Vendor_053,2456491.72,1893647.6,0.7708748149169418,0,0,0,0,0,1,30.6,0
MPLAD106613,Chhattisgarh,Raipur,MP_048,Vendor_093,4939788.76,3240690.21,0.6560382169054533,0,0,0,0,0,1,22.5,0
MPLAD106614,Maharashtra,Nashik,MP_011,Vendor_009,649013.71,227766.69,0.3509428021173852,0,0,0,0,0,1,15.0,0
MPLAD106615,Rajasthan,Jodhpur,MP_063,Vendor_052,452924.88,198332.41,0.4378925043817421,0,0,0,0,0,-1,42.2,1
MPLAD106616,Bihar,Gaya,MP_072,Vendor_070,1017838.07,563279.1,0.5534073804097346,0,0,0,0,0,1,24.4,0
MPLAD106617,Karnataka,Mysuru,MP_062,Vendor_075,1488040.45,1392693.92,0.935924772743913,0,0,0,0,0,-1,44.9,1
MPLAD106618,Maharashtra,Nashik,MP_011,Vendor_030,1026312.48,462823.03,0.45095722698412477,0,0,0,0,0,1,14.2,0
MPLAD106619,Gujarat,Surat,MP_006,Vendor_020,2848557.29,755493.58,0.2652197246136482,0,0,0,0,0,-1,40.9,1
MPLAD106620,Odisha,Cuttack,MP_079,Vendor_097,280495.98,280495.98,1.0,0,0,0,0,0,-1,58.9,1
MPLAD106621,Gujarat,Surat,MP_006,Vendor_116,2352059.59,1161190.83,0.4936910760836634,0,0,0,0,0,-1,52.4,1
MPLAD106622,Rajasthan,Jodhpur,MP_099,Vendor_106,2293985.82,1976430.9,0.8615706700401488,0,0,0,0,0,1,31.4,0
MPLAD106623,Maharashtra,Pune,MP_014,Vendor_066,1624254.74,1096438.85,0.675041188428362,0,0,0,0,0,1,12.6,0
MPLAD106624,Jharkhand,Ranchi,MP_051,Vendor_059,1597694.56,760649.73,0.47609208233143135,0,0,0,0,0,1,16.6,0
MPLAD106625,Haryana,Gurugram,MP_091,Vendor_045,1397425.55,1155811.29,0.8271004419519881,0,0,0,0,0,-1,40.4,1
MPLAD106626,West Bengal,Kolkata,MP_057,Vendor_091,2410046.82,2281447.13,0.9466401694221028,0,0,0,0,0,1,29.4,0
MPLAD106627,West Bengal,Siliguri,MP_032,Vendor_105,768669.21,0.0,0.0,0,0,0,0,1,1,60.0,1
MPLAD106628,Tamil Nadu,Coimbatore,MP_037,Vendor_083,2133356.7,0.0,0.0,0,0,0,0,1,1,60.0,1
MPLAD106629,Assam,Dibrugarh,MP_117,Vendor_104,788157.26,4414.79,0.005601407516058407,0,1,0,0,0,1,85.0,1
MPLAD106630,Maharashtra,Mumbai,MP_105,Vendor_019,847685.25,763097.39,0.9002131274550312,0,0,0,0,0,1,26.1,0
MPLAD106631,Chhattisgarh,Raipur,MP_048,Vendor_007,1757659.09,923077.4,0.5251743101103866,0,0,0,0,0,1,36.5,0
MPLAD106632,Chhattisgarh,Bilaspur,MP_058,Vendor_100,2210386.67,585480.58,0.2648769954806143,0,0,0,0,0,1,20.3,0
MPLAD106633,Tamil Nadu,Coimbatore,MP_037,Vendor_100,779860.96,353371.07,0.4531206049857913,0,0,0,0,0,-1,40.8,1
MPLAD106634,Gujarat,Ahmedabad,MP_100,Vendor_080,475413.71,400947.65,0.8433657708356791,0,0,0,0,0,-1,58.5,1
MPLAD106635,Kerala,Kochi,MP_008,Vendor_018,2148330.84,645419.74,0.3004284665950241,0,0,0,0,0,1,26.0,0
MPLAD106636,Jharkhand,Jamshedpur,MP_118,Vendor_005,667559.13,279442.21,0.41860293334614423,0,0,0,0,0,1,12.1,0
MPLAD106637,Kerala,Thiruvananthapuram,MP_083,Vendor_005,1876432.2,2080456.19,1.1087297425401248,0,0,1,0,0,-1,90.0,1
MPLAD106638,Haryana,Gurugram,MP_003,Vendor_005,979561.38,979561.38,1.0,0,0,0,0,0,1,37.1,0
MPLAD106639,Jharkhand,Jamshedpur,MP_118,Vendor_040,3000000.0,773974.21,0.2579914033333333,0,0,0,0,0,1,15.9,0
MPLAD106640,Gujarat,Ahmedabad,MP_015,Vendor_056,1612675.0,0.0,0.0,0,1,0,0,1,-1,85.0,1
MPLAD106641,Chhattisgarh,Bilaspur,MP_081,Vendor_073,247015.49,245740.78,0.994839554393937,0,0,0,0,0,1,37.5,0
MPLAD106642,Kerala,Kochi,MP_022,Vendor_116,1092663.84,201852.27,0.18473409900706514,0,0,0,0,0,-1,53.1,1
MPLAD106643,Odisha,Cuttack,MP_010,Vendor_074,1002003.36,40749.95,0.04066847640111706,0,1,0,0,0,1,85.0,1
MPLAD106644,Gujarat,Ahmedabad,MP_002,Vendor_116,1036550.75,560865.43,0.5410882486940461,0,0,0,0,0,-1,47.8,1
MPLAD106645,Andhra Pradesh,Vijayawada,MP_116,Vendor_004,1290153.36,1037910.26,0.8044859566152662,0,0,0,0,0,-1,64.5,1
MPLAD106646,Chhattisgarh,Bilaspur,MP_103,Vendor_029,615245.13,294639.5,0.47889773625676646,0,0,0,0,0,-1,43.1,1
MPLAD106647,Telangana,Hyderabad,MP_142,Vendor_106,1417012.48,507816.68,0.3583713532290132,0,0,0,0,0,1,18.3,0
MPLAD106648,Chhattisgarh,Bilaspur,MP_103,Vendor_014,265455.12,249547.84,0.9400754447682155,0,0,0,0,0,1,26.8,0
MPLAD106649,Madhya Pradesh,Bhopal,MP_033,Vendor_077,1464450.02,1274777.08,0.8704817935677996,0,0,0,0,0,1,27.2,0
MPLAD106650,Chhattisgarh,Bilaspur,MP_130,Vendor_075,444207.79,0.0,0.0,0,0,0,0,1,1,60.0,1
MPLAD106651,Tamil Nadu,Madurai,MP_042,Vendor_100,571451.15,169243.17,0.29616384532606155,0,0,0,0,0,1,30.0,0
MPLAD106652,Haryana,Faridabad,MP_112,Vendor_066,627271.03,698257.31,1.1131668395398397,0,0,1,0,0,-1,90.0,1
MPLAD106653,Maharashtra,Mumbai,MP_061,Vendor_079,1451741.87,460451.01,0.317171405960758,0,0,0,0,0,1,12.2,0
MPLAD106654,Andhra Pradesh,Guntur,MP_119,Vendor_055,1000729.35,303719.7,0.30349834348318055,0,0,0,0,0,1,31.5,0
MPLAD106655,Karnataka,Mysuru,MP_019,Vendor_070,1867370.03,0.0,0.0,0,0,0,0,1,1,60.0,1
MPLAD106656,Gujarat,Surat,MP_053,Vendor_108,1418257.12,1370820.77,0.966553067613015,0,0,0,0,0,1,37.6,0
MPLAD106657,Bihar,Gaya,MP_060,Vendor_078,302523.99,0.0,0.0,0,0,0,0,1,1,60.0,1
MPLAD106658,Assam,Guwahati,MP_148,Vendor_052,1978806.19,971809.42,0.49110894483304607,0,0,0,0,0,-1,46.3,1
MPLAD106659,West Bengal,Kolkata,MP_089,Vendor_058,1236268.75,271104.88,0.21929283580127704,0,0,0,0,0,1,13.3,0
MPLAD106660,Chhattisgarh,Bilaspur,MP_081,Vendor_086,279490.31,148876.88,0.5326727785303182,0,0,0,0,0,1,16.3,0
MPLAD106661,Kerala,Thiruvananthapuram,MP_074,Vendor_093,1831053.73,0.0,0.0,0,0,0,0,1,1,60.0,1
MPLAD106662,Tamil Nadu,Madurai,MP_136,Vendor_105,602527.57,529747.35,0.8792084816965305,0,0,0,0,0,1,12.2,0
MPLAD106663,Jharkhand,Ranchi,MP_107,Vendor_095,1319096.35,454412.3,0.3444875728751732,0,0,0,0,0,1,17.8,0
MPLAD106664,Maharashtra,Mumbai,MP_069,Vendor_057,6538062.54,5673248.23,0.8677262102176221,0,0,0,0,0,1,11.4,0
MPLAD106665,Punjab,Jalandhar,MP_045,Vendor_014,522519.55,0.0,0.0,0,0,0,0,1,1,60.0,1
MPLAD106666,Jharkhand,Ranchi,MP_051,Vendor_108,3311014.52,898737.94,0.2714388398393372,0,0,0,0,0,1,3.4,0
MPLAD106667,Haryana,Faridabad,MP_112,Vendor_096,637139.64,0.0,0.0,0,0,0,0,1,1,60.0,1
MPLAD106668,Tamil Nadu,Madurai,MP_042,Vendor_097,759904.6,359624.57,0.47324962896658346,0,0,0,0,0,-1,50.9,1
MPLAD106669,Kerala,Kochi,MP_022,Vendor_040,1638010.83,1638010.83,1.0,0,0,0,0,0,-1,63.0,1
MPLAD106670,Chhattisgarh,Raipur,MP_020,Vendor_085,1699863.64,1622896.2,0.9547214034179824,0,0,0,0,0,-1,57.1,1
MPLAD106671,Kerala,Thiruvananthapuram,MP_074,Vendor_030,892155.75,178963.12,0.20059627480963946,0,0,0,0,0,1,29.1,0
MPLAD106672,Chhattisgarh,Raipur,MP_020,Vendor_038,1174557.19,1174557.19,1.0,0,0,0,0,0,1,5.7,0
MPLAD106673,Maharashtra,Mumbai,MP_069,Vendor_075,1956765.17,0.0,0.0,0,0,0,0,1,1,60.0,1
MPLAD106674,Bihar,Bhagalpur,MP_110,Vendor_064,506320.52,390209.62,0.7706770802020823,0,0,0,0,0,-1,41.1,1
MPLAD106675,Kerala,Kochi,MP_104,Vendor_098,2500000.0,1007618.88,0.403047552,0,0,0,0,0,-1,55.0,1
MPLAD106676,Punjab,Jalandhar,MP_144,Vendor_107,2000000.0,2000000.0,1.0,0,0,0,0,1,-1,80.2,1
MPLAD106677,Karnataka,Mysuru,MP_059,Vendor_046,1191454.63,764496.55,0.641649737010968,0,0,0,0,0,-1,39.7,1
MPLAD106678,Madhya Pradesh,Bhopal,MP_033,Vendor_033,733870.7,0.0,0.0,0,0,0,0,1,-1,60.0,1
MPLAD106679,West Bengal,Kolkata,MP_089,Vendor_058,223330.16,86420.76,0.3869641252216001,0,0,0,0,0,1,15.9,0
MPLAD106680,Assam,Dibrugarh,MP_065,Vendor_011,3000000.0,1283856.56,0.4279521866666667,0,0,0,0,0,-1,64.5,1
MPLAD106681,Karnataka,Mysuru,MP_059,Vendor_079,4337867.8,0.0,0.0,0,0,0,0,1,1,60.0,1
MPLAD106682,Madhya Pradesh,Indore,MP_150,Vendor_065,769779.19,231285.47,0.3004569011536932,0,0,0,0,0,1,31.9,0
MPLAD106683,Bihar,Patna,MP_120,Vendor_115,799307.54,718975.16,0.8994975325767601,0,0,0,0,0,1,10.2,0
MPLAD106684,Tamil Nadu,Madurai,MP_087,Vendor_096,589643.41,0.0,0.0,0,0,0,0,1,1,60.0,1
MPLAD106685,Tamil Nadu,Coimbatore,MP_128,Vendor_021,2848640.24,2519456.04,0.8844416380216548,0,0,0,0,0,-1,40.2,1
MPLAD106686,Andhra Pradesh,Vijayawada,MP_116,Vendor_115,1158020.0,0.0,0.0,0,0,0,0,1,1,60.0,1
MPLAD106687,Rajasthan,Udaipur,MP_023,Vendor_077,587370.45,0.0,0.0,0,0,0,0,1,1,60.0,1
MPLAD106688,Rajasthan,Jodhpur,MP_063,Vendor_044,1735868.19,0.0,0.0,0,0,0,0,1,1,60.0,1
MPLAD106689,Bihar,Bhagalpur,MP_077,Vendor_013,513363.35,251362.31,0.4896382065451303,0,0,0,0,0,-1,39.3,1
MPLAD106690,West Bengal,Siliguri,MP_071,Vendor_057,2680873.59,0.0,0.0,0,0,0,0,1,1,60.0,1
MPLAD106691,Punjab,Jalandhar,MP_115,Vendor_060,636465.33,557734.85,0.8763004420052228,0,0,0,0,0,1,21.5,0
MPLAD106692,Telangana,Hyderabad,MP_140,Vendor_084,1057992.14,0.0,0.0,0,0,0,0,1,1,60.0,1
MPLAD106693,West Bengal,Kolkata,MP_001,Vendor_028,3188293.79,2264372.22,0.710214418477414,0,0,0,0,0,1,17.8,0
MPLAD106694,Maharashtra,Nashik,MP_068,Vendor_101,910071.19,80257.96,0.08818866137274384,0,0,0,0,0,1,17.1,0
MPLAD106695,Haryana,Panipat,MP_026,Vendor_040,1882051.1,0.0,0.0,0,0,0,0,1,1,60.0,1
MPLAD106696,Punjab,Amritsar,MP_064,Vendor_035,1685802.48,304449.39,0.18059612179476686,0,0,0,0,0,-1,51.4,1
MPLAD106697,Tamil Nadu,Madurai,MP_136,Vendor_114,1217248.04,580893.71,0.47721885015317006,0,0,0,0,0,1,6.5,0
MPLAD106698,Haryana,Panipat,MP_026,Vendor_009,1316036.45,1078254.47,0.8193196092707007,0,0,0,0,0,-1,47.9,1
MPLAD106699,Rajasthan,Udaipur,MP_052,Vendor_039,2213985.64,1861516.7,0.8407989041880144,0,0,0,0,0,1,31.8,0
MPLAD106700,Punjab,Amritsar,MP_098,Vendor_097,1642631.7,278128.19,0.16931865493646567,0,0,0,0,0,-1,70.4,1
MPLAD106701,Tamil Nadu,Madurai,MP_136,Vendor_065,1866264.26,1382751.64,0.7409195308707245,0,0,0,0,0,1,7.6,0
MPLAD106702,Kerala,Kochi,MP_104,Vendor_102,807062.23,462121.11,0.5725966261610335,0,0,0,0,0,1,30.2,0
MPLAD106703,Chhattisgarh,Raipur,MP_005,Vendor_112,1318555.75,0.0,0.0,0,0,0,0,1,1,60.0,1
MPLAD106704,Punjab,Amritsar,MP_098,Vendor_089,911882.81,911882.81,1.0,0,0,0,0,0,-1,52.0,1
MPLAD106705,Gujarat,Surat,MP_122,Vendor_028,1219882.44,1074745.42,0.8810237648801633,0,0,0,0,0,1,22.6,0
MPLAD106706,West Bengal,Siliguri,MP_071,Vendor_047,748088.36,0.0,0.0,0,0,0,0,1,1,60.0,1
MPLAD106707,Gujarat,Surat,MP_097,Vendor_077,1338242.01,1198800.44,0.895802426647778,0,0,0,0,0,1,21.1,0
MPLAD106708,Assam,Silchar,MP_076,Vendor_011,672661.76,608458.5,0.9045534266731619,0,0,0,0,0,-1,88.6,1
MPLAD106709,West Bengal,Siliguri,MP_071,Vendor_039,608585.86,209041.13,0.3434866692433505,0,0,0,0,0,1,5.2,0
MPLAD106710,Haryana,Gurugram,MP_091,Vendor_112,444016.52,47843.09,0.1077506981046561,0,0,0,0,0,1,15.8,0
MPLAD106711,Odisha,Rourkela,MP_106,Vendor_014,510861.89,140868.45,0.27574664064293386,0,0,0,0,0,1,25.6,0
MPLAD106712,Haryana,Gurugram,MP_091,Vendor_001,887983.7,0.0,0.0,0,0,0,0,1,1,60.0,1
MPLAD106713,Bihar,Patna,MP_028,Vendor_069,524458.85,394469.1,0.7521449966951649,0,0,0,0,0,1,29.2,0
MPLAD106714,Gujarat,Ahmedabad,MP_021,Vendor_098,681064.04,634996.52,0.932359488543838,0,0,0,0,0,1,28.1,0
MPLAD106715,Assam,Guwahati,MP_148,Vendor_090,3601497.39,0.0,0.0,0,1,0,0,1,1,85.0,1
MPLAD106716,Bihar,Bhagalpur,MP_077,Vendor_112,1941505.2,54811.23,0.028231307338244575,0,1,0,0,0,1,85.0,1
MPLAD106717,Bihar,Patna,MP_050,Vendor_094,674611.53,304657.26,0.4516039920041094,0,0,0,0,0,1,5.1,0
MPLAD106718,Maharashtra,Mumbai,MP_105,Vendor_112,3000000.0,0.0,0.0,0,0,0,0,1,1,60.0,1
MPLAD106719,Kerala,Thiruvananthapuram,MP_102,Vendor_012,1745291.75,0.0,0.0,0,0,0,0,1,1,60.0,1
MPLAD106720,Uttar Pradesh,Lucknow,MP_049,Vendor_098,2111390.87,437801.58,0.2073522180192055,0,0,0,0,0,-1,43.8,1
MPLAD106721,Gujarat,Ahmedabad,MP_015,Vendor_103,5018207.39,1267544.35,0.2525890724496343,0,0,0,0,0,-1,52.2,1
MPLAD106722,West Bengal,Kolkata,MP_054,Vendor_050,1843087.49,1674680.73,0.9086279078374082,0,0,0,0,0,1,24.6,0
MPLAD106723,Assam,Guwahati,MP_133,Vendor_047,2594060.39,1815842.27,0.6999999988435118,0,0,0,0,0,1,30.4,0
MPLAD106724,Madhya Pradesh,Bhopal,MP_033,Vendor_103,1104669.47,0.0,0.0,0,0,0,0,1,1,60.0,1
MPLAD106725,Chhattisgarh,Raipur,MP_048,Vendor_030,2410327.31,472253.83,0.19592933625267683,0,0,0,0,0,1,7.0,0
MPLAD106726,West Bengal,Siliguri,MP_111,Vendor_110,320677.3,117690.35,0.3670055535580473,0,0,0,0,0,1,24.9,0
MPLAD106727,Jharkhand,Ranchi,MP_109,Vendor_027,640338.42,275584.63,0.43037341098477266,0,0,0,0,0,1,33.4,0
MPLAD106728,Gujarat,Surat,MP_122,Vendor_054,849822.73,189848.2,0.2233974137170937,0,0,0,0,0,-1,60.7,1
MPLAD106729,Assam,Guwahati,MP_133,Vendor_006,1199638.54,1300318.15,1.083924954595073,0,0,1,0,0,-1,90.0,1
MPLAD106730,Haryana,Gurugram,MP_138,Vendor_074,425907.89,220506.2,0.5177321321753396,0,0,0,0,0,1,30.2,0
MPLAD106731,Punjab,Amritsar,MP_012,Vendor_070,552382.88,291134.11,0.5270512909451502,0,0,0,0,0,1,21.1,0
MPLAD106732,Chhattisgarh,Raipur,MP_113,Vendor_093,1763023.28,1161477.51,0.6587987369060719,0,0,0,0,0,1,0.8,0
MPLAD106733,Tamil Nadu,Madurai,MP_145,Vendor_008,357746.39,315168.69,0.8809835649215076,0,0,0,0,0,-1,41.8,1
MPLAD106734,Tamil Nadu,Chennai,MP_135,Vendor_113,1666718.22,1627819.18,0.9766612979127329,0,0,0,0,0,1,22.8,0
MPLAD106735,Chhattisgarh,Raipur,MP_005,Vendor_094,1652371.67,0.0,0.0,0,0,0,0,1,1,60.0,1
MPLAD106736,Madhya Pradesh,Indore,MP_150,Vendor_107,899749.26,239892.67,0.2666216919144785,0,0,0,0,0,-1,46.7,1
MPLAD106737,Punjab,Amritsar,MP_064,Vendor_016,2457965.48,0.0,0.0,0,0,0,0,1,1,60.0,1
MPLAD106738,Kerala,Kochi,MP_086,Vendor_106,1130510.8,0.0,0.0,0,0,0,0,1,1,60.0,1
MPLAD106739,Karnataka,Mysuru,MP_059,Vendor_083,1504503.11,769499.81,0.5114644196381887,0,0,0,0,0,1,14.4,0
MPLAD106740,Punjab,Jalandhar,MP_115,Vendor_111,2206933.96,1043910.9,0.4730141086777241,0,0,0,0,0,1,36.6,0
MPLAD106741,Punjab,Amritsar,MP_012,Vendor_013,1037705.06,530893.9,0.5116038462797897,0,0,0,0,0,1,17.9,0
MPLAD106742,Bihar,Gaya,MP_060,Vendor_086,398015.31,364171.47,0.9149684970661053,0,0,0,0,0,1,27.2,0
MPLAD106743,Tamil Nadu,Coimbatore,MP_128,Vendor_056,4084951.91,0.0,0.0,0,0,0,0,1,1,60.0,1
MPLAD106744,Assam,Silchar,MP_129,Vendor_091,1255903.64,133722.2,0.10647488847153913,0,0,0,0,0,-1,43.8,1
MPLAD106745,Kerala,Kochi,MP_082,Vendor_007,3947853.26,0.0,0.0,0,0,0,0,1,-1,60.0,1
MPLAD106746,Punjab,Amritsar,MP_098,Vendor_093,1628640.2,1421125.01,0.8725837726466533,0,0,0,1,0,1,80.0,1
MPLAD106747,Maharashtra,Mumbai,MP_067,Vendor_089,2075143.6,173467.03,0.08359278365121334,0,0,0,0,0,1,25.9,0
MPLAD106748,West Bengal,Kolkata,MP_056,Vendor_105,683962.84,182375.67,0.26664558267522254,0,0,0,0,0,1,28.3,0
MPLAD106749,Kerala,Kochi,MP_108,Vendor_068,1112425.91,644664.29,0.5795121133055954,0,0,0,0,0,1,36.8,0
MPLAD106750,Bihar,Patna,MP_050,Vendor_098,4830672.27,2223308.79,0.46024831860514526,0,0,0,0,0,1,11.1,0
MPLAD106751,Tamil Nadu,Madurai,MP_087,Vendor_013,1253662.69,247455.39,0.19738594118965128,0,0,0,0,0,1,23.2,0
MPLAD106752,Kerala,Kochi,MP_008,Vendor_046,978646.01,908032.2,0.9278454014235443,0,0,0,0,0,-1,48.2,1
MPLAD106753,Bihar,Bhagalpur,MP_018,Vendor_114,2569599.23,2334652.61,0.9085668234730907,0,0,0,0,0,1,12.0,0
MPLAD106754,Punjab,Jalandhar,MP_115,Vendor_030,5066055.01,4352041.01,0.8590591695923965,0,0,0,0,0,1,21.4,0
MPLAD106755,Madhya Pradesh,Indore,MP_150,Vendor_066,1319645.47,0.0,0.0,0,0,0,0,1,1,60.0,1
MPLAD106756,Karnataka,Hubballi,MP_029,Vendor_055,2557924.91,922118.99,0.36049494119043546,0,0,0,0,0,1,33.7,0
MPLAD106757,Assam,Guwahati,MP_148,Vendor_040,3642316.33,3512050.54,0.9642354539810111,0,0,0,0,0,1,24.6,0
MPLAD106758,Tamil Nadu,Coimbatore,MP_078,Vendor_099,2954143.33,0.0,0.0,0,0,0,0,1,1,60.0,1
MPLAD106759,Maharashtra,Nashik,MP_011,Vendor_072,1345370.93,0.0,0.0,0,1,0,0,1,1,85.0,1
MPLAD106760,Punjab,Ludhiana,MP_141,Vendor_094,2472887.48,964399.68,0.3899893091779494,0,0,0,0,0,1,14.0,0
MPLAD106761,Gujarat,Vadodara,MP_093,Vendor_091,609087.53,168598.38,0.27680484609494466,0,0,0,0,0,-1,64.6,1
MPLAD106762,Odisha,Rourkela,MP_090,Vendor_010,909252.12,577857.71,0.6355307810555338,0,0,0,0,0,1,36.5,0
MPLAD106763,Karnataka,Mysuru,MP_062,Vendor_009,1690902.7,0.0,0.0,0,0,0,0,1,1,60.0,1
MPLAD106764,Maharashtra,Mumbai,MP_067,Vendor_063,2679966.56,0.0,0.0,0,0,0,0,1,1,60.0,1
MPLAD106765,Gujarat,Surat,MP_122,Vendor_072,3035409.33,1437227.61,0.47348724792909563,0,0,0,0,0,1,23.6,0
MPLAD106766,Rajasthan,Udaipur,MP_023,Vendor_050,444922.09,0.0,0.0,0,1,0,0,1,1,85.0,1
MPLAD106767,Haryana,Gurugram,MP_091,Vendor_084,410258.42,155307.08,0.3785591530333491,0,0,0,0,0,1,22.7,0
MPLAD106768,Odisha,Rourkela,MP_090,Vendor_061,802862.56,596199.89,0.7425927172391747,0,0,0,0,0,1,38.1,0
MPLAD106769,West Bengal,Siliguri,MP_071,Vendor_074,1445227.21,642044.25,0.4442514267358694,0,0,0,0,0,1,20.3,0
MPLAD106770,Chhattisgarh,Raipur,MP_005,Vendor_048,1939590.69,816879.83,0.4211609357642359,0,0,0,0,0,1,22.8,0
MPLAD106771,Jharkhand,Jamshedpur,MP_031,Vendor_065,1247735.34,1247735.34,1.0,0,0,0,0,0,-1,41.2,1
MPLAD106772,Punjab,Amritsar,MP_012,Vendor_038,878663.36,2971.41,0.0033817388265740362,0,1,0,0,0,1,85.0,1
MPLAD106773,Odisha,Rourkela,MP_013,Vendor_050,638182.91,386284.07,0.6052873932333913,0,0,0,0,0,1,26.1,0
MPLAD106774,Punjab,Ludhiana,MP_141,Vendor_090,1197276.36,499323.17,0.41704921827739083,0,0,0,0,0,1,17.8,0
MPLAD106775,Tamil Nadu,Madurai,MP_145,Vendor_090,665124.93,756864.9,1.1379289301334712,0,0,1,0,0,1,90.0,1
MPLAD106776,Haryana,Faridabad,MP_112,Vendor_089,1906183.13,1886687.16,0.989772247118775,0,0,0,0,0,-1,52.7,1
MPLAD106777,Rajasthan,Udaipur,MP_023,Vendor_001,1952108.75,198853.82,0.10186615883976752,0,0,0,0,0,1,14.8,0
MPLAD106778,Andhra Pradesh,Vijayawada,MP_116,Vendor_114,1018618.13,0.0,0.0,0,0,0,0,1,1,60.0,1
MPLAD106779,Kerala,Kochi,MP_085,Vendor_074,1858126.58,961963.87,0.5177063179409446,0,0,0,0,0,-1,45.9,1
MPLAD106780,Chhattisgarh,Bilaspur,MP_080,Vendor_063,3537764.32,1047255.4,0.29602181074628514,0,0,0,0,0,1,23.1,0
MPLAD106781,Gujarat,Surat,MP_097,Vendor_024,3024253.56,1044972.86,0.3455308357147143,0,0,0,0,0,1,10.0,0
MPLAD106782,Haryana,Gurugram,MP_091,Vendor_076,544314.09,186198.5,0.34207914772149295,0,0,0,0,0,1,14.4,0
MPLAD106783,Kerala,Kochi,MP_008,Vendor_078,611951.95,112142.82,0.18325428981801598,0,0,0,0,0,1,35.6,0
MPLAD106784,Assam,Dibrugarh,MP_123,Vendor_063,1808694.43,1446272.53,0.7996223718121364,0,0,0,0,0,1,34.4,0
MPLAD106785,Rajasthan,Udaipur,MP_044,Vendor_052,637033.3,167348.96,0.26270048991159484,0,0,0,0,0,-1,54.8,1
MPLAD106786,West Bengal,Siliguri,MP_111,Vendor_063,1899888.31,1899888.31,1.0,0,0,0,0,0,1,31.9,0
MPLAD106787,Tamil Nadu,Coimbatore,MP_037,Vendor_106,1334295.34,723431.03,0.542182085414463,0,0,0,0,0,1,26.0,0
MPLAD106788,Jharkhand,Ranchi,MP_051,Vendor_071,415491.65,107875.5,0.259633376507085,0,0,0,0,0,1,9.8,0
MPLAD106789,Tamil Nadu,Chennai,MP_135,Vendor_043,618692.98,706078.44,1.1412420422161569,0,0,1,0,0,-1,90.0,1
MPLAD106790,Assam,Silchar,MP_088,Vendor_077,3589310.28,910314.21,0.2536181435949862,0,0,0,0,0,1,18.1,0
MPLAD106791,Bihar,Bhagalpur,MP_018,Vendor_081,1734332.1,1448048.74,0.8349316373721042,0,0,0,0,0,-1,54.2,1
MPLAD106792,Tamil Nadu,Madurai,MP_136,Vendor_071,763896.81,0.0,0.0,0,0,0,0,1,1,60.0,1
MPLAD106793,Tamil Nadu,Coimbatore,MP_037,Vendor_075,2237343.52,717292.44,0.32060004804268943,0,0,0,0,0,1,29.5,0
MPLAD106794,Tamil Nadu,Coimbatore,MP_078,Vendor_074,1551709.39,412120.65,0.2655913875729012,0,0,0,0,0,1,19.5,0
MPLAD106795,Punjab,Jalandhar,MP_115,Vendor_108,355648.95,73367.84,0.20629286266696414,0,0,0,0,0,1,16.4,0
MPLAD106796,Maharashtra,Mumbai,MP_067,Vendor_065,915735.19,0.0,0.0,0,0,0,0,1,1,60.0,1
MPLAD106797,Uttar Pradesh,Varanasi,MP_096,Vendor_038,781238.75,241817.37,0.3095306908419481,0,0,0,0,0,1,28.6,0
MPLAD106798,Rajasthan,Jaipur,MP_121,Vendor_038,1047444.21,880188.56,0.8403202305161438,0,0,0,0,0,1,30.7,0
MPLAD106799,Punjab,Ludhiana,MP_101,Vendor_058,313862.57,196088.28,0.6247584093891795,0,0,0,0,0,1,16.3,0
MPLAD106800,West Bengal,Kolkata,MP_001,Vendor_074,1684613.62,0.0,0.0,0,0,0,0,1,1,60.0,1
MPLAD106801,Chhattisgarh,Bilaspur,MP_080,Vendor_101,2344424.76,2199524.54,0.9381937000187629,0,0,0,0,0,1,34.3,0
MPLAD106802,Haryana,Faridabad,MP_137,Vendor_101,6386356.46,3575550.83,0.5598733569594705,0,0,0,0,0,1,31.0,0
MPLAD106803,Gujarat,Ahmedabad,MP_047,Vendor_042,1377271.25,0.0,0.0,0,0,0,0,1,1,60.0,1
MPLAD106804,West Bengal,Kolkata,MP_001,Vendor_056,2083592.76,1112209.74,0.5337942045834331,0,0,0,0,0,1,12.8,0
MPLAD106805,Punjab,Jalandhar,MP_146,Vendor_090,1600282.82,285435.9,0.17836590909599342,0,0,0,0,0,1,24.6,0
MPLAD106806,Chhattisgarh,Raipur,MP_048,Vendor_079,2661138.11,2642780.86,0.9931017296956451,0,0,0,0,0,1,29.1,0
MPLAD106807,Jharkhand,Ranchi,MP_035,Vendor_079,365205.55,158959.11,0.435259294389146,0,0,0,0,0,1,12.8,0
MPLAD106808,Haryana,Faridabad,MP_137,Vendor_069,1980794.85,1936802.4,0.9777905066746311,0,0,0,0,0,1,23.2,0
MPLAD106809,Punjab,Ludhiana,MP_101,Vendor_063,939815.67,181884.08,0.19353165286124668,0,0,0,0,0,1,18.2,0
MPLAD106810,Uttar Pradesh,Varanasi,MP_096,Vendor_034,791422.07,0.0,0.0,0,0,0,0,1,-1,60.0,1
MPLAD106811,Odisha,Rourkela,MP_013,Vendor_038,1018219.25,453411.84,0.4452988293041995,0,0,0,0,0,1,8.7,0
MPLAD106812,Bihar,Gaya,MP_060,Vendor_046,1882886.48,960157.62,0.5099391971841022,0,0,0,0,0,1,27.9,0
MPLAD106813,Maharashtra,Pune,MP_127,Vendor_051,684944.7,398176.0,0.5813257625031627,0,0,0,0,0,1,14.9,0
MPLAD106814,Haryana,Gurugram,MP_138,Vendor_065,1317309.93,882737.81,0.6701063962980983,0,0,0,0,0,1,6.8,0
MPLAD106815,Madhya Pradesh,Indore,MP_150,Vendor_058,319169.11,184218.04,0.5771800410133675,0,0,0,0,0,1,18.9,0
MPLAD106816,Uttar Pradesh,Varanasi,MP_007,Vendor_053,3670988.58,3395865.22,0.9250546946675602,0,0,0,0,0,1,32.0,0
MPLAD106817,Madhya Pradesh,Bhopal,MP_033,Vendor_082,2360801.21,1607401.91,0.6808713512985703,0,0,0,0,0,1,29.0,0
MPLAD106818,Maharashtra,Mumbai,MP_061,Vendor_103,405033.97,268437.63,0.6627533735009931,0,0,0,0,0,1,38.1,0
MPLAD106819,West Bengal,Siliguri,MP_111,Vendor_048,2742671.83,1372045.46,0.5002587057599232,0,0,0,0,0,1,11.6,0
MPLAD106820,Odisha,Rourkela,MP_106,Vendor_077,1324902.62,435959.87,0.3290505003303563,0,0,0,0,0,1,8.3,0
MPLAD106821,Karnataka,Mysuru,MP_019,Vendor_039,3130921.57,926108.44,0.295794199661156,0,0,0,0,0,1,14.4,0
MPLAD106822,Kerala,Kozhikode,MP_043,Vendor_109,830242.47,0.0,0.0,0,0,0,0,1,1,60.0,1
MPLAD106823,Maharashtra,Nashik,MP_068,Vendor_056,1811674.08,1740349.17,0.9606303855713384,0,0,0,0,0,-1,63.2,1
MPLAD106824,Odisha,Bhubaneswar,MP_092,Vendor_074,2286993.9,1301882.18,0.5692547671421424,0,0,0,0,0,1,21.4,0
MPLAD106825,Assam,Guwahati,MP_024,Vendor_087,1618768.81,551947.98,0.34096776302478915,0,0,0,0,0,1,14.4,0
MPLAD106826,Kerala,Kochi,MP_085,Vendor_068,4802670.26,954121.15,0.19866472157095375,0,0,0,0,0,-1,39.0,1
MPLAD106827,Bihar,Bhagalpur,MP_018,Vendor_046,1140719.23,598750.72,0.524888775654286,0,0,0,0,0,1,15.0,0
MPLAD106828,Tamil Nadu,Madurai,MP_125,Vendor_055,1706859.63,1706859.63,1.0,0,0,0,0,0,1,24.5,0
MPLAD106829,Madhya Pradesh,Bhopal,MP_033,Vendor_010,2343694.44,2343694.44,1.0,0,0,0,0,0,-1,41.5,1
MPLAD106830,Punjab,Ludhiana,MP_149,Vendor_038,2599107.16,2553348.22,0.9823943619161898,0,0,0,0,0,-1,44.8,1
MPLAD106831,West Bengal,Siliguri,MP_071,Vendor_066,736550.21,361023.35,0.49015443224162547,0,0,0,0,0,1,5.2,0
MPLAD106832,Assam,Dibrugarh,MP_117,Vendor_102,795406.14,402728.75,0.5063183822040901,0,0,0,0,0,1,35.3,0
MPLAD106833,Rajasthan,Udaipur,MP_052,Vendor_110,1295506.75,0.0,0.0,0,0,0,0,1,1,60.0,1
MPLAD106834,Tamil Nadu,Madurai,MP_042,Vendor_006,805991.91,0.0,0.0,0,0,0,0,1,1,60.0,1
MPLAD106835,Tamil Nadu,Madurai,MP_087,Vendor_032,952699.06,0.0,0.0,0,0,0,0,1,1,60.0,1
MPLAD106836,Chhattisgarh,Raipur,MP_113,Vendor_055,1357808.41,307777.94,0.2266725833580601,0,0,0,0,0,1,11.5,0
MPLAD106837,Assam,Silchar,MP_016,Vendor_018,2952665.24,1259862.8,0.4266866365114929,0,0,0,0,0,1,3.3,0
MPLAD106838,Tamil Nadu,Madurai,MP_042,Vendor_062,1755444.11,0.0,0.0,0,1,0,0,1,1,85.0,1
MPLAD106839,Kerala,Kochi,MP_085,Vendor_041,591034.03,261953.29,0.443211857022852,0,0,0,0,0,1,34.1,0
MPLAD106840,Andhra Pradesh,Vijayawada,MP_116,Vendor_074,1042217.5,353129.97,0.3388256002226023,0,0,0,0,0,-1,49.2,1
MPLAD106841,Punjab,Jalandhar,MP_114,Vendor_036,2402696.83,544084.76,0.2264475289626948,0,0,0,0,0,1,33.6,0
MPLAD106842,Madhya Pradesh,Indore,MP_150,Vendor_067,1001757.02,433712.18,0.4329514755983442,0,0,0,0,0,1,16.0,0
MPLAD106843,West Bengal,Kolkata,MP_056,Vendor_073,883933.57,0.0,0.0,0,0,0,0,1,1,60.0,1
MPLAD106844,Maharashtra,Pune,MP_014,Vendor_079,1941953.15,2066502.54,1.0641361456119578,0,0,1,0,0,1,90.0,1
MPLAD106845,Kerala,Kochi,MP_073,Vendor_073,773502.78,0.0,0.0,0,0,0,0,1,-1,60.0,1
MPLAD106846,Gujarat,Surat,MP_122,Vendor_008,2450872.44,2393579.2,0.9766233284666583,0,0,0,0,0,1,35.0,0
MPLAD106847,Kerala,Kochi,MP_086,Vendor_048,2522821.44,2316418.82,0.9181857991503354,0,0,0,0,0,-1,50.1,1
MPLAD106848,Tamil Nadu,Coimbatore,MP_037,Vendor_023,983570.05,297744.13,0.30271776778888293,0,0,0,0,0,-1,56.6,1
MPLAD106849,Gujarat,Vadodara,MP_093,Vendor_033,2159330.05,1293751.42,0.5991448227194356,0,0,0,0,0,-1,43.7,1
MPLAD106850,Uttar Pradesh,Varanasi,MP_007,Vendor_105,3381365.59,3351014.3,0.9910239549104775,0,0,0,0,0,-1,51.5,1
MPLAD106851,Maharashtra,Mumbai,MP_105,Vendor_054,2621638.37,2359749.04,0.9001047081867359,0,0,0,0,0,-1,66.9,1
MPLAD106852,Jharkhand,Jamshedpur,MP_031,Vendor_064,2273184.68,799622.1,0.35176292847442553,0,0,0,0,0,1,19.6,0
MPLAD106853,Odisha,Bhubaneswar,MP_092,Vendor_056,4075885.79,0.0,0.0,0,0,0,0,1,1,60.0,1
MPLAD106854,Haryana,Panipat,MP_026,Vendor_060,420061.99,149263.81,0.3553375776751427,0,0,0,0,0,1,30.2,0
MPLAD106855,Tamil Nadu,Madurai,MP_042,Vendor_094,910410.8,320516.93,0.3520574777891475,0,0,0,0,0,1,12.0,0
MPLAD106856,Chhattisgarh,Bilaspur,MP_130,Vendor_065,1441445.53,0.0,0.0,0,0,0,0,1,1,60.0,1
MPLAD106857,Karnataka,Mysuru,MP_034,Vendor_070,1517108.77,239506.55,0.15787038789578678,0,0,0,0,0,1,22.3,0
MPLAD106858,Assam,Dibrugarh,MP_117,Vendor_083,2251739.26,0.0,0.0,0,0,0,0,1,1,60.0,1
MPLAD106859,West Bengal,Kolkata,MP_056,Vendor_083,720631.07,0.0,0.0,0,0,0,0,1,1,60.0,1
MPLAD106860,Chhattisgarh,Raipur,MP_113,Vendor_113,616418.91,235444.0,0.38195453802674545,0,0,0,0,0,1,27.4,0
MPLAD106861,Uttar Pradesh,Varanasi,MP_096,Vendor_004,650339.76,650339.76,1.0,0,0,0,0,0,-1,67.8,1
MPLAD106862,Assam,Silchar,MP_076,Vendor_035,2195784.69,413786.46,0.18844582617068892,0,0,0,0,0,-1,48.5,1
MPLAD106863,Maharashtra,Mumbai,MP_105,Vendor_076,3786290.26,1144670.86,0.302319891343988,0,0,0,0,0,1,18.1,0
MPLAD106864,Tamil Nadu,Chennai,MP_135,Vendor_025,1221506.08,669440.64,0.5480452786612409,0,0,0,0,0,1,31.1,0
MPLAD106865,Rajasthan,Jaipur,MP_004,Vendor_061,1636890.63,792168.95,0.4839473911583207,0,0,0,0,0,-1,43.1,1
MPLAD106866,Chhattisgarh,Bilaspur,MP_080,Vendor_026,740449.65,129272.33,0.1745862530963449,0,0,0,0,0,-1,48.7,1
MPLAD106867,Chhattisgarh,Raipur,MP_005,Vendor_005,960712.09,896408.53,0.9330667734180383,0,0,0,0,0,-1,51.7,1
MPLAD106868,Madhya Pradesh,Bhopal,MP_084,Vendor_105,908878.15,780468.56,0.8587163856893248,0,0,0,0,0,1,20.9,0
MPLAD106869,Telangana,Hyderabad,MP_041,Vendor_087,1508858.47,641305.83,0.4250271597706576,0,0,0,0,0,1,30.4,0
MPLAD106870,Jharkhand,Ranchi,MP_107,Vendor_087,1374004.88,392021.06,0.2853127130087049,0,0,0,0,0,1,10.6,0
MPLAD106871,Kerala,Kochi,MP_022,Vendor_012,1938416.97,1918736.76,0.9898472772862693,0,0,0,0,0,-1,47.8,1
MPLAD106872,Haryana,Panipat,MP_026,Vendor_064,829524.33,0.0,0.0,0,0,0,0,1,1,60.0,1
MPLAD106873,Kerala,Thiruvananthapuram,MP_102,Vendor_011,218517.08,64588.9,0.29557826784066493,0,0,0,0,0,-1,51.5,1
MPLAD106874,Andhra Pradesh,Guntur,MP_036,Vendor_078,819742.59,140699.48,0.1716386115792764,0,0,0,0,0,1,32.1,0
MPLAD106875,Odisha,Rourkela,MP_013,Vendor_095,1478682.97,596268.21,0.4032427654184723,0,0,0,0,0,1,23.9,0
MPLAD106876,Punjab,Amritsar,MP_012,Vendor_043,1494082.79,468766.7,0.3137488117375343,0,0,0,0,0,1,24.1,0
MPLAD106877,Bihar,Patna,MP_028,Vendor_017,1884471.7,928934.75,0.49294173534152835,0,0,0,0,0,1,6.2,0
MPLAD106878,Jharkhand,Jamshedpur,MP_132,Vendor_081,1604709.76,1595647.64,0.9943527981035024,0,0,0,0,0,1,26.4,0
MPLAD106879,Assam,Dibrugarh,MP_075,Vendor_108,7669377.8,941340.7,0.12274016544080016,0,0,0,0,0,1,19.1,0
MPLAD106880,Telangana,Hyderabad,MP_041,Vendor_033,713579.05,0.0,0.0,0,0,0,0,1,-1,60.0,1
MPLAD106881,Maharashtra,Mumbai,MP_067,Vendor_088,902650.13,0.0,0.0,0,0,0,0,1,1,60.0,1
MPLAD106882,Kerala,Kochi,MP_104,Vendor_068,604490.34,498562.22,0.824764577710208,0,0,0,0,0,-1,49.5,1
MPLAD106883,Gujarat,Ahmedabad,MP_021,Vendor_083,1660631.76,564710.35,0.340057539306607,0,0,0,0,0,1,20.8,0
MPLAD106884,Odisha,Cuttack,MP_010,Vendor_030,970785.88,419546.6,0.4321721284203268,0,0,0,0,0,1,10.4,0
MPLAD106885,West Bengal,Kolkata,MP_089,Vendor_107,5618927.37,1953470.7,0.3476590052453374,0,0,0,0,0,1,23.3,0
MPLAD106886,Tamil Nadu,Chennai,MP_066,Vendor_085,612260.55,612260.55,1.0,0,0,0,0,0,1,18.6,0
MPLAD106887,Jharkhand,Jamshedpur,MP_118,Vendor_089,487197.18,447609.95,0.9187449525056776,0,0,0,0,0,1,31.3,0
MPLAD106888,Tamil Nadu,Madurai,MP_136,Vendor_066,2502004.34,0.0,0.0,0,0,0,0,1,1,60.0,1
MPLAD106889,Assam,Silchar,MP_129,Vendor_078,206840.56,73280.75,0.35428617095215753,0,0,0,0,0,1,18.0,0
MPLAD106890,West Bengal,Kolkata,MP_001,Vendor_076,737488.16,637910.49,0.8649772628214125,0,0,0,0,0,1,19.4,0
MPLAD106891,Kerala,Kochi,MP_104,Vendor_005,346217.91,129408.97,0.3737789590376766,0,0,0,0,0,1,34.4,0
MPLAD106892,Odisha,Rourkela,MP_106,Vendor_025,503211.38,190911.72,0.3793867300854762,0,0,0,0,0,1,3.9,0
MPLAD106893,Assam,Dibrugarh,MP_065,Vendor_040,1659980.77,1659980.77,1.0,0,0,0,0,0,1,27.7,0
MPLAD106894,Odisha,Rourkela,MP_106,Vendor_067,1551196.89,598862.93,0.38606506618253994,0,0,0,0,0,1,26.7,0
MPLAD106895,Haryana,Gurugram,MP_126,Vendor_002,1527022.15,0.0,0.0,0,1,0,0,1,1,85.0,1
MPLAD106896,Madhya Pradesh,Indore,MP_038,Vendor_011,727973.36,646859.6,0.8885759226134319,0,0,0,0,0,-1,58.6,1
MPLAD106897,Gujarat,Surat,MP_097,Vendor_036,2707900.65,356409.22,0.1316182777975994,0,0,0,0,0,1,28.2,0
MPLAD106898,Uttar Pradesh,Varanasi,MP_096,Vendor_093,3205046.51,0.0,0.0,0,0,0,0,1,1,60.0,1
MPLAD106899,Haryana,Faridabad,MP_137,Vendor_001,1550760.49,1444659.38,0.9315812398599347,0,0,0,0,0,1,29.7,0
MPLAD106900,Maharashtra,Pune,MP_014,Vendor_028,1106983.13,457432.15,0.41322413829377874,0,0,0,0,0,1,10.4,0
MPLAD106901,Haryana,Gurugram,MP_003,Vendor_110,1057846.99,550747.23,0.5206303323697126,0,0,0,0,0,1,14.6,0
MPLAD106902,West Bengal,Kolkata,MP_089,Vendor_042,664304.3,0.0,0.0,0,1,0,0,1,1,85.0,1
MPLAD106903,Punjab,Jalandhar,MP_045,Vendor_037,1245789.0,1105978.24,0.8877733227697467,0,0,0,0,0,1,34.2,0
MPLAD106904,Kerala,Thiruvananthapuram,MP_102,Vendor_002,2202319.72,1353260.25,0.6144703867066131,0,0,0,0,0,1,22.3,0
MPLAD106905,Gujarat,Surat,MP_097,Vendor_047,1413063.24,596766.56,0.4223211977405909,0,0,0,0,0,1,34.5,0
MPLAD106906,West Bengal,Kolkata,MP_056,Vendor_093,642640.7,628630.63,0.9781992176966072,0,0,0,0,0,-1,49.0,1
MPLAD106907,Tamil Nadu,Chennai,MP_066,Vendor_051,629103.39,406081.02,0.6454917052664428,0,0,0,0,0,1,19.7,0
MPLAD106908,Punjab,Jalandhar,MP_115,Vendor_042,1238051.09,279326.95,0.22561827395992196,0,0,0,0,0,1,22.1,0
MPLAD106909,Bihar,Patna,MP_120,Vendor_077,2250865.92,684600.31,0.30414975139878614,0,0,0,0,0,1,10.6,0
MPLAD106910,Chhattisgarh,Bilaspur,MP_080,Vendor_096,1774703.39,1767158.98,0.9957489177952153,0,0,0,0,0,-1,44.3,1
MPLAD106911,Chhattisgarh,Raipur,MP_005,Vendor_006,3498597.83,1604479.12,0.45860633258324524,0,0,0,0,0,1,8.7,0
MPLAD106912,Kerala,Thiruvananthapuram,MP_083,Vendor_053,3327130.03,0.0,0.0,0,0,0,0,1,1,60.0,1
MPLAD106913,West Bengal,Siliguri,MP_111,Vendor_056,4880755.16,0.0,0.0,0,0,0,0,1,1,60.0,1
MPLAD106914,Haryana,Faridabad,MP_112,Vendor_099,2341688.65,933873.92,0.3988036240428462,0,0,0,0,0,-1,50.1,1
MPLAD106915,Kerala,Kochi,MP_085,Vendor_003,300362.97,153254.44,0.5102308050822644,0,0,0,0,0,1,23.7,0
MPLAD106916,Tamil Nadu,Coimbatore,MP_128,Vendor_024,8886837.3,8102724.25,0.9117669173486499,0,0,0,0,0,-1,47.1,1
MPLAD106917,Assam,Silchar,MP_129,Vendor_057,925567.98,479789.77,0.5183733451971837,0,0,0,0,0,1,15.2,0
MPLAD106918,Jharkhand,Ranchi,MP_109,Vendor_116,709929.66,708044.49,0.9973445679111363,0,0,0,0,0,-1,57.6,1
MPLAD106919,Chhattisgarh,Bilaspur,MP_081,Vendor_061,809376.71,0.0,0.0,0,0,0,0,1,1,60.0,1
MPLAD106920,Bihar,Gaya,MP_060,Vendor_018,1539168.4,678524.92,0.4408386502737453,0,0,0,0,0,1,20.7,0
MPLAD106921,Assam,Dibrugarh,MP_075,Vendor_016,745050.14,656976.54,0.8817883585660423,0,0,0,0,0,1,21.1,0
MPLAD106922,West Bengal,Kolkata,MP_009,Vendor_039,941536.31,0.0,0.0,0,0,0,0,1,1,60.0,1
MPLAD106923,Assam,Dibrugarh,MP_117,Vendor_090,516447.41,469331.91,0.9087699946060336,0,0,0,0,0,1,38.9,0
MPLAD106924,Assam,Dibrugarh,MP_075,Vendor_022,1405262.18,0.0,0.0,0,0,0,0,1,1,60.0,1
MPLAD106925,Tamil Nadu,Chennai,MP_066,Vendor_047,490018.43,261609.74,0.5338773482458609,0,0,0,0,0,1,29.3,0
MPLAD106926,Gujarat,Vadodara,MP_025,Vendor_063,1305927.0,431449.72,0.3303781298648393,0,0,0,0,0,1,34.7,0
MPLAD106927,Odisha,Cuttack,MP_079,Vendor_073,220505.8,0.0,0.0,0,1,0,0,1,1,85.0,1
MPLAD106928,Gujarat,Surat,MP_122,Vendor_052,2340316.48,2062789.85,0.8814149144478101,0,0,0,0,0,-1,64.7,1
MPLAD106929,Jharkhand,Jamshedpur,MP_132,Vendor_090,3018108.98,1214895.7,0.40253539817505196,0,0,0,0,0,1,22.8,0
MPLAD106930,Assam,Dibrugarh,MP_065,Vendor_036,648192.9,485955.45,0.7497080730134501,0,0,0,0,0,1,36.6,0
MPLAD106931,Chhattisgarh,Raipur,MP_048,Vendor_040,1507007.43,430097.06,0.285398101852756,0,0,0,0,0,1,30.8,0
MPLAD106932,Chhattisgarh,Bilaspur,MP_103,Vendor_031,1737795.22,1581456.42,0.9100361203663571,0,0,0,0,0,1,21.1,0
MPLAD106933,Kerala,Kochi,MP_008,Vendor_108,587125.42,0.0,0.0,0,0,0,0,1,1,60.0,1
MPLAD106934,Karnataka,Mysuru,MP_034,Vendor_103,1089837.19,1071321.24,0.983010352216004,0,0,0,0,0,1,32.3,0
MPLAD106935,Kerala,Kozhikode,MP_043,Vendor_066,3216729.97,0.0,0.0,0,0,0,0,1,1,60.0,1
MPLAD106936,Assam,Guwahati,MP_024,Vendor_044,1019620.29,904848.87,0.8874370968039484,0,0,0,0,0,1,19.4,0
MPLAD106937,Gujarat,Ahmedabad,MP_027,Vendor_023,727898.2,0.0,0.0,0,1,0,0,1,-1,85.0,1
MPLAD106938,Assam,Dibrugarh,MP_075,Vendor_088,553360.86,224331.94,0.4053990012954657,0,0,0,0,0,1,18.3,0
MPLAD106939,Tamil Nadu,Madurai,MP_136,Vendor_033,1473889.71,395433.36,0.2682923676833323,0,0,0,0,0,1,27.0,0
MPLAD106940,Rajasthan,Jaipur,MP_004,Vendor_037,1493183.95,1319062.78,0.8833893372614942,0,0,0,0,0,1,34.9,0
MPLAD106941,Kerala,Thiruvananthapuram,MP_083,Vendor_109,897372.07,796559.26,0.8876577359934994,0,0,0,0,0,1,37.7,0
MPLAD106942,Assam,Silchar,MP_088,Vendor_054,668520.79,0.0,0.0,0,0,0,0,1,-1,60.0,1
MPLAD106943,Jharkhand,Jamshedpur,MP_031,Vendor_066,2400473.25,796028.16,0.3316130100595789,0,0,0,0,0,1,30.5,0
MPLAD106944,Haryana,Faridabad,MP_112,Vendor_075,19938597.54,17613820.36,0.8834031744040107,0,0,0,0,0,-1,51.4,1
MPLAD106945,Kerala,Thiruvananthapuram,MP_083,Vendor_118,602454.77,224916.98,0.37333421727244354,0,0,0,0,0,1,34.9,0
MPLAD106946,Gujarat,Surat,MP_122,Vendor_030,622555.56,607587.54,0.9759571338500294,0,0,0,0,0,-1,40.7,1
MPLAD106947,Kerala,Kochi,MP_008,Vendor_084,419776.7,0.0,0.0,0,0,0,0,1,-1,60.0,1
MPLAD106948,Karnataka,Mysuru,MP_019,Vendor_102,3296672.77,0.0,0.0,0,1,0,0,1,1,85.0,1
MPLAD106949,Assam,Dibrugarh,MP_131,Vendor_013,556808.25,539869.64,0.9695790965740899,0,0,0,0,0,1,18.8,0
MPLAD106950,Bihar,Gaya,MP_072,Vendor_024,1525380.36,1308865.44,0.8580584058391835,0,0,0,0,0,1,38.1,0
MPLAD106951,Telangana,Hyderabad,MP_140,Vendor_011,1812993.11,1555689.41,0.8580779493420136,0,0,0,0,0,-1,59.5,1
MPLAD106952,Gujarat,Vadodara,MP_040,Vendor_044,2090826.15,2021047.79,0.9666264170265902,0,0,0,0,0,1,36.7,0
MPLAD106953,Bihar,Bhagalpur,MP_077,Vendor_108,1921599.21,1921599.21,1.0,0,0,0,0,0,1,34.0,0
MPLAD106954,Kerala,Kochi,MP_008,Vendor_107,1099556.07,139712.86,0.12706297005845274,0,0,0,0,0,-1,60.4,1
MPLAD106955,Karnataka,Mysuru,MP_019,Vendor_102,1525904.49,756196.74,0.4955727864723696,0,0,0,0,0,1,8.1,0
MPLAD106956,Assam,Silchar,MP_088,Vendor_066,611006.86,366193.39,0.5993277882346526,0,0,0,0,0,1,5.6,0
MPLAD106957,Kerala,Kochi,MP_104,Vendor_029,2710847.65,2595117.96,0.9573086705923883,0,0,0,0,0,-1,59.3,1
MPLAD106958,Assam,Dibrugarh,MP_065,Vendor_038,1309842.71,1309842.71,1.0,0,0,0,0,0,1,34.0,0
MPLAD106959,Haryana,Gurugram,MP_091,Vendor_093,1220568.27,0.0,0.0,0,0,0,0,1,1,60.0,1
MPLAD106960,Rajasthan,Jodhpur,MP_063,Vendor_095,1128454.66,653039.11,0.5787021252586259,0,0,0,0,0,1,28.2,0
MPLAD106961,West Bengal,Siliguri,MP_111,Vendor_030,2817760.3,1017287.96,0.3610271462764239,0,0,0,0,0,1,3.1,0
MPLAD106962,Chhattisgarh,Bilaspur,MP_130,Vendor_064,1091839.07,871910.04,0.798570104292018,0,0,0,0,0,-1,42.1,1
MPLAD106963,Haryana,Panipat,MP_026,Vendor_021,466407.66,466407.66,1.0,0,0,0,0,0,1,34.1,0
MPLAD106964,Haryana,Gurugram,MP_003,Vendor_075,1796380.34,371538.36,0.2068261112231945,0,0,0,0,0,1,37.5,0
MPLAD106965,Gujarat,Ahmedabad,MP_015,Vendor_021,3502349.96,2057453.18,0.5874493421554025,0,0,0,0,0,1,22.9,0
MPLAD106966,Tamil Nadu,Madurai,MP_087,Vendor_062,430332.88,414314.3,0.9627763047062543,0,0,0,0,0,1,19.2,0
MPLAD106967,Haryana,Gurugram,MP_126,Vendor_087,1640406.87,1358348.15,0.8280556335392572,0,0,0,0,0,1,14.5,0
MPLAD106968,Gujarat,Surat,MP_097,Vendor_004,1473036.5,0.0,0.0,0,0,0,0,1,1,60.0,1
MPLAD106969,Assam,Dibrugarh,MP_131,Vendor_067,764034.42,764034.42,1.0,0,0,0,0,0,1,27.2,0
MPLAD106970,Telangana,Hyderabad,MP_041,Vendor_083,817443.13,765639.36,0.9366270654204409,0,0,0,0,0,1,32.1,0
MPLAD106971,Tamil Nadu,Madurai,MP_145,Vendor_045,4233951.83,3932806.96,0.9288738081840671,0,0,0,0,0,-1,40.5,1
MPLAD106972,Maharashtra,Mumbai,MP_105,Vendor_061,551770.74,505300.38,0.9157795862825202,0,0,0,0,0,1,34.9,0
MPLAD106973,Karnataka,Hubballi,MP_029,Vendor_066,1772403.07,1158513.0,0.6536396938197585,0,0,0,0,0,-1,52.9,1
MPLAD106974,Bihar,Patna,MP_028,Vendor_077,485174.8,383809.47,0.7910746188796285,0,0,0,0,0,1,24.9,0
MPLAD106975,Punjab,Amritsar,MP_098,Vendor_053,1833588.54,551630.7,0.3008475936482456,0,0,0,0,0,1,15.2,0
MPLAD106976,Odisha,Cuttack,MP_079,Vendor_098,861997.96,0.0,0.0,0,0,0,0,1,1,60.0,1
MPLAD106977,Gujarat,Surat,MP_006,Vendor_054,1243091.88,1032632.43,0.8306967864676263,0,0,0,0,0,-1,66.1,1
MPLAD106978,Punjab,Jalandhar,MP_146,Vendor_062,1499725.33,493821.02,0.3292743078494247,0,0,0,0,0,1,26.9,0
MPLAD106979,West Bengal,Kolkata,MP_057,Vendor_103,1056860.49,1016611.9,0.961916837292309,0,0,0,0,0,1,33.9,0
MPLAD106980,Uttar Pradesh,Varanasi,MP_007,Vendor_065,720329.66,877629.44,1.2183719326509475,0,0,1,0,0,-1,90.0,1
MPLAD106981,Assam,Silchar,MP_076,Vendor_066,588845.9,422472.47,0.7174584555993342,0,0,0,0,0,1,29.2,0
MPLAD106982,Gujarat,Vadodara,MP_025,Vendor_097,1326228.01,1311644.12,0.9890034821387916,0,0,0,0,0,-1,82.7,1
MPLAD106983,Punjab,Amritsar,MP_064,Vendor_092,3370987.97,2462994.75,0.7306447759289986,0,0,0,0,0,1,30.0,0
MPLAD106984,Haryana,Faridabad,MP_055,Vendor_034,1545674.35,442515.45,0.2862928080549438,0,0,0,0,0,1,29.7,0
MPLAD106985,Odisha,Cuttack,MP_017,Vendor_076,1941222.67,856700.54,0.44132007792799993,0,0,0,0,0,1,9.1,0
MPLAD106986,Haryana,Gurugram,MP_091,Vendor_020,595010.75,595010.75,1.0,0,0,0,0,0,-1,40.6,1
MPLAD106987,Haryana,Faridabad,MP_055,Vendor_018,4271185.05,4239890.67,0.9926731388048851,0,0,0,0,0,1,17.1,0
MPLAD106988,Karnataka,Mysuru,MP_019,Vendor_085,1975548.81,1820483.97,0.921507968208591,0,0,0,0,0,-1,44.7,1
MPLAD106989,Maharashtra,Mumbai,MP_061,Vendor_019,1605560.36,231223.35,0.14401411230655944,0,0,0,0,0,1,25.3,0
MPLAD106990,Karnataka,Mysuru,MP_019,Vendor_083,1501634.04,0.0,0.0,0,0,0,0,1,1,60.0,1
MPLAD106991,Madhya Pradesh,Bhopal,MP_084,Vendor_073,1781305.7,1631057.43,0.9156527315889686,0,0,0,0,0,1,26.6,0
MPLAD106992,West Bengal,Kolkata,MP_056,Vendor_030,1563163.04,1043679.48,0.6676715437181779,0,0,0,0,0,1,33.5,0
MPLAD106993,Odisha,Rourkela,MP_090,Vendor_007,2474916.15,1072312.28,0.4332721656044792,0,0,0,0,0,-1,44.3,1
MPLAD106994,Gujarat,Surat,MP_097,Vendor_120,1158333.26,223883.43,0.1932806712292799,0,0,0,0,0,1,31.3,0
MPLAD106995,Jharkhand,Jamshedpur,MP_046,Vendor_016,2215615.73,0.0,0.0,0,0,0,0,1,1,60.0,1
MPLAD106996,Tamil Nadu,Madurai,MP_136,Vendor_010,906027.42,826698.65,0.9124433011089222,0,0,0,0,0,1,21.4,0
MPLAD106997,Gujarat,Ahmedabad,MP_100,Vendor_021,1827057.69,1625112.11,0.8894695109490496,0,0,0,0,0,1,33.1,0
MPLAD106998,Kerala,Thiruvananthapuram,MP_102,Vendor_093,1326035.82,0.0,0.0,0,0,0,0,1,1,60.0,1
MPLAD106999,Bihar,Bhagalpur,MP_018,Vendor_024,5744234.08,0.0,0.0,0,0,0,0,1,1,60.0,1
MPLAD107000,Chhattisgarh,Bilaspur,MP_130,Vendor_017,1387365.41,804385.4,0.579793466236123,0,0,0,0,0,1,11.0,0
MPLAD107001,Punjab,Jalandhar,MP_114,Vendor_011,723070.71,588470.95,0.8138497962391534,0,0,0,0,0,-1,75.7,1
MPLAD107002,Andhra Pradesh,Guntur,MP_036,Vendor_072,929034.89,0.0,0.0,0,0,0,0,1,-1,60.0,1
MPLAD107003,Madhya Pradesh,Bhopal,MP_033,Vendor_025,3150015.6,2504629.67,0.7951165924384628,0,0,0,0,0,1,30.6,0
MPLAD107004,Kerala,Kochi,MP_008,Vendor_036,1633950.43,423631.7,0.25926839163658105,0,0,0,0,0,-1,44.4,1
MPLAD107005,Punjab,Ludhiana,MP_149,Vendor_102,1178800.47,638140.88,0.5413476633581593,0,0,0,0,0,1,11.3,0
MPLAD107006,Kerala,Kochi,MP_086,Vendor_084,1845536.16,1218610.11,0.6603013998923761,0,0,0,0,0,-1,43.9,1
MPLAD107007,Maharashtra,Pune,MP_014,Vendor_116,321145.85,153078.19,0.4766625195374625,0,0,0,0,0,-1,42.2,1
MPLAD107008,Gujarat,Vadodara,MP_025,Vendor_004,951700.04,0.0,0.0,0,1,0,0,1,1,85.0,1
MPLAD107009,Tamil Nadu,Coimbatore,MP_037,Vendor_070,1635517.8,743740.76,0.45474329903349264,0,0,0,0,0,1,3.6,0
MPLAD107010,Kerala,Thiruvananthapuram,MP_074,Vendor_100,1869361.76,1808510.48,0.9674480984354789,0,0,0,0,0,1,21.2,0
MPLAD107011,Haryana,Gurugram,MP_003,Vendor_070,788711.26,452837.49,0.5741486307676145,0,0,0,0,0,1,28.9,0
MPLAD107012,Punjab,Ludhiana,MP_030,Vendor_051,1237812.48,581851.19,0.4700640843433732,0,0,0,0,0,1,26.3,0
MPLAD107013,Andhra Pradesh,Vijayawada,MP_116,Vendor_019,865790.91,846796.61,0.9780613312283447,0,0,0,0,0,-1,73.9,1
MPLAD107014,Telangana,Hyderabad,MP_140,Vendor_034,970425.37,12093.27,0.012461823828863832,0,1,0,0,0,1,85.0,1
MPLAD107015,Kerala,Kochi,MP_073,Vendor_049,1296284.39,1126600.05,0.8690994496971457,0,0,0,0,0,-1,56.5,1
MPLAD107016,Maharashtra,Mumbai,MP_061,Vendor_040,571937.97,260527.71,0.4555174226323879,0,0,0,0,0,1,27.1,0
MPLAD107017,Bihar,Patna,MP_120,Vendor_023,653281.37,15714.24,0.024054321340894812,0,0,0,0,0,1,16.7,0
MPLAD107018,Madhya Pradesh,Bhopal,MP_033,Vendor_042,1723211.59,1145118.75,0.664525910018978,0,0,0,0,0,1,17.6,0
MPLAD107019,Rajasthan,Udaipur,MP_023,Vendor_056,1026572.07,487328.26,0.47471412309123123,0,0,0,0,0,1,30.0,0
MPLAD107020,Bihar,Gaya,MP_072,Vendor_089,1552483.67,876914.91,0.5648464630871126,0,0,0,0,0,1,39.0,0
MPLAD107021,Jharkhand,Ranchi,MP_109,Vendor_115,1609126.87,1495631.94,0.9294680039741055,0,0,0,0,0,1,13.0,0
MPLAD107022,Kerala,Kozhikode,MP_043,Vendor_010,1921453.23,1870470.66,0.9734666609605689,0,0,0,0,0,-1,56.9,1
MPLAD107023,Gujarat,Ahmedabad,MP_047,Vendor_024,1500000.0,620744.64,0.41382976,0,0,0,0,0,-1,41.8,1
MPLAD107024,Chhattisgarh,Bilaspur,MP_094,Vendor_100,1128775.41,520849.55,0.46142885943980655,0,0,0,0,0,-1,39.8,1
MPLAD107025,Haryana,Faridabad,MP_055,Vendor_096,644901.22,0.0,0.0,0,0,0,0,1,1,60.0,1
MPLAD107026,Bihar,Patna,MP_028,Vendor_073,1921051.74,2306773.75,1.2007868929131498,0,0,1,0,0,-1,90.0,1
MPLAD107027,Telangana,Hyderabad,MP_140,Vendor_074,899420.27,899420.27,1.0,0,0,0,0,0,1,37.6,0
MPLAD107028,Chhattisgarh,Bilaspur,MP_081,Vendor_093,5752431.54,4708116.2,0.818456711264051,0,0,0,0,0,1,28.9,0
MPLAD107029,Odisha,Rourkela,MP_090,Vendor_059,1786860.78,601244.23,0.3364807357851349,0,0,0,0,0,1,23.1,0
MPLAD107030,Bihar,Bhagalpur,MP_018,Vendor_073,224317.93,120422.05,0.5368364891740932,0,0,0,0,0,1,10.8,0
MPLAD107031,Chhattisgarh,Raipur,MP_048,Vendor_034,1092706.61,1048709.8,0.9597359349734326,0,0,0,0,0,-1,41.9,1
MPLAD107032,Tamil Nadu,Madurai,MP_042,Vendor_091,2394106.33,1455551.84,0.6079729299241274,0,0,0,0,0,1,21.9,0
MPLAD107033,Gujarat,Vadodara,MP_025,Vendor_011,2991273.63,0.0,0.0,0,0,0,0,1,-1,60.8,1
MPLAD107034,Punjab,Ludhiana,MP_141,Vendor_033,1381622.51,0.0,0.0,0,0,0,0,1,-1,60.0,1
MPLAD107035,Chhattisgarh,Bilaspur,MP_080,Vendor_006,273493.26,0.0,0.0,0,0,0,0,1,1,60.0,1
MPLAD107036,Kerala,Kochi,MP_022,Vendor_038,3844310.9,970837.4,0.2525387319740451,0,0,0,0,0,1,37.9,0
MPLAD107037,Punjab,Jalandhar,MP_144,Vendor_117,1946218.69,972084.58,0.49947345845291413,0,0,0,0,0,1,13.9,0
MPLAD107038,Gujarat,Surat,MP_006,Vendor_004,304505.05,273704.83,0.8988515297201147,0,0,0,0,0,1,34.3,0
MPLAD107039,Jharkhand,Ranchi,MP_107,Vendor_052,1133643.39,329517.65,0.2906713459512167,0,0,0,0,0,-1,42.0,1
MPLAD107040,Assam,Dibrugarh,MP_123,Vendor_011,3749644.62,3141883.67,0.8379150528670634,0,0,0,0,0,-1,72.1,1
MPLAD107041,Bihar,Patna,MP_120,Vendor_042,892647.49,130368.45,0.14604695746133783,0,0,0,0,0,1,29.0,0
MPLAD107042,Andhra Pradesh,Guntur,MP_036,Vendor_101,826199.43,826199.43,1.0,0,0,0,0,0,-1,74.0,1
MPLAD107043,Haryana,Faridabad,MP_112,Vendor_094,4012244.36,0.0,0.0,0,0,0,0,1,1,60.0,1
MPLAD107044,Maharashtra,Pune,MP_014,Vendor_111,1359596.1,526032.08,0.3869031986779014,0,0,0,0,0,1,22.9,0
MPLAD107045,Karnataka,Mysuru,MP_034,Vendor_006,963934.42,0.0,0.0,0,0,0,0,1,1,60.0,1
MPLAD107046,Bihar,Gaya,MP_060,Vendor_017,586122.4,210475.72,0.3590985773619981,0,0,0,0,0,1,20.4,0
MPLAD107047,Kerala,Kozhikode,MP_043,Vendor_036,1026225.65,773991.27,0.7542115810494505,0,0,0,0,0,-1,47.2,1
MPLAD107048,Chhattisgarh,Raipur,MP_113,Vendor_034,2984225.23,2918768.31,0.9780656904371793,0,0,0,0,0,1,20.2,0
MPLAD107049,Bihar,Patna,MP_028,Vendor_052,1651235.89,924123.46,0.5596556286091868,0,0,0,0,0,-1,62.4,1
MPLAD107050,Bihar,Patna,MP_028,Vendor_061,760078.61,0.0,0.0,0,0,0,0,1,1,60.0,1
MPLAD107051,Rajasthan,Jodhpur,MP_063,Vendor_023,1250047.6,0.0,0.0,0,0,0,0,1,1,60.0,1
MPLAD107052,West Bengal,Siliguri,MP_111,Vendor_098,1500000.0,1500000.0,1.0,0,0,0,0,1,-1,60.0,1
MPLAD107053,Chhattisgarh,Bilaspur,MP_080,Vendor_075,1107366.22,985311.0,0.8897788122884948,0,0,0,0,0,-1,76.2,1
MPLAD107054,Assam,Silchar,MP_016,Vendor_082,550562.67,139608.11,0.2535735123487395,0,0,0,0,0,1,20.0,0
MPLAD107055,Telangana,Hyderabad,MP_142,Vendor_074,816318.14,420272.78,0.5148394472772588,0,0,0,0,0,1,23.8,0
MPLAD107056,Assam,Silchar,MP_076,Vendor_011,1565960.37,564277.14,0.3603393488176204,0,0,0,0,0,-1,71.5,1
MPLAD107057,Chhattisgarh,Bilaspur,MP_094,Vendor_023,1081281.44,0.0,0.0,0,0,0,0,1,1,60.0,1
MPLAD107058,Tamil Nadu,Chennai,MP_066,Vendor_118,2500000.0,2500000.0,1.0,0,0,0,0,1,1,60.0,1
MPLAD107059,Kerala,Thiruvananthapuram,MP_083,Vendor_102,1570492.44,765498.43,0.48742573380359605,0,0,0,0,0,1,29.0,0
MPLAD107060,Andhra Pradesh,Guntur,MP_036,Vendor_033,414564.95,105052.06,0.2534031398457588,0,0,0,0,0,-1,57.6,1
MPLAD107061,Kerala,Kochi,MP_108,Vendor_035,519162.33,89691.12,0.17276122479841707,0,0,0,0,0,-1,69.0,1
MPLAD107062,Karnataka,Mysuru,MP_019,Vendor_020,617159.22,611594.46,0.9909832668464388,0,0,0,0,0,1,25.6,0
MPLAD107063,Madhya Pradesh,Indore,MP_038,Vendor_050,2229754.54,1136304.22,0.5096095554984271,0,0,0,0,0,1,21.4,0
MPLAD107064,Bihar,Bhagalpur,MP_147,Vendor_009,355863.12,264943.0,0.7445081693208333,0,0,0,0,0,1,24.1,0
MPLAD107065,Punjab,Jalandhar,MP_144,Vendor_035,1763900.52,1761599.13,0.9986952835639505,0,0,0,1,0,-1,80.0,1
MPLAD107066,Maharashtra,Pune,MP_127,Vendor_105,401897.98,401897.98,1.0,0,0,0,0,0,1,36.3,0
MPLAD107067,Gujarat,Vadodara,MP_025,Vendor_064,2687411.84,0.0,0.0,0,0,0,0,1,1,60.0,1
MPLAD107068,Punjab,Amritsar,MP_012,Vendor_010,1921611.83,306126.19,0.15930698657282932,0,0,0,0,0,1,32.0,0
MPLAD107069,West Bengal,Siliguri,MP_032,Vendor_084,1606353.48,1606353.48,1.0,0,0,0,0,0,-1,58.6,1
MPLAD107070,Chhattisgarh,Bilaspur,MP_094,Vendor_083,1337148.23,0.0,0.0,0,1,0,0,1,1,85.0,1
MPLAD107071,Punjab,Jalandhar,MP_144,Vendor_107,640239.52,547873.86,0.8557326483063713,0,0,0,0,0,-1,46.0,1
MPLAD107072,Tamil Nadu,Coimbatore,MP_078,Vendor_026,3680945.95,3680945.95,1.0,0,0,0,0,0,-1,52.5,1
MPLAD107073,Punjab,Jalandhar,MP_146,Vendor_043,828557.54,711192.83,0.8583505618692456,0,0,0,0,0,1,38.3,0
MPLAD107074,Jharkhand,Jamshedpur,MP_031,Vendor_004,2792120.81,1622207.3,0.5809946669177255,0,0,0,0,0,1,22.5,0
MPLAD107075,Punjab,Ludhiana,MP_030,Vendor_058,744327.71,655498.65,0.8806586684781628,0,0,0,0,0,1,29.4,0
MPLAD107076,Jharkhand,Jamshedpur,MP_046,Vendor_120,794862.52,195621.39,0.24610720102892764,0,0,0,0,0,1,16.0,0
MPLAD107077,Kerala,Kochi,MP_104,Vendor_066,600979.1,580429.59,0.9658066145727863,0,0,0,0,0,-1,63.1,1
MPLAD107078,Punjab,Ludhiana,MP_101,Vendor_029,1402647.14,746871.44,0.5324727928365505,0,0,0,0,0,1,32.0,0
MPLAD107079,Karnataka,Mysuru,MP_034,Vendor_019,1958868.2,39359.53,0.02009299553691259,0,1,0,0,0,1,85.0,1
MPLAD107080,Jharkhand,Ranchi,MP_109,Vendor_088,498846.17,426510.1,0.854993233685647,0,0,0,0,0,1,10.7,0
MPLAD107081,Kerala,Thiruvananthapuram,MP_134,Vendor_069,617784.55,568189.75,0.9197215275131111,0,0,0,0,0,1,30.0,0
MPLAD107082,Gujarat,Vadodara,MP_040,Vendor_078,1807675.35,1593084.64,0.8812891319229417,0,0,0,0,0,1,32.6,0
MPLAD107083,Gujarat,Ahmedabad,MP_047,Vendor_045,576125.97,518066.9,0.899225042745426,0,0,0,0,0,1,25.0,0
MPLAD107084,Chhattisgarh,Bilaspur,MP_130,Vendor_019,604433.38,268000.14,0.44339070089080784,0,0,0,0,0,1,18.4,0
MPLAD107085,Maharashtra,Pune,MP_127,Vendor_111,1054081.96,977628.57,0.9274692169098502,0,0,0,0,0,-1,50.3,1
MPLAD107086,Chhattisgarh,Bilaspur,MP_103,Vendor_081,1055229.51,454100.4,0.43033330256277613,0,0,0,0,0,-1,60.4,1
MPLAD107087,West Bengal,Kolkata,MP_054,Vendor_034,1122802.6,573099.94,0.5104191422428127,0,0,0,0,0,1,12.6,0
MPLAD107088,Assam,Silchar,MP_076,Vendor_108,1119036.51,321723.19,0.287500172804907,0,0,0,0,0,1,28.5,0
MPLAD107089,Assam,Silchar,MP_088,Vendor_079,980547.0,308297.56,0.31441385267610833,0,0,0,0,0,-1,41.2,1
MPLAD107090,Gujarat,Ahmedabad,MP_027,Vendor_100,4257849.13,0.0,0.0,0,1,0,0,1,-1,85.0,1
MPLAD107091,Gujarat,Ahmedabad,MP_021,Vendor_097,410368.73,371756.83,0.9059092538556728,0,0,0,0,0,-1,70.5,1
MPLAD107092,Bihar,Bhagalpur,MP_110,Vendor_118,1030307.73,0.0,0.0,0,0,0,0,1,1,60.0,1
MPLAD107093,Assam,Guwahati,MP_148,Vendor_005,1184432.0,1169612.0,0.9874876734164562,0,0,0,1,0,-1,80.0,1
MPLAD107094,Tamil Nadu,Madurai,MP_042,Vendor_025,2213612.89,553804.19,0.2501811371364032,0,0,0,0,0,1,27.8,0
MPLAD107095,Punjab,Ludhiana,MP_101,Vendor_056,2006385.74,249443.61,0.12432485191008186,0,0,0,0,0,1,23.6,0
MPLAD107096,Kerala,Kochi,MP_108,Vendor_101,1386288.67,0.0,0.0,0,1,0,0,1,1,85.0,1
MPLAD107097,Gujarat,Surat,MP_097,Vendor_089,3077478.48,1582067.53,0.5140791528784305,0,0,0,0,0,1,30.3,0
MPLAD107098,Bihar,Gaya,MP_072,Vendor_042,517001.42,0.0,0.0,0,0,0,0,1,1,60.0,1
MPLAD107099,Bihar,Patna,MP_120,Vendor_054,1685769.94,515361.24,0.3057126763097935,0,0,0,0,0,1,33.7,0
MPLAD107100,Gujarat,Ahmedabad,MP_002,Vendor_080,1149580.44,1149580.44,1.0,0,0,0,0,0,-1,67.6,1
MPLAD107101,Kerala,Kochi,MP_086,Vendor_001,3000000.0,3000000.0,1.0,0,0,0,0,1,-1,60.0,1
MPLAD107102,Punjab,Jalandhar,MP_146,Vendor_073,927517.33,844651.88,0.9106588660720766,0,0,0,0,0,-1,42.4,1
MPLAD107103,Haryana,Panipat,MP_026,Vendor_085,1876530.41,0.0,0.0,0,0,0,0,1,1,60.0,1
MPLAD107104,Rajasthan,Udaipur,MP_023,Vendor_044,2732215.32,989313.3,0.36209199646827256,0,0,0,0,0,1,26.4,0
MPLAD107105,Punjab,Jalandhar,MP_146,Vendor_047,2682893.52,0.0,0.0,0,0,0,0,1,-1,60.0,1
MPLAD107106,Kerala,Thiruvananthapuram,MP_083,Vendor_065,411867.5,74327.96,0.18046570802503234,0,0,0,0,0,1,32.5,0
MPLAD107107,Gujarat,Surat,MP_053,Vendor_006,498171.39,0.0,0.0,0,0,0,0,1,-1,60.0,1
MPLAD107108,Haryana,Faridabad,MP_137,Vendor_119,1699129.41,1645317.42,0.968329669486446,0,0,0,0,0,-1,42.6,1
MPLAD107109,Punjab,Ludhiana,MP_030,Vendor_099,2174745.94,2069467.29,0.951590368298377,0,0,0,0,0,-1,61.7,1
MPLAD107110,Punjab,Amritsar,MP_098,Vendor_109,2837272.51,1779489.78,0.6271832450806779,0,0,0,0,0,1,18.2,0
MPLAD107111,West Bengal,Kolkata,MP_057,Vendor_039,2248359.77,0.0,0.0,0,0,0,0,1,1,60.0,1
MPLAD107112,Odisha,Cuttack,MP_039,Vendor_021,1342447.9,1266754.82,0.9436156293290787,0,0,0,0,0,1,14.5,0
MPLAD107113,Punjab,Amritsar,MP_064,Vendor_021,1533678.43,431871.11,0.2815916958550431,0,0,0,0,0,1,30.9,0
MPLAD107114,West Bengal,Kolkata,MP_054,Vendor_076,2938000.03,2938000.03,1.0,0,0,0,0,0,1,16.3,0
MPLAD107115,Assam,Guwahati,MP_133,Vendor_086,2090268.11,2090268.11,1.0,0,0,0,0,0,-1,46.0,1
MPLAD107116,Karnataka,Hubballi,MP_029,Vendor_069,757807.17,675952.41,0.8919847116252542,0,0,0,0,0,-1,62.2,1
MPLAD107117,Andhra Pradesh,Vijayawada,MP_116,Vendor_022,1135499.76,472706.3,0.4162980184161377,0,0,0,0,0,1,35.2,0
MPLAD107118,Madhya Pradesh,Indore,MP_150,Vendor_046,1256668.06,0.0,0.0,0,0,0,0,1,-1,60.0,1
MPLAD107119,Assam,Guwahati,MP_024,Vendor_056,2019027.1,39108.83,0.019370136240370425,0,1,0,0,0,1,85.0,1
MPLAD107120,Rajasthan,Jaipur,MP_121,Vendor_039,290285.24,162929.37,0.5612733530647304,0,0,0,0,0,1,20.1,0
MPLAD107121,Punjab,Amritsar,MP_098,Vendor_015,3837373.82,1838287.4,0.47904829871383237,0,0,0,0,0,1,23.7,0
MPLAD107122,Gujarat,Vadodara,MP_040,Vendor_042,1643962.34,0.0,0.0,0,0,0,0,1,1,60.0,1
MPLAD107123,Kerala,Thiruvananthapuram,MP_102,Vendor_044,2961492.51,1735486.85,0.5860176394638257,0,0,0,0,0,1,21.2,0
MPLAD107124,Punjab,Amritsar,MP_098,Vendor_061,707041.41,41334.02,0.05846053627891469,0,0,0,0,0,-1,48.9,1
MPLAD107125,Karnataka,Mysuru,MP_019,Vendor_019,1303333.47,115967.68,0.08897775026064511,0,0,0,0,0,1,21.2,0
MPLAD107126,Maharashtra,Pune,MP_014,Vendor_040,3712476.08,2507233.93,0.6753535581029252,0,0,0,0,0,1,21.8,0
MPLAD107127,Karnataka,Mysuru,MP_034,Vendor_053,1385728.83,1349773.54,0.974053155840021,0,0,0,0,0,1,26.7,0
MPLAD107128,Punjab,Jalandhar,MP_115,Vendor_021,1675264.47,1570239.67,0.937308525381667,0,0,0,0,0,1,25.0,0
MPLAD107129,Punjab,Jalandhar,MP_114,Vendor_001,1543044.22,1250232.37,0.8102375510664238,0,0,0,0,0,1,24.4,0
MPLAD107130,Andhra Pradesh,Vijayawada,MP_116,Vendor_104,2755299.7,2473094.69,0.8975773815095323,0,0,0,0,0,1,37.2,0
MPLAD107131,Haryana,Gurugram,MP_003,Vendor_079,1340752.94,215650.53,0.1608428544635524,0,0,0,0,0,-1,46.6,1
MPLAD107132,Gujarat,Ahmedabad,MP_047,Vendor_105,1507465.78,448822.25,0.29773296081055983,0,0,0,0,0,1,20.6,0
MPLAD107133,Bihar,Bhagalpur,MP_018,Vendor_086,1552663.66,1329031.51,0.8559687099265272,0,0,0,0,0,1,16.8,0
MPLAD107134,Tamil Nadu,Madurai,MP_042,Vendor_059,633979.28,0.0,0.0,0,0,0,0,1,1,60.0,1
MPLAD107135,Maharashtra,Mumbai,MP_067,Vendor_058,641173.05,558802.28,0.8715311412418223,0,0,0,0,0,-1,51.1,1
MPLAD107136,Maharashtra,Mumbai,MP_069,Vendor_098,845786.15,793838.21,0.9385802900650477,0,0,0,0,0,1,33.5,0
MPLAD107137,Telangana,Hyderabad,MP_143,Vendor_093,2124097.29,2124097.29,1.0,0,0,0,0,0,1,34.3,0
MPLAD107138,Chhattisgarh,Bilaspur,MP_081,Vendor_035,898721.76,828019.03,0.9213296782755099,0,0,0,0,0,-1,66.5,1
MPLAD107139,Tamil Nadu,Madurai,MP_125,Vendor_025,759131.97,0.0,0.0,0,0,0,0,1,1,60.0,1
MPLAD107140,Telangana,Hyderabad,MP_041,Vendor_074,1135961.38,984865.49,0.8669885326559255,0,0,0,0,0,-1,66.6,1
MPLAD107141,Maharashtra,Pune,MP_014,Vendor_064,1922930.69,0.0,0.0,0,0,0,0,1,1,60.0,1
MPLAD107142,Jharkhand,Ranchi,MP_035,Vendor_082,1209259.23,616368.18,0.5097072362226254,0,0,0,0,0,1,23.4,0
MPLAD107143,Punjab,Ludhiana,MP_149,Vendor_090,1211940.68,559880.51,0.46197022613351013,0,0,0,0,0,1,32.7,0
MPLAD107144,Jharkhand,Jamshedpur,MP_132,Vendor_058,1139455.64,0.0,0.0,0,0,0,0,1,1,60.0,1
MPLAD107145,Rajasthan,Jodhpur,MP_063,Vendor_027,1291246.95,1134807.13,0.8788459326080111,0,0,0,0,0,1,21.8,0
MPLAD107146,Jharkhand,Jamshedpur,MP_046,Vendor_041,1004063.27,66886.33,0.06661565261719014,0,0,0,0,0,1,20.4,0
MPLAD107147,Rajasthan,Udaipur,MP_044,Vendor_102,1032761.01,883597.13,0.8555678626945841,0,0,0,0,0,1,24.9,0
MPLAD107148,West Bengal,Kolkata,MP_009,Vendor_093,780251.61,225552.51,0.28907663516388005,0,0,0,0,0,1,12.6,0
MPLAD107149,Bihar,Bhagalpur,MP_110,Vendor_097,285389.35,89130.81,0.31231302079071976,0,0,0,0,0,-1,64.4,1
MPLAD107150,Kerala,Kochi,MP_022,Vendor_011,646710.51,0.0,0.0,0,0,0,0,1,-1,63.2,1
MPLAD107151,Gujarat,Ahmedabad,MP_047,Vendor_034,2274868.52,1895215.48,0.8331098977096048,0,0,0,0,0,1,29.1,0
MPLAD107152,Madhya Pradesh,Indore,MP_038,Vendor_034,1393022.71,534002.26,0.3833406707346501,0,0,0,0,0,-1,46.1,1
MPLAD107153,Odisha,Bhubaneswar,MP_092,Vendor_107,1345212.5,536629.06,0.39891768772591696,0,0,0,0,0,1,38.3,0
MPLAD107154,Punjab,Ludhiana,MP_124,Vendor_099,1660055.41,831224.69,0.5007210512328621,0,0,0,0,0,1,27.6,0
MPLAD107155,Kerala,Kozhikode,MP_043,Vendor_108,1588123.45,1354867.53,0.8531248184768004,0,0,0,0,0,-1,44.2,1
MPLAD107156,Telangana,Hyderabad,MP_142,Vendor_058,506037.92,312146.39,0.6168438720955932,0,0,0,0,0,1,34.8,0
MPLAD107157,Tamil Nadu,Chennai,MP_066,Vendor_114,1637832.84,795634.49,0.48578491685390796,0,0,0,0,0,1,13.3,0
MPLAD107158,Telangana,Hyderabad,MP_140,Vendor_079,3830284.32,3512652.62,0.9170735972936861,0,0,0,0,0,-1,39.3,1
MPLAD107159,Odisha,Rourkela,MP_090,Vendor_028,1869657.75,1796985.3,0.9611306133435384,0,0,0,0,0,1,36.5,0
MPLAD107160,Madhya Pradesh,Indore,MP_150,Vendor_079,3012792.38,2992637.72,0.9933103057038402,0,0,0,0,0,1,32.5,0
MPLAD107161,Punjab,Ludhiana,MP_101,Vendor_102,2474940.3,2168198.45,0.8760609094288053,0,0,0,0,0,1,16.9,0
MPLAD107162,Gujarat,Surat,MP_053,Vendor_071,2748514.45,1267471.12,0.46114770107903197,0,0,0,0,0,1,26.6,0
MPLAD107163,Uttar Pradesh,Varanasi,MP_096,Vendor_061,1737891.95,1306758.33,0.7519215046712197,0,0,0,0,0,-1,50.6,1
MPLAD107164,Gujarat,Vadodara,MP_093,Vendor_057,5176052.68,3730212.15,0.7206673464536687,0,0,0,0,0,1,37.8,0
MPLAD107165,Jharkhand,Jamshedpur,MP_132,Vendor_118,1050830.74,341492.64,0.32497397249722637,0,0,0,0,0,-1,44.9,1
MPLAD107166,West Bengal,Siliguri,MP_111,Vendor_087,576781.53,565592.32,0.9806006097317297,0,0,0,0,0,1,10.9,0
MPLAD107167,Haryana,Gurugram,MP_003,Vendor_101,1482716.92,685613.73,0.4624036596277596,0,0,0,0,0,1,5.8,0
MPLAD107168,Maharashtra,Nashik,MP_011,Vendor_097,1361305.42,0.0,0.0,0,0,0,0,1,-1,73.2,1
MPLAD107169,Haryana,Gurugram,MP_138,Vendor_076,2938140.83,2662512.87,0.9061896702888813,0,0,0,0,0,1,29.3,0
MPLAD107170,Tamil Nadu,Coimbatore,MP_037,Vendor_003,635833.68,307069.68,0.48294025569705584,0,0,0,0,0,1,23.2,0
MPLAD107171,Jharkhand,Ranchi,MP_107,Vendor_117,2411074.43,849008.8,0.3521288225017591,0,0,0,0,0,1,5.7,0
MPLAD107172,Punjab,Jalandhar,MP_045,Vendor_111,368169.57,368169.57,1.0,0,0,0,0,0,1,36.8,0
MPLAD107173,Kerala,Kochi,MP_008,Vendor_022,1474476.97,1228420.6,0.833122947996943,0,0,0,0,0,-1,50.7,1
MPLAD107174,Gujarat,Ahmedabad,MP_015,Vendor_102,2255578.95,966124.97,0.4283268249156164,0,0,0,0,0,1,16.2,0
MPLAD107175,Uttar Pradesh,Varanasi,MP_096,Vendor_003,1338364.82,0.0,0.0,0,0,0,0,1,1,60.0,1
MPLAD107176,Odisha,Bhubaneswar,MP_092,Vendor_045,1052241.25,0.0,0.0,0,0,0,0,1,1,60.0,1
MPLAD107177,Kerala,Kochi,MP_085,Vendor_058,2321377.02,2196408.05,0.9461660174442494,0,0,0,0,0,-1,40.6,1
MPLAD107178,Kerala,Thiruvananthapuram,MP_074,Vendor_041,1889182.43,1845847.04,0.9770612994743976,0,0,0,0,0,1,36.7,0
MPLAD107179,Madhya Pradesh,Bhopal,MP_033,Vendor_102,558458.55,0.0,0.0,0,0,0,0,1,1,60.0,1
MPLAD107180,Karnataka,Hubballi,MP_029,Vendor_089,524975.6,524790.03,0.9996465169047858,0,0,0,0,0,-1,70.2,1
MPLAD107181,Punjab,Jalandhar,MP_045,Vendor_007,1910909.15,0.0,0.0,0,0,0,0,1,1,60.0,1
MPLAD107182,Maharashtra,Mumbai,MP_067,Vendor_021,607787.69,599594.66,0.9865199145445017,0,0,0,0,0,-1,41.0,1
MPLAD107183,Uttar Pradesh,Lucknow,MP_049,Vendor_069,1745001.56,0.0,0.0,0,0,0,0,1,-1,60.0,1
MPLAD107184,Chhattisgarh,Raipur,MP_048,Vendor_024,2755006.34,1942173.16,0.7049614121759153,0,0,0,0,0,-1,39.7,1
MPLAD107185,Punjab,Jalandhar,MP_115,Vendor_072,1070715.81,0.0,0.0,0,0,0,0,1,1,60.0,1
MPLAD107186,Chhattisgarh,Bilaspur,MP_081,Vendor_097,516392.6,213981.0,0.41437658091924634,0,0,0,0,0,-1,51.8,1
MPLAD107187,Kerala,Kochi,MP_085,Vendor_091,3071971.66,0.0,0.0,0,0,0,0,1,-1,60.0,1
MPLAD107188,Assam,Guwahati,MP_024,Vendor_027,2186723.99,1311449.77,0.5997326484720186,0,0,0,0,0,1,11.5,0
MPLAD107189,Tamil Nadu,Chennai,MP_066,Vendor_083,1893445.92,1495803.91,0.7899902998021723,0,0,0,0,0,1,23.6,0
MPLAD107190,Chhattisgarh,Bilaspur,MP_058,Vendor_117,2234339.05,2138479.45,0.9570971111121208,0,0,0,0,0,1,37.1,0
MPLAD107191,Gujarat,Vadodara,MP_093,Vendor_048,1994336.74,814424.03,0.4083683631080276,0,0,0,0,0,1,16.5,0
MPLAD107192,Chhattisgarh,Bilaspur,MP_103,Vendor_016,1054367.98,367672.6,0.34871373844262604,0,0,0,0,0,1,30.2,0
MPLAD107193,Assam,Silchar,MP_076,Vendor_043,2119942.65,2095082.6,0.9882732440898815,0,0,0,0,0,-1,40.8,1
MPLAD107194,Assam,Dibrugarh,MP_131,Vendor_119,547434.7,500183.35,0.9136858697484833,0,0,0,0,0,1,33.7,0
MPLAD107195,Chhattisgarh,Raipur,MP_020,Vendor_117,3925997.29,0.0,0.0,0,0,0,0,1,1,60.0,1
MPLAD107196,Punjab,Jalandhar,MP_045,Vendor_099,903763.41,883792.42,0.977902413641641,0,0,0,0,0,-1,79.1,1
MPLAD107197,Tamil Nadu,Coimbatore,MP_128,Vendor_061,4138245.82,3626024.2,0.8762225246445123,0,0,0,0,0,-1,49.7,1
MPLAD107198,Gujarat,Surat,MP_053,Vendor_066,962420.31,828867.82,0.8612326770202926,0,0,0,0,0,1,27.2,0
MPLAD107199,Odisha,Rourkela,MP_013,Vendor_068,1400795.98,0.0,0.0,0,0,0,0,1,1,60.0,1
MPLAD107200,Assam,Dibrugarh,MP_123,Vendor_100,3720006.44,1197712.09,0.3219650582110283,0,0,0,0,0,1,33.2,0
MPLAD107201,Maharashtra,Pune,MP_127,Vendor_062,323202.3,347168.3,1.0741517000343128,0,0,1,0,0,1,90.0,1
MPLAD107202,Rajasthan,Udaipur,MP_052,Vendor_088,721080.77,669935.63,0.9290715518595788,0,0,0,0,0,1,16.8,0
MPLAD107203,Karnataka,Hubballi,MP_029,Vendor_019,544642.07,0.0,0.0,0,0,0,0,1,1,60.0,1
MPLAD107204,Gujarat,Ahmedabad,MP_002,Vendor_025,1387738.73,1300065.23,0.9368227620194761,0,0,0,0,0,-1,43.3,1
MPLAD107205,Jharkhand,Ranchi,MP_109,Vendor_030,1751487.19,308801.49,0.17630816357840448,0,0,0,0,0,1,22.8,0
MPLAD107206,Tamil Nadu,Madurai,MP_136,Vendor_020,2311683.32,0.0,0.0,0,0,0,0,1,1,60.0,1
MPLAD107207,Gujarat,Surat,MP_006,Vendor_067,3027057.95,1003980.43,0.331668718136037,0,0,0,0,0,1,33.6,0
MPLAD107208,West Bengal,Kolkata,MP_009,Vendor_048,5768745.76,5670040.47,0.9828896446287485,0,0,0,0,0,-1,52.9,1
MPLAD107209,Maharashtra,Nashik,MP_011,Vendor_052,2170287.77,1012618.01,0.4665823693970316,0,0,0,0,0,-1,51.4,1
MPLAD107210,Jharkhand,Jamshedpur,MP_031,Vendor_078,1396111.84,1348609.75,0.9659754407641152,0,0,0,0,0,1,33.8,0
MPLAD107211,Rajasthan,Jaipur,MP_121,Vendor_016,2269122.05,949116.34,0.418274697916756,0,0,0,0,0,1,26.3,0
MPLAD107212,West Bengal,Siliguri,MP_071,Vendor_066,1029531.26,0.0,0.0,0,0,0,0,1,1,60.0,1
MPLAD107213,Karnataka,Mysuru,MP_019,Vendor_088,627266.64,0.0,0.0,0,0,0,0,1,1,60.0,1
MPLAD107214,Kerala,Kochi,MP_082,Vendor_075,961742.97,0.0,0.0,0,0,0,0,1,-1,60.0,1
MPLAD107215,Maharashtra,Mumbai,MP_105,Vendor_033,1277485.88,720599.02,0.5640759176140562,0,0,0,0,0,-1,49.2,1
MPLAD107216,Odisha,Bhubaneswar,MP_092,Vendor_012,2027897.83,0.0,0.0,0,0,0,0,1,1,60.0,1
MPLAD107217,Rajasthan,Udaipur,MP_044,Vendor_024,1403364.54,1199325.65,0.8546073495629296,0,0,0,0,0,1,25.4,0
MPLAD107218,Punjab,Ludhiana,MP_030,Vendor_089,2280485.37,1906875.04,0.8361706964162633,0,0,0,0,0,-1,44.3,1
MPLAD107219,Telangana,Hyderabad,MP_041,Vendor_002,1883346.68,826931.69,0.4390756618425663,0,0,0,0,0,-1,51.5,1
MPLAD107220,Maharashtra,Mumbai,MP_067,Vendor_073,1380803.19,1281577.26,0.9281389768515816,0,0,0,0,0,1,17.2,0
MPLAD107221,Uttar Pradesh,Varanasi,MP_096,Vendor_062,1436503.29,1413412.14,0.983925445795533,0,0,0,0,0,1,35.2,0
MPLAD107222,Andhra Pradesh,Vijayawada,MP_116,Vendor_045,988835.22,759667.41,0.7682446929833264,0,0,0,0,0,1,24.7,0
MPLAD107223,Rajasthan,Jodhpur,MP_063,Vendor_092,1728845.87,1563145.02,0.9041552211938939,0,0,0,0,0,1,17.5,0
MPLAD107224,Odisha,Cuttack,MP_017,Vendor_078,1264400.04,0.0,0.0,0,0,0,0,1,1,60.0,1
MPLAD107225,Assam,Guwahati,MP_024,Vendor_107,2004137.4,527842.7,0.2633765030281856,0,0,0,0,0,1,27.8,0
MPLAD107226,Rajasthan,Jodhpur,MP_099,Vendor_045,1256618.68,1476442.82,1.174933051289672,0,0,1,0,0,1,90.0,1
MPLAD107227,Gujarat,Surat,MP_122,Vendor_076,1939388.22,535149.15,0.275937094224487,0,0,0,0,0,1,21.6,0
MPLAD107228,Punjab,Ludhiana,MP_101,Vendor_103,827162.07,730867.24,0.8835840840719401,0,0,0,0,0,-1,58.6,1
MPLAD107229,Punjab,Jalandhar,MP_144,Vendor_028,3348549.64,2203186.3,0.6579524083149025,0,0,0,0,0,1,19.5,0
MPLAD107230,Assam,Silchar,MP_016,Vendor_052,2170903.96,2105405.44,0.9698289186408781,0,0,0,0,0,-1,40.9,1
MPLAD107231,Kerala,Kochi,MP_008,Vendor_120,576095.48,317440.66,0.5510209175742882,0,0,0,0,0,1,37.1,0
MPLAD107232,Gujarat,Ahmedabad,MP_002,Vendor_043,1199039.59,193423.53,0.16131538242202662,0,0,0,0,0,1,28.6,0
MPLAD107233,Punjab,Jalandhar,MP_114,Vendor_097,1017565.83,997783.42,0.9805590857939875,0,0,0,0,0,-1,78.5,1
MPLAD107234,Madhya Pradesh,Indore,MP_150,Vendor_021,2273453.52,2032471.34,0.8940017124255965,0,0,0,0,0,-1,43.5,1
MPLAD107235,Chhattisgarh,Raipur,MP_005,Vendor_013,1222822.34,0.0,0.0,0,0,0,0,1,1,60.0,1
MPLAD107236,Madhya Pradesh,Bhopal,MP_084,Vendor_008,1194858.02,318794.56,0.2668053899826525,0,0,0,0,0,-1,50.0,1
MPLAD107237,Jharkhand,Jamshedpur,MP_132,Vendor_025,369349.41,0.0,0.0,0,0,0,0,1,1,60.0,1
MPLAD107238,Kerala,Kochi,MP_108,Vendor_120,599055.42,294007.37,0.49078492604240187,0,0,0,0,0,1,26.7,0
MPLAD107239,Kerala,Kochi,MP_082,Vendor_010,5365708.48,4931301.86,0.9190402121883446,0,0,0,0,0,-1,61.0,1
MPLAD107240,Jharkhand,Jamshedpur,MP_132,Vendor_036,447795.26,447795.26,1.0,0,0,0,0,0,-1,43.8,1
MPLAD107241,Odisha,Rourkela,MP_090,Vendor_039,829475.21,170778.07,0.2058868884098417,0,0,0,0,0,1,16.8,0
MPLAD107242,Gujarat,Surat,MP_097,Vendor_109,2782357.25,457992.88,0.16460606559420074,0,0,0,0,0,1,13.7,0
MPLAD107243,Andhra Pradesh,Vijayawada,MP_116,Vendor_003,497893.04,222019.41,0.44591788228250795,0,0,0,0,0,1,27.6,0
MPLAD107244,Assam,Guwahati,MP_024,Vendor_004,1198125.58,666941.78,0.5566543199920663,0,0,0,0,0,1,14.9,0
MPLAD107245,West Bengal,Siliguri,MP_111,Vendor_011,508673.65,143624.9,0.28235175932545353,0,0,0,0,0,-1,57.0,1
MPLAD107246,Kerala,Kochi,MP_008,Vendor_054,3299629.08,0.0,0.0,0,1,0,0,1,-1,85.0,1
MPLAD107247,Assam,Dibrugarh,MP_065,Vendor_017,1495322.22,1047205.87,0.7003212123738789,0,0,0,0,0,1,16.1,0
MPLAD107248,Jharkhand,Ranchi,MP_035,Vendor_028,747723.07,0.0,0.0,0,0,0,0,1,1,60.0,1
MPLAD107249,Tamil Nadu,Coimbatore,MP_037,Vendor_068,532116.52,189803.18,0.3566947705363479,0,0,0,0,0,1,23.1,0
MPLAD107250,Punjab,Ludhiana,MP_030,Vendor_041,1881807.45,1741756.46,0.9255763441684748,0,0,0,0,0,1,38.7,0
MPLAD107251,Kerala,Kochi,MP_073,Vendor_009,3001716.82,0.0,0.0,0,1,0,0,1,1,85.0,1
MPLAD107252,Odisha,Cuttack,MP_079,Vendor_077,1903385.71,1599784.22,0.8404939742875341,0,0,0,0,0,1,14.5,0
MPLAD107253,Tamil Nadu,Madurai,MP_125,Vendor_016,2558609.4,2000320.14,0.7817997307443645,0,0,0,0,0,1,35.4,0
MPLAD107254,West Bengal,Siliguri,MP_111,Vendor_011,449633.49,168121.51,0.3739078910692351,0,0,0,0,0,-1,56.5,1
MPLAD107255,Maharashtra,Pune,MP_127,Vendor_002,1671631.58,26088.36,0.015606524973642816,0,1,0,0,0,1,85.0,1
MPLAD107256,Haryana,Faridabad,MP_055,Vendor_007,1856663.86,948593.27,0.5109127669453317,0,0,0,0,0,-1,40.1,1
MPLAD107257,Assam,Guwahati,MP_133,Vendor_067,1591666.91,0.0,0.0,0,0,0,0,1,1,60.0,1
MPLAD107258,Maharashtra,Mumbai,MP_061,Vendor_085,1071427.77,1057776.45,0.9872587584695512,0,0,0,0,0,1,10.7,0
MPLAD107259,Rajasthan,Jaipur,MP_121,Vendor_011,1207902.84,1099168.9,0.9099812200126955,0,0,0,0,0,-1,83.1,1
MPLAD107260,Madhya Pradesh,Indore,MP_150,Vendor_080,540833.41,0.0,0.0,0,0,0,0,1,-1,60.0,1
MPLAD107261,Punjab,Amritsar,MP_064,Vendor_004,2629448.37,1259168.18,0.47887161214730367,0,0,0,0,0,-1,44.7,1
MPLAD107262,Gujarat,Surat,MP_122,Vendor_097,525460.0,462017.5,0.8792629315266624,0,0,0,0,0,-1,62.5,1
MPLAD107263,Gujarat,Ahmedabad,MP_027,Vendor_062,1588658.15,1536181.41,0.9669678841857828,0,0,0,0,0,-1,57.0,1
MPLAD107264,Karnataka,Hubballi,MP_029,Vendor_057,890898.4,429129.2,0.4816814128300152,0,0,0,0,0,1,19.8,0
MPLAD107265,Punjab,Ludhiana,MP_149,Vendor_046,859582.82,485992.9,0.5653822862583504,0,0,0,0,0,1,34.7,0
MPLAD107266,Jharkhand,Ranchi,MP_035,Vendor_116,558908.5,511320.33,0.9148551686009427,0,0,0,0,0,-1,64.6,1
MPLAD107267,Odisha,Cuttack,MP_010,Vendor_067,7226382.52,2682894.56,0.3712638450254638,0,0,0,0,0,1,21.3,0
MPLAD107268,Haryana,Faridabad,MP_137,Vendor_118,526870.81,136080.11,0.25827984283281885,0,0,0,0,0,1,12.6,0
MPLAD107269,Punjab,Amritsar,MP_012,Vendor_001,1725003.71,687938.94,0.39880432489040846,0,0,0,0,0,-1,42.3,1
MPLAD107270,Gujarat,Vadodara,MP_025,Vendor_061,2125883.46,564171.37,0.2653820779056252,0,0,0,0,0,1,31.8,0
MPLAD107271,Gujarat,Ahmedabad,MP_047,Vendor_090,1790550.85,1108855.67,0.6192818651310572,0,0,0,0,0,1,38.0,0
MPLAD107272,Assam,Guwahati,MP_148,Vendor_112,3285371.03,3285371.03,1.0,0,0,0,0,0,1,31.7,0
MPLAD107273,Bihar,Bhagalpur,MP_077,Vendor_086,1766121.97,384850.02,0.21790681874593296,0,0,0,0,0,1,15.6,0
MPLAD107274,Haryana,Panipat,MP_026,Vendor_053,1295944.13,1112840.62,0.8587103365327949,0,0,0,0,0,1,31.0,0
MPLAD107275,Bihar,Gaya,MP_072,Vendor_051,1558986.59,716621.18,0.4596711636884574,0,0,0,0,0,-1,49.1,1
MPLAD107276,West Bengal,Kolkata,MP_057,Vendor_104,3522566.37,1710112.37,0.485473427715714,0,0,0,0,0,1,7.9,0
MPLAD107277,Odisha,Cuttack,MP_017,Vendor_043,750422.0,615081.83,0.8196479181047464,0,0,0,0,0,1,22.6,0
MPLAD107278,Jharkhand,Ranchi,MP_035,Vendor_081,609102.42,609102.42,1.0,0,0,0,0,0,1,38.3,0
MPLAD107279,Gujarat,Surat,MP_122,Vendor_018,353983.96,175653.66,0.49621926372031094,0,0,0,0,0,1,22.5,0
MPLAD107280,Karnataka,Mysuru,MP_034,Vendor_109,1475802.91,0.0,0.0,0,0,0,0,1,1,60.0,1
MPLAD107281,Assam,Dibrugarh,MP_131,Vendor_023,2010320.65,1721246.49,0.8562049491955426,0,0,0,0,0,1,34.2,0
MPLAD107282,Punjab,Jalandhar,MP_144,Vendor_102,952509.24,797471.37,0.837232161653361,0,0,0,0,0,1,26.8,0
MPLAD107283,Madhya Pradesh,Bhopal,MP_084,Vendor_078,2529375.43,1885945.08,0.745616905118747,0,0,0,0,0,1,34.6,0
MPLAD107284,Kerala,Kochi,MP_085,Vendor_090,4399645.65,1741298.34,0.3957814966303025,0,0,0,0,0,1,22.3,0
MPLAD107285,Odisha,Rourkela,MP_090,Vendor_120,609762.8,129824.24,0.212909413299729,0,0,0,0,0,1,10.7,0
MPLAD107286,Kerala,Kochi,MP_008,Vendor_063,1254625.93,903426.87,0.7200766765596819,0,0,0,0,0,1,20.2,0
MPLAD107287,Kerala,Kochi,MP_082,Vendor_040,2460494.1,833958.26,0.33893934555665056,0,0,0,0,0,1,24.7,0
MPLAD107288,Madhya Pradesh,Bhopal,MP_033,Vendor_068,1658752.95,387373.07,0.23353270901492595,0,0,0,0,0,1,28.6,0
MPLAD107289,Kerala,Thiruvananthapuram,MP_083,Vendor_021,504750.97,504750.97,1.0,0,0,0,0,0,-1,44.6,1
MPLAD107290,Tamil Nadu,Coimbatore,MP_078,Vendor_037,889656.34,798629.34,0.8976829637385599,0,0,0,0,0,-1,40.2,1
MPLAD107291,Haryana,Faridabad,MP_112,Vendor_018,507923.98,210736.15,0.41489702848839705,0,0,0,0,0,1,8.8,0
MPLAD107292,Kerala,Kochi,MP_108,Vendor_087,1826579.25,1826579.25,1.0,0,0,0,0,0,-1,49.8,1
MPLAD107293,Tamil Nadu,Madurai,MP_125,Vendor_030,1073591.3,345200.91,0.321538475581909,0,0,0,0,0,1,11.7,0
MPLAD107294,West Bengal,Kolkata,MP_089,Vendor_104,1344852.6,221254.42,0.1645194573739903,0,0,0,0,0,1,11.3,0
MPLAD107295,Bihar,Bhagalpur,MP_018,Vendor_026,1483923.07,1256510.99,0.8467494140380202,0,0,0,0,0,1,35.7,0
MPLAD107296,Assam,Dibrugarh,MP_117,Vendor_094,632689.77,177977.96,0.2813036790526896,0,0,0,0,0,1,6.2,0
MPLAD107297,Odisha,Cuttack,MP_017,Vendor_089,393022.38,313881.1,0.7986341642936465,0,0,0,0,0,1,27.7,0
MPLAD107298,Maharashtra,Mumbai,MP_067,Vendor_120,385421.92,169249.69,0.43912834537278006,0,0,0,0,0,1,2.4,0
MPLAD107299,Jharkhand,Jamshedpur,MP_046,Vendor_058,642627.69,192762.23,0.2999594212941556,0,0,0,0,0,1,14.1,0
MPLAD107300,Assam,Guwahati,MP_133,Vendor_077,1460019.64,896772.94,0.6142197785777731,0,0,0,0,0,1,31.9,0
MPLAD107301,Karnataka,Mysuru,MP_019,Vendor_054,5530654.96,3552429.6,0.6423162583261206,0,0,0,0,0,-1,41.1,1
MPLAD107302,Assam,Dibrugarh,MP_117,Vendor_097,1364000.01,137532.39,0.10083019720798976,0,0,0,0,0,-1,73.2,1
MPLAD107303,Telangana,Hyderabad,MP_143,Vendor_027,1116051.37,324602.88,0.29084940776516405,0,0,0,0,0,1,19.0,0
MPLAD107304,Tamil Nadu,Madurai,MP_136,Vendor_074,2434104.91,2322453.84,0.9541305432065373,0,0,0,0,0,1,35.1,0
MPLAD107305,West Bengal,Kolkata,MP_001,Vendor_045,2096468.29,602221.02,0.28725501018667926,0,0,0,0,0,1,9.6,0
MPLAD107306,Punjab,Jalandhar,MP_144,Vendor_045,1713939.65,1637957.88,0.955668351566521,0,0,0,0,0,1,37.7,0
MPLAD107307,West Bengal,Siliguri,MP_111,Vendor_082,1219478.79,144823.22,0.11875829345092587,0,0,0,0,0,1,16.5,0
MPLAD107308,Kerala,Thiruvananthapuram,MP_083,Vendor_010,1598687.44,0.0,0.0,0,0,0,0,1,-1,60.0,1
MPLAD107309,Kerala,Kochi,MP_008,Vendor_110,1000741.22,998173.87,0.9974345515616915,0,0,0,0,0,-1,57.3,1
MPLAD107310,Telangana,Hyderabad,MP_041,Vendor_018,1739427.81,0.0,0.0,0,0,0,0,1,1,60.0,1
MPLAD107311,Assam,Dibrugarh,MP_123,Vendor_054,862126.03,497366.33,0.5769067545727624,0,0,0,0,0,-1,53.1,1
MPLAD107312,Punjab,Ludhiana,MP_149,Vendor_109,731475.43,665707.46,0.9100886136394218,0,0,0,0,0,1,25.7,0
MPLAD107313,Punjab,Ludhiana,MP_141,Vendor_013,968984.47,797610.45,0.823140591716604,0,0,0,0,0,1,29.8,0
MPLAD107314,Punjab,Jalandhar,MP_114,Vendor_059,1266172.43,1050124.64,0.8293693774393744,0,0,0,0,0,-1,57.7,1
MPLAD107315,Odisha,Bhubaneswar,MP_092,Vendor_052,819520.37,563072.78,0.6870760027600047,0,0,0,0,0,-1,70.6,1
MPLAD107316,Andhra Pradesh,Vijayawada,MP_116,Vendor_013,827380.83,0.0,0.0,0,0,0,0,1,1,60.0,1
MPLAD107317,Telangana,Hyderabad,MP_041,Vendor_092,1982562.26,840393.93,0.42389283149170814,0,0,0,0,0,1,23.8,0
MPLAD107318,Odisha,Rourkela,MP_090,Vendor_083,1871876.65,1688661.48,0.9021221991310165,0,0,0,0,0,1,28.2,0
MPLAD107319,Jharkhand,Jamshedpur,MP_118,Vendor_040,6998191.04,1719077.6,0.2456459948255428,0,0,0,0,0,-1,45.5,1
MPLAD107320,Odisha,Cuttack,MP_017,Vendor_025,633262.55,633262.55,1.0,0,0,0,0,0,-1,42.3,1
MPLAD107321,Kerala,Kochi,MP_022,Vendor_052,1578740.2,1554085.01,0.9843829972784629,0,0,0,0,0,-1,75.1,1
MPLAD107322,Punjab,Jalandhar,MP_139,Vendor_028,6872647.53,1856154.45,0.2700785165975185,0,0,0,0,0,1,20.2,0
MPLAD107323,Assam,Dibrugarh,MP_117,Vendor_024,1039170.58,291633.18,0.2806403352950966,0,0,0,0,0,1,15.2,0
MPLAD107324,Tamil Nadu,Coimbatore,MP_078,Vendor_013,872438.88,843721.91,0.9670842615358912,0,0,0,0,0,1,21.5,0
MPLAD107325,Haryana,Faridabad,MP_112,Vendor_037,3095806.59,1335103.0,0.43126176044479575,0,0,0,0,0,1,9.1,0
MPLAD107326,Gujarat,Surat,MP_053,Vendor_095,725577.39,344819.47,0.4752345852452761,0,0,0,0,0,1,18.2,0
MPLAD107327,West Bengal,Kolkata,MP_056,Vendor_090,1120672.66,0.0,0.0,0,1,0,0,1,1,85.0,1
MPLAD107328,Rajasthan,Jaipur,MP_121,Vendor_016,2468472.05,0.0,0.0,0,0,0,0,1,1,60.0,1
MPLAD107329,Punjab,Jalandhar,MP_146,Vendor_057,506353.3,169182.25,0.3341189837214451,0,0,0,0,0,1,18.5,0
MPLAD107330,Telangana,Hyderabad,MP_140,Vendor_088,1697575.04,316826.61,0.18663481880600694,0,0,0,0,0,1,20.0,0
MPLAD107331,Karnataka,Mysuru,MP_062,Vendor_033,777391.09,761997.71,0.9801986667997442,0,0,0,0,0,-1,44.4,1
MPLAD107332,Haryana,Gurugram,MP_138,Vendor_106,1449444.73,563954.95,0.3890834457689187,0,0,0,0,0,1,28.4,0
MPLAD107333,Gujarat,Surat,MP_097,Vendor_056,508195.42,485916.35,0.95616042741983,0,0,0,0,0,1,17.4,0
MPLAD107334,Rajasthan,Udaipur,MP_023,Vendor_086,3409674.12,213567.68,0.06263580403396439,0,0,0,0,0,1,36.8,0
MPLAD107335,Punjab,Jalandhar,MP_139,Vendor_060,2373551.62,0.0,0.0,0,0,0,0,1,1,60.0,1
MPLAD107336,West Bengal,Kolkata,MP_001,Vendor_071,1380851.61,480697.52,0.348116710382805,0,0,0,0,0,1,13.7,0
MPLAD107337,Telangana,Hyderabad,MP_041,Vendor_068,856337.06,374865.7,0.4377548485405968,0,0,0,0,0,-1,57.4,1
MPLAD107338,Maharashtra,Mumbai,MP_067,Vendor_034,1676527.83,0.0,0.0,0,0,0,0,1,1,60.0,1
MPLAD107339,Jharkhand,Ranchi,MP_035,Vendor_044,807042.09,407793.13,0.5052935095367826,0,0,0,0,0,1,16.0,0
MPLAD107340,Gujarat,Surat,MP_053,Vendor_087,1636787.18,482294.71,0.294659388766718,0,0,0,0,0,1,11.5,0
MPLAD107341,Gujarat,Ahmedabad,MP_015,Vendor_078,1075201.5,762210.02,0.7088996992656725,0,0,0,0,0,1,25.6,0
MPLAD107342,Maharashtra,Mumbai,MP_069,Vendor_060,1391692.72,1382903.14,0.9936842523685832,0,0,0,0,0,1,35.3,0
MPLAD107343,Punjab,Ludhiana,MP_101,Vendor_109,2894130.94,2520849.0,0.8710210602979837,0,0,0,0,0,1,37.7,0
MPLAD107344,Maharashtra,Nashik,MP_068,Vendor_115,819038.9,656687.56,0.8017782305577916,0,0,0,0,0,1,33.6,0
MPLAD107345,Gujarat,Vadodara,MP_025,Vendor_096,724841.44,679273.21,0.9371335198495274,0,0,0,0,0,1,30.8,0
MPLAD107346,Kerala,Kochi,MP_008,Vendor_083,657926.18,174908.36,0.26584800136696185,0,0,0,0,0,1,29.8,0
MPLAD107347,Rajasthan,Udaipur,MP_023,Vendor_028,1667269.36,22484.66,0.013485919275815156,0,1,0,0,0,1,85.0,1
MPLAD107348,Uttar Pradesh,Lucknow,MP_049,Vendor_044,2262612.03,0.0,0.0,0,0,0,0,1,1,60.0,1
MPLAD107349,Chhattisgarh,Raipur,MP_048,Vendor_097,1930882.34,729012.63,0.37755414449541236,0,0,0,0,0,-1,54.8,1
MPLAD107350,Tamil Nadu,Coimbatore,MP_078,Vendor_006,1934749.19,2519506.79,1.3022394856255244,0,0,1,0,0,1,90.0,1
MPLAD107351,Chhattisgarh,Bilaspur,MP_103,Vendor_115,2609150.59,2289343.06,0.877428489093073,0,0,0,0,0,1,15.5,0
MPLAD107352,Maharashtra,Pune,MP_014,Vendor_015,1239539.59,717727.66,0.5790276210540399,0,0,0,0,0,1,14.6,0
MPLAD107353,Punjab,Jalandhar,MP_115,Vendor_021,2286361.18,743110.94,0.32501905057712704,0,0,0,0,0,1,14.8,0
MPLAD107354,Punjab,Jalandhar,MP_146,Vendor_033,390617.99,81042.18,0.20747170400421136,0,0,0,0,0,-1,62.1,1
MPLAD107355,Chhattisgarh,Bilaspur,MP_080,Vendor_052,835612.44,49189.18,0.05886602166908861,0,0,0,0,0,-1,51.8,1
MPLAD107356,West Bengal,Kolkata,MP_009,Vendor_078,441157.48,132465.55,0.3002681718102116,0,0,0,0,0,1,35.2,0
MPLAD107357,Chhattisgarh,Bilaspur,MP_130,Vendor_111,1784921.82,1729918.33,0.9691843702151616,0,0,0,0,0,-1,63.8,1
MPLAD107358,Kerala,Kochi,MP_073,Vendor_050,808970.62,263311.38,0.3254894225948527,0,0,0,0,0,1,25.1,0
MPLAD107359,Gujarat,Surat,MP_053,Vendor_090,215974.51,107933.5,0.4997511048873314,0,0,0,0,0,1,10.7,0
MPLAD107360,West Bengal,Kolkata,MP_009,Vendor_031,893299.4,539886.35,0.6043733489578074,0,0,0,0,0,1,23.6,0
MPLAD107361,West Bengal,Kolkata,MP_057,Vendor_078,593438.66,530855.21,0.8945409960315022,0,0,0,0,0,1,37.6,0
MPLAD107362,Punjab,Ludhiana,MP_030,Vendor_076,2002362.97,1830015.78,0.9139280976615344,0,0,0,0,0,1,20.1,0
MPLAD107363,West Bengal,Kolkata,MP_009,Vendor_033,2367562.29,1941319.91,0.8199657167203824,0,0,0,0,0,-1,59.9,1
MPLAD107364,Assam,Silchar,MP_129,Vendor_095,926750.04,923696.68,0.9967053036221072,0,0,0,0,0,-1,55.5,1
MPLAD107365,Rajasthan,Jodhpur,MP_099,Vendor_014,718827.33,248656.88,0.34592018085901105,0,0,0,0,0,1,10.5,0
MPLAD107366,Kerala,Thiruvananthapuram,MP_074,Vendor_118,2596418.99,2596418.99,1.0,0,0,0,0,0,1,26.1,0
MPLAD107367,Chhattisgarh,Bilaspur,MP_094,Vendor_034,3627620.09,0.0,0.0,0,0,0,0,1,-1,60.0,1
MPLAD107368,Assam,Silchar,MP_076,Vendor_034,1837358.13,1677381.13,0.912930964634532,0,0,0,0,0,1,17.9,0
MPLAD107369,West Bengal,Kolkata,MP_054,Vendor_116,642696.95,207134.18,0.3222890352910497,0,0,0,0,0,-1,45.9,1
MPLAD107370,Kerala,Kochi,MP_108,Vendor_002,2321089.15,2122056.54,0.9142503380363483,0,0,0,0,0,-1,43.7,1
MPLAD107371,Kerala,Kochi,MP_022,Vendor_039,995086.51,378263.41,0.3801311807553295,0,0,0,0,0,1,30.6,0
MPLAD107372,Haryana,Faridabad,MP_055,Vendor_021,1516852.81,259134.3,0.1708368130985629,0,0,0,0,0,1,16.2,0
MPLAD107373,Gujarat,Ahmedabad,MP_002,Vendor_052,3290453.64,0.0,0.0,0,0,0,0,1,-1,60.0,1
MPLAD107374,Chhattisgarh,Bilaspur,MP_081,Vendor_098,842954.76,0.0,0.0,0,0,0,0,1,1,60.0,1
MPLAD107375,Tamil Nadu,Madurai,MP_087,Vendor_049,821332.8,468523.13,0.5704424929821382,0,0,0,0,0,1,8.4,0
MPLAD107376,Tamil Nadu,Coimbatore,MP_078,Vendor_071,779608.12,227659.71,0.29201813598349896,0,0,0,0,0,1,9.4,0
MPLAD107377,Assam,Silchar,MP_016,Vendor_117,3491453.86,672352.14,0.19257082205863663,0,0,0,0,0,1,6.4,0
MPLAD107378,Madhya Pradesh,Bhopal,MP_033,Vendor_049,712774.73,37793.66,0.053023288297552304,0,0,0,0,0,1,20.4,0
MPLAD107379,West Bengal,Kolkata,MP_001,Vendor_081,703089.49,64044.2,0.0910896847569148,0,0,0,0,0,1,36.4,0
MPLAD107380,Jharkhand,Jamshedpur,MP_046,Vendor_013,817095.89,0.0,0.0,0,1,0,0,1,1,85.0,1
MPLAD107381,Tamil Nadu,Madurai,MP_145,Vendor_051,1717176.85,73899.61,0.043035526597042115,0,1,0,0,0,1,85.0,1
MPLAD107382,Uttar Pradesh,Varanasi,MP_096,Vendor_072,4755390.51,1618547.06,0.34036049333832735,0,0,0,0,0,1,29.5,0
MPLAD107383,West Bengal,Kolkata,MP_089,Vendor_019,4937986.72,0.0,0.0,0,0,0,0,1,1,60.0,1
MPLAD107384,Rajasthan,Jodhpur,MP_063,Vendor_067,619886.96,261545.91,0.42192516842102956,0,0,0,0,0,1,14.3,0
MPLAD107385,Gujarat,Ahmedabad,MP_047,Vendor_077,2966981.33,555349.3,0.18717654013684004,0,0,0,0,0,1,24.8,0
MPLAD107386,Gujarat,Ahmedabad,MP_047,Vendor_022,942648.9,942648.9,1.0,0,0,0,0,0,-1,50.4,1
MPLAD107387,Assam,Guwahati,MP_148,Vendor_013,394327.74,49054.62,0.1244006318196128,0,0,0,0,0,1,17.4,0
MPLAD107388,Punjab,Amritsar,MP_064,Vendor_021,5578203.29,0.0,0.0,0,0,0,0,1,1,60.0,1
MPLAD107389,Tamil Nadu,Madurai,MP_125,Vendor_023,1924759.35,1628281.03,0.8459660320652553,0,0,0,0,0,1,15.9,0
MPLAD107390,Bihar,Bhagalpur,MP_147,Vendor_111,3903579.77,1290725.4,0.33065172893853784,0,0,0,0,0,1,20.9,0
MPLAD107391,Kerala,Thiruvananthapuram,MP_134,Vendor_102,967127.91,966702.28,0.9995599030949277,0,0,0,0,0,-1,48.4,1
MPLAD107392,Punjab,Ludhiana,MP_030,Vendor_070,750244.56,647216.57,0.8626741258876971,0,0,0,0,0,1,33.5,0
MPLAD107393,Chhattisgarh,Raipur,MP_048,Vendor_096,854344.86,309095.95,0.36179295325777466,0,0,0,0,0,1,15.8,0
MPLAD107394,Gujarat,Ahmedabad,MP_002,Vendor_008,1790025.13,622722.95,0.34788503220622385,0,0,0,0,0,-1,40.8,1
MPLAD107395,Madhya Pradesh,Indore,MP_150,Vendor_114,1555809.98,1496265.42,0.9617276140624833,0,0,0,0,0,1,31.0,0
MPLAD107396,Chhattisgarh,Bilaspur,MP_094,Vendor_054,1800964.58,503102.1,0.27935146842254943,0,0,0,0,0,-1,51.8,1
MPLAD107397,Rajasthan,Udaipur,MP_023,Vendor_091,949162.4,914808.55,0.9638061410776492,0,0,0,0,0,-1,49.5,1
MPLAD107398,Gujarat,Ahmedabad,MP_015,Vendor_061,1062393.58,888525.03,0.8363426198415091,0,0,0,0,0,-1,41.9,1
MPLAD107399,Tamil Nadu,Coimbatore,MP_078,Vendor_077,2361225.28,0.0,0.0,0,0,0,0,1,1,60.0,1
MPLAD107400,Haryana,Panipat,MP_026,Vendor_056,546684.35,0.0,0.0,0,1,0,0,1,1,85.0,1
MPLAD107401,Chhattisgarh,Raipur,MP_048,Vendor_097,1341729.19,320662.66,0.23899208751655762,0,0,0,0,0,-1,70.8,1
MPLAD107402,Gujarat,Ahmedabad,MP_021,Vendor_044,2259002.65,2259002.65,1.0,0,0,0,0,0,1,27.7,0
MPLAD107403,Chhattisgarh,Raipur,MP_048,Vendor_112,1573887.94,1490024.27,0.9467156028910165,0,0,0,0,0,-1,47.1,1
MPLAD107404,Haryana,Gurugram,MP_091,Vendor_093,717632.26,189213.09,0.26366302150352044,0,0,0,0,0,1,6.9,0
MPLAD107405,Jharkhand,Ranchi,MP_109,Vendor_070,755686.09,218201.3,0.2887459527010746,0,0,0,0,0,1,2.6,0
MPLAD107406,Assam,Guwahati,MP_024,Vendor_048,1371744.23,817971.58,0.5963003613290212,0,0,0,0,0,1,13.2,0
MPLAD107407,Punjab,Jalandhar,MP_045,Vendor_074,791701.45,791701.45,1.0,0,0,0,0,0,1,25.7,0
MPLAD107408,West Bengal,Kolkata,MP_001,Vendor_051,559141.37,534923.86,0.9566880375887765,0,0,0,0,0,1,26.2,0
MPLAD107409,Jharkhand,Jamshedpur,MP_031,Vendor_046,2394313.55,2391318.26,0.9987489984342276,0,0,0,0,0,1,37.9,0
MPLAD107410,Kerala,Thiruvananthapuram,MP_102,Vendor_081,1076771.43,975579.81,0.9060231195027157,0,0,0,0,0,-1,43.4,1
MPLAD107411,Bihar,Patna,MP_050,Vendor_086,1588146.42,966357.77,0.6084815340892813,0,0,0,0,0,1,12.5,0
MPLAD107412,Kerala,Kochi,MP_085,Vendor_004,3964741.47,0.0,0.0,0,0,0,0,1,-1,60.0,1
MPLAD107413,Rajasthan,Udaipur,MP_044,Vendor_118,1111344.24,0.0,0.0,0,0,0,0,1,1,60.0,1
MPLAD107414,Bihar,Bhagalpur,MP_018,Vendor_062,1899998.37,1584582.98,0.8339917575824025,0,0,0,0,0,1,23.6,0
MPLAD107415,Maharashtra,Mumbai,MP_105,Vendor_008,1223193.99,573328.86,0.46871458222256307,0,0,0,0,0,1,25.0,0
MPLAD107416,Rajasthan,Udaipur,MP_023,Vendor_027,5234735.96,5141637.45,0.982215242428388,0,0,0,0,0,1,28.2,0
MPLAD107417,West Bengal,Kolkata,MP_009,Vendor_049,1210641.05,443550.11,0.3663762351359224,0,0,0,0,0,1,34.7,0
MPLAD107418,Maharashtra,Pune,MP_014,Vendor_074,820964.5,0.0,0.0,0,0,0,0,1,1,60.0,1
MPLAD107419,Jharkhand,Ranchi,MP_035,Vendor_060,570994.65,385712.45,0.6755097442681819,0,0,0,0,0,1,24.3,0
MPLAD107420,Bihar,Bhagalpur,MP_110,Vendor_079,2417868.14,0.0,0.0,0,0,0,0,1,1,60.0,1
MPLAD107421,Kerala,Thiruvananthapuram,MP_074,Vendor_006,1954484.29,1712747.14,0.876316657423734,0,0,0,0,0,1,27.2,0
MPLAD107422,Andhra Pradesh,Guntur,MP_119,Vendor_052,1192216.2,490375.58,0.4113143069184935,0,0,0,0,0,-1,54.1,1
MPLAD107423,Gujarat,Ahmedabad,MP_095,Vendor_073,755179.86,319090.97,0.4225363875567338,0,0,0,0,0,1,34.3,0
MPLAD107424,Punjab,Jalandhar,MP_114,Vendor_012,2654685.34,15027.98,0.005660927030997956,0,1,0,0,0,1,85.0,1
MPLAD107425,Bihar,Bhagalpur,MP_147,Vendor_090,417906.61,268162.93,0.64168147519849,0,0,0,0,0,1,9.1,0
MPLAD107426,Haryana,Panipat,MP_026,Vendor_028,2144635.83,1982224.15,0.9242707420401532,0,0,0,0,0,1,37.1,0
MPLAD107427,Chhattisgarh,Raipur,MP_005,Vendor_116,1243173.89,0.0,0.0,0,0,0,0,1,-1,60.0,1
MPLAD107428,Jharkhand,Ranchi,MP_035,Vendor_027,368544.32,189816.92,0.515045029048338,0,0,0,0,0,1,16.4,0
MPLAD107429,West Bengal,Kolkata,MP_057,Vendor_022,1379753.97,0.0,0.0,0,0,0,0,1,1,60.0,1
MPLAD107430,Chhattisgarh,Raipur,MP_113,Vendor_048,295258.74,286998.85,0.9720249094065767,0,0,0,0,0,-1,43.3,1
MPLAD107431,Rajasthan,Jaipur,MP_004,Vendor_066,476664.87,476664.87,1.0,0,0,0,0,0,-1,43.3,1
MPLAD107432,Jharkhand,Jamshedpur,MP_118,Vendor_049,1698374.49,0.0,0.0,0,1,0,0,1,1,85.0,1
MPLAD107433,Maharashtra,Nashik,MP_011,Vendor_091,863494.72,360253.21,0.41720372071296513,0,0,0,0,0,1,29.4,0
MPLAD107434,Gujarat,Surat,MP_122,Vendor_065,2253481.2,920938.41,0.40867366011307305,0,0,0,0,0,1,13.9,0
MPLAD107435,Haryana,Faridabad,MP_137,Vendor_087,2673239.0,734952.5,0.2749295891613133,0,0,0,0,0,1,13.7,0
MPLAD107436,Telangana,Hyderabad,MP_140,Vendor_031,539057.71,39207.15,0.07273275063629088,0,0,0,0,0,1,25.1,0
MPLAD107437,Punjab,Ludhiana,MP_141,Vendor_011,3126293.95,2956179.31,0.945585846142203,0,0,0,0,0,-1,73.1,1
MPLAD107438,Gujarat,Surat,MP_053,Vendor_038,1900931.2,1708321.66,0.8986762172139633,0,0,0,0,0,1,16.2,0
MPLAD107439,Andhra Pradesh,Guntur,MP_036,Vendor_076,589131.48,264655.71,0.4492302974541439,0,0,0,0,0,1,25.4,0
MPLAD107440,Bihar,Bhagalpur,MP_110,Vendor_053,526678.21,508424.46,0.9653417406427353,0,0,0,0,0,1,24.7,0
MPLAD107441,Gujarat,Ahmedabad,MP_002,Vendor_011,600383.62,125944.44,0.20977327795851594,0,0,0,0,0,-1,76.0,1
MPLAD107442,Bihar,Patna,MP_028,Vendor_086,987189.11,0.0,0.0,0,0,0,0,1,1,60.0,1
MPLAD107443,Assam,Guwahati,MP_133,Vendor_024,1705807.57,787993.44,0.4619474399448233,0,0,0,0,0,1,10.5,0
MPLAD107444,Kerala,Thiruvananthapuram,MP_083,Vendor_074,2101571.41,1110650.63,0.5284857914963735,0,0,0,0,0,1,30.8,0
MPLAD107445,Telangana,Hyderabad,MP_041,Vendor_039,2181187.29,2181187.29,1.0,0,0,0,0,0,-1,50.2,1
MPLAD107446,Bihar,Patna,MP_120,Vendor_085,902214.84,898307.86,0.9956695680155294,0,0,0,0,0,1,11.5,0
MPLAD107447,Jharkhand,Jamshedpur,MP_046,Vendor_113,423675.5,43693.61,0.10312989540343966,0,0,0,0,0,1,13.0,0
MPLAD107448,Chhattisgarh,Raipur,MP_048,Vendor_089,604730.91,0.0,0.0,0,0,0,0,1,1,60.0,1
MPLAD107449,Chhattisgarh,Bilaspur,MP_094,Vendor_069,715083.16,526180.04,0.7358305571061133,0,0,0,0,0,1,18.8,0
MPLAD107450,Odisha,Cuttack,MP_039,Vendor_076,1089105.74,717489.94,0.6587881356680757,0,0,0,0,0,1,14.4,0
MPLAD107451,Assam,Dibrugarh,MP_075,Vendor_011,1964734.49,909035.05,0.46267577355961215,0,0,0,0,0,-1,44.9,1
MPLAD107452,Tamil Nadu,Coimbatore,MP_037,Vendor_045,3461700.79,3305721.47,0.9549414205726313,0,0,0,0,0,1,11.9,0
MPLAD107453,Haryana,Panipat,MP_026,Vendor_036,529898.25,92432.3,0.17443405408491158,0,0,0,0,0,-1,49.1,1
MPLAD107454,Gujarat,Ahmedabad,MP_047,Vendor_104,348615.41,348615.41,1.0,0,0,0,0,0,1,21.5,0
MPLAD107455,Tamil Nadu,Coimbatore,MP_128,Vendor_043,1223025.39,1223025.39,1.0,0,0,0,0,0,-1,40.0,1
MPLAD107456,Chhattisgarh,Bilaspur,MP_103,Vendor_100,3190419.31,3128903.35,0.9807185344549585,0,0,0,0,0,1,23.8,0
MPLAD107457,Gujarat,Vadodara,MP_025,Vendor_018,3330888.48,3282961.95,0.9856114876592927,0,0,0,0,0,-1,41.4,1
MPLAD107458,Chhattisgarh,Bilaspur,MP_080,Vendor_014,319312.62,319312.62,1.0,0,0,0,0,0,-1,39.6,1
MPLAD107459,Kerala,Kochi,MP_085,Vendor_060,2267385.65,0.0,0.0,0,0,0,0,1,1,60.0,1
MPLAD107460,Gujarat,Surat,MP_053,Vendor_030,863188.74,349384.16,0.4047598674653703,0,0,0,0,0,1,10.4,0
MPLAD107461,Assam,Silchar,MP_088,Vendor_052,480761.43,336533.0,0.6999999979199663,0,0,0,0,0,-1,47.5,1
MPLAD107462,Chhattisgarh,Bilaspur,MP_081,Vendor_069,498771.37,0.0,0.0,0,0,0,0,1,1,60.0,1
MPLAD107463,Odisha,Cuttack,MP_039,Vendor_079,317458.72,137334.8,0.4326067968774019,0,0,0,0,0,1,6.5,0
MPLAD107464,Madhya Pradesh,Bhopal,MP_033,Vendor_120,2062022.24,1653468.46,0.8018674231176091,0,0,0,0,0,1,33.3,0
MPLAD107465,Odisha,Cuttack,MP_017,Vendor_079,2423991.15,2423991.15,1.0,0,0,0,0,0,1,26.1,0
MPLAD107466,Telangana,Hyderabad,MP_143,Vendor_102,709361.64,223741.06,0.31541183986210475,0,0,0,0,0,1,32.1,0
MPLAD107467,West Bengal,Kolkata,MP_009,Vendor_094,858663.12,0.0,0.0,0,0,0,0,1,1,60.0,1
MPLAD107468,Gujarat,Surat,MP_053,Vendor_054,852393.79,815273.53,0.9564517474957203,0,0,0,0,0,-1,49.8,1
MPLAD107469,Uttar Pradesh,Varanasi,MP_096,Vendor_092,3514307.43,2329341.54,0.6628166676926156,0,0,0,0,0,1,24.0,0
MPLAD107470,Haryana,Faridabad,MP_112,Vendor_007,2296297.46,1957936.31,0.8526492512864601,0,0,0,0,0,1,29.5,0
MPLAD107471,Punjab,Jalandhar,MP_115,Vendor_022,770096.86,286451.89,0.3719686508006279,0,0,0,0,0,1,26.2,0
MPLAD107472,Chhattisgarh,Bilaspur,MP_081,Vendor_071,1430904.82,545514.49,0.381237439678203,0,0,0,0,0,1,14.1,0
MPLAD107473,Gujarat,Ahmedabad,MP_015,Vendor_026,690668.75,690668.75,1.0,0,0,0,0,0,-1,74.1,1
MPLAD107474,Odisha,Cuttack,MP_010,Vendor_004,1073260.31,265260.87,0.24715427145535643,0,0,0,0,0,1,24.6,0
MPLAD107475,Bihar,Gaya,MP_072,Vendor_116,693183.49,592289.98,0.8544490579254852,0,0,0,0,0,-1,53.8,1
MPLAD107476,Gujarat,Surat,MP_097,Vendor_085,1781518.97,877254.23,0.49241924715513974,0,0,0,0,0,1,13.4,0
MPLAD107477,Gujarat,Surat,MP_097,Vendor_033,360991.37,332308.44,0.9205440008164184,0,0,0,0,0,1,32.7,0
MPLAD107478,Bihar,Patna,MP_028,Vendor_063,1539585.47,307529.46,0.1997482218379211,0,0,0,0,0,1,5.6,0
MPLAD107479,Haryana,Gurugram,MP_091,Vendor_077,772876.86,758032.24,0.9807930334464924,0,0,0,0,0,1,20.4,0
MPLAD107480,Assam,Guwahati,MP_133,Vendor_117,3168213.26,1260088.07,0.39772829875726234,0,0,0,0,0,1,19.4,0
MPLAD107481,Gujarat,Ahmedabad,MP_047,Vendor_119,954817.94,581192.05,0.6086941035062664,0,0,0,0,0,1,30.7,0
MPLAD107482,Odisha,Rourkela,MP_106,Vendor_066,3000000.0,0.0,0.0,0,0,0,0,1,1,60.0,1
MPLAD107483,Tamil Nadu,Madurai,MP_087,Vendor_114,807776.22,352994.03,0.43699482760212977,0,0,0,0,0,1,10.8,0
MPLAD107484,Haryana,Faridabad,MP_137,Vendor_074,870809.11,126568.8,0.14534620566842715,0,0,0,0,0,1,17.3,0
MPLAD107485,Punjab,Jalandhar,MP_045,Vendor_002,2674258.77,0.0,0.0,0,1,0,0,1,-1,85.0,1
MPLAD107486,Punjab,Ludhiana,MP_124,Vendor_032,568613.05,0.0,0.0,0,0,0,0,1,1,60.0,1
MPLAD107487,Karnataka,Hubballi,MP_029,Vendor_036,2008938.18,2008938.18,1.0,0,0,0,0,0,-1,72.0,1
MPLAD107488,Odisha,Cuttack,MP_039,Vendor_066,910214.54,352789.35,0.38758922704091275,0,0,0,0,0,1,24.9,0
MPLAD107489,Kerala,Kochi,MP_104,Vendor_062,792942.58,732735.26,0.9240710216369009,0,0,0,0,0,-1,77.2,1
MPLAD107490,Kerala,Thiruvananthapuram,MP_083,Vendor_098,2207840.97,2128460.01,0.9640458886855422,0,0,0,0,0,-1,52.1,1
MPLAD107491,Chhattisgarh,Raipur,MP_113,Vendor_080,1957044.43,1630614.43,0.8332025604548998,0,0,0,0,0,1,34.3,0
MPLAD107492,Telangana,Hyderabad,MP_041,Vendor_051,1490798.62,625814.9,0.4197850008742294,0,0,0,0,0,1,24.3,0
MPLAD107493,Kerala,Thiruvananthapuram,MP_102,Vendor_064,1470015.68,1258347.46,0.8560095495035808,0,0,0,0,0,-1,43.9,1
MPLAD107494,Kerala,Kochi,MP_085,Vendor_071,287229.95,0.0,0.0,0,0,0,0,1,1,60.0,1
MPLAD107495,Assam,Guwahati,MP_133,Vendor_064,4179971.76,1650921.57,0.3949599817392068,0,0,0,0,0,1,15.1,0
MPLAD107496,Gujarat,Ahmedabad,MP_100,Vendor_054,335516.21,0.0,0.0,0,1,0,0,1,-1,85.0,1
MPLAD107497,Punjab,Jalandhar,MP_115,Vendor_079,356449.13,0.0,0.0,0,1,0,0,1,1,85.0,1
MPLAD107498,Odisha,Bhubaneswar,MP_092,Vendor_054,888891.09,0.0,0.0,0,0,0,0,1,-1,60.0,1
MPLAD107499,Punjab,Amritsar,MP_012,Vendor_028,479639.95,277476.8,0.5785106098856027,0,0,0,0,0,-1,39.2,1
MPLAD107500,Madhya Pradesh,Bhopal,MP_084,Vendor_062,1074007.55,377913.56,0.3518723495007088,0,0,0,0,0,1,37.6,0
MPLAD107501,Tamil Nadu,Coimbatore,MP_078,Vendor_072,1429373.89,0.0,0.0,0,0,0,0,1,1,60.0,1
MPLAD107502,Kerala,Kochi,MP_082,Vendor_093,706009.23,317760.07,0.45007920080591585,0,0,0,0,0,1,26.9,0
MPLAD107503,Tamil Nadu,Madurai,MP_125,Vendor_025,541363.92,274080.02,0.5062768497760249,0,0,0,0,0,1,9.5,0
MPLAD107504,West Bengal,Kolkata,MP_057,Vendor_064,727970.27,727970.27,1.0,0,0,0,1,0,-1,80.0,1
MPLAD107505,Odisha,Cuttack,MP_017,Vendor_028,387211.8,313099.07,0.8085989889770921,0,0,0,0,0,1,17.7,0
MPLAD107506,Maharashtra,Pune,MP_014,Vendor_001,1653754.8,924480.53,0.5590191060972279,0,0,0,0,0,1,30.0,0
MPLAD107507,Rajasthan,Jaipur,MP_121,Vendor_034,1614078.35,0.0,0.0,0,0,0,0,1,1,60.0,1
MPLAD107508,Assam,Dibrugarh,MP_075,Vendor_024,3907038.89,1526753.4,0.3907699521260716,0,0,0,0,0,1,16.5,0
MPLAD107509,Gujarat,Surat,MP_122,Vendor_118,410413.79,10270.37,0.02502442717628957,0,1,0,0,0,1,85.0,1
MPLAD107510,Assam,Guwahati,MP_133,Vendor_096,1397106.99,1278762.77,0.9152933734874521,0,0,0,0,0,1,26.5,0
MPLAD107511,Chhattisgarh,Raipur,MP_113,Vendor_050,3925413.94,3580508.28,0.912135212929926,0,0,0,0,0,1,27.4,0
MPLAD107512,West Bengal,Kolkata,MP_001,Vendor_095,1592553.51,1731506.67,1.087251799784109,0,0,1,0,0,1,90.0,1
MPLAD107513,Tamil Nadu,Chennai,MP_066,Vendor_045,903348.99,851299.3,0.9423814156254274,0,0,0,0,0,1,27.2,0
MPLAD107514,Punjab,Amritsar,MP_012,Vendor_106,1612129.84,1515775.13,0.940231420814095,0,0,0,0,0,1,33.1,0
MPLAD107515,West Bengal,Kolkata,MP_054,Vendor_064,7285149.46,690157.43,0.09473483471950622,0,0,0,0,0,-1,39.7,1
MPLAD107516,Punjab,Jalandhar,MP_144,Vendor_032,852394.18,804171.09,0.9434263030749458,0,0,0,0,0,1,38.9,0
MPLAD107517,Punjab,Jalandhar,MP_146,Vendor_050,2478232.97,2185810.06,0.882003462329855,0,0,0,0,0,1,33.6,0
MPLAD107518,Gujarat,Surat,MP_053,Vendor_027,2787653.01,0.0,0.0,0,1,0,0,1,1,85.0,1
MPLAD107519,Madhya Pradesh,Bhopal,MP_084,Vendor_018,866042.26,621372.85,0.7174855993747926,0,0,0,0,0,1,27.7,0
MPLAD107520,Haryana,Gurugram,MP_138,Vendor_011,1073610.83,0.0,0.0,0,1,0,0,1,-1,85.0,1
MPLAD107521,Chhattisgarh,Bilaspur,MP_080,Vendor_005,1467349.14,1961959.4,1.337077418398187,0,0,1,0,0,-1,90.0,1
MPLAD107522,Punjab,Jalandhar,MP_114,Vendor_033,864869.54,374370.38,0.4328634119777186,0,0,0,0,0,-1,48.1,1
MPLAD107523,Gujarat,Ahmedabad,MP_095,Vendor_074,642230.59,514703.2,0.8014305266897985,0,0,0,0,0,1,34.4,0
MPLAD107524,Gujarat,Ahmedabad,MP_002,Vendor_035,1520935.89,362993.27,0.23866441208116934,0,0,0,0,0,-1,51.6,1
MPLAD107525,Uttar Pradesh,Varanasi,MP_007,Vendor_010,492195.36,249000.27,0.5058972315383062,0,0,0,0,0,1,30.3,0
MPLAD107526,Karnataka,Mysuru,MP_034,Vendor_030,12395706.82,0.0,0.0,0,0,0,0,1,1,60.0,1
MPLAD107527,Karnataka,Hubballi,MP_029,Vendor_043,1161292.59,1105461.74,0.9519235285915326,0,0,0,0,0,-1,56.2,1
MPLAD107528,Jharkhand,Ranchi,MP_051,Vendor_011,831209.78,465186.63,0.5596500921825054,0,0,0,0,0,-1,42.2,1
MPLAD107529,Chhattisgarh,Bilaspur,MP_103,Vendor_055,495361.83,495361.83,1.0,0,0,0,0,0,1,36.6,0
MPLAD107530,Gujarat,Ahmedabad,MP_021,Vendor_094,437756.29,142301.66,0.32507050898115025,0,0,0,0,0,1,14.9,0
MPLAD107531,Kerala,Kochi,MP_022,Vendor_052,1070179.66,489363.62,0.4572723985428765,0,0,0,0,0,-1,52.9,1
MPLAD107532,West Bengal,Kolkata,MP_001,Vendor_065,854998.33,344551.64,0.4029851613862217,0,0,0,0,0,1,7.3,0
MPLAD107533,Rajasthan,Jodhpur,MP_063,Vendor_031,2460238.14,1373715.91,0.558367048971934,0,0,0,0,0,1,34.8,0
MPLAD107534,Maharashtra,Nashik,MP_011,Vendor_089,872522.88,812596.54,0.9313183168331357,0,0,0,0,0,-1,56.4,1
MPLAD107535,Bihar,Bhagalpur,MP_110,Vendor_002,873023.62,873023.62,1.0,0,0,0,0,0,-1,66.1,1
MPLAD107536,Haryana,Gurugram,MP_138,Vendor_011,1515177.38,629601.74,0.41553005496953765,0,0,0,0,0,-1,44.1,1
MPLAD107537,Karnataka,Mysuru,MP_034,Vendor_086,2258387.67,2141825.99,0.9483872137860194,0,0,0,0,0,-1,63.8,1
MPLAD107538,Assam,Guwahati,MP_133,Vendor_060,1543733.3,1244351.84,0.8060665919430513,0,0,0,0,0,-1,45.1,1
MPLAD107539,Bihar,Gaya,MP_060,Vendor_002,546608.29,546608.29,1.0,0,0,0,0,0,1,38.3,0
MPLAD107540,Karnataka,Mysuru,MP_034,Vendor_052,1016896.83,0.0,0.0,0,0,0,0,1,-1,67.8,1
MPLAD107541,Rajasthan,Jodhpur,MP_063,Vendor_097,1744465.71,491118.62,0.28152953490842764,0,0,0,0,0,-1,48.5,1
MPLAD107542,Odisha,Rourkela,MP_090,Vendor_069,805504.76,0.0,0.0,0,1,0,0,1,1,85.0,1
MPLAD107543,Kerala,Kochi,MP_085,Vendor_028,775988.42,217493.34,0.28027910519592547,0,0,0,0,0,1,25.3,0
MPLAD107544,Haryana,Gurugram,MP_126,Vendor_111,502271.37,465189.94,0.9261725190508071,0,0,0,0,0,1,20.1,0
MPLAD107545,Kerala,Kochi,MP_085,Vendor_110,685379.65,264109.31,0.38534746399313136,0,0,0,0,0,-1,40.5,1
MPLAD107546,Assam,Silchar,MP_076,Vendor_046,1490704.58,767160.35,0.5146293640554858,0,0,0,0,0,1,23.4,0
MPLAD107547,Assam,Dibrugarh,MP_131,Vendor_035,1563285.67,0.0,0.0,0,0,0,0,1,-1,60.0,1
MPLAD107548,Haryana,Gurugram,MP_091,Vendor_085,598820.9,373280.94,0.6233599061088215,0,0,0,0,0,1,27.3,0
MPLAD107549,West Bengal,Siliguri,MP_032,Vendor_101,1267404.22,0.0,0.0,0,0,0,0,1,1,60.0,1
MPLAD107550,Haryana,Faridabad,MP_137,Vendor_045,664081.26,0.0,0.0,0,0,0,0,1,1,60.0,1
MPLAD107551,Punjab,Ludhiana,MP_141,Vendor_015,1184682.08,0.0,0.0,0,0,0,0,1,1,60.0,1
MPLAD107552,Haryana,Gurugram,MP_138,Vendor_119,386505.58,198656.48,0.5139808848296575,0,0,0,0,0,1,14.0,0
MPLAD107553,Tamil Nadu,Madurai,MP_125,Vendor_074,745661.69,629200.29,0.8438146929608252,0,0,0,0,0,1,25.9,0
MPLAD107554,Jharkhand,Jamshedpur,MP_132,Vendor_062,1368222.84,514591.03,0.37610176862710465,0,0,0,0,0,1,34.7,0
MPLAD107555,Chhattisgarh,Bilaspur,MP_103,Vendor_036,1247194.51,53124.27,0.042595015912954906,0,0,0,0,0,-1,49.2,1
MPLAD107556,Punjab,Ludhiana,MP_149,Vendor_039,846836.84,0.0,0.0,0,0,0,0,1,1,60.0,1
MPLAD107557,Gujarat,Ahmedabad,MP_021,Vendor_015,818483.03,2171.1,0.002652590121508078,0,1,0,0,0,1,85.0,1
MPLAD107558,Bihar,Patna,MP_050,Vendor_113,1732521.47,1732521.47,1.0,0,0,0,0,0,1,16.0,0
MPLAD107559,West Bengal,Kolkata,MP_054,Vendor_022,1782161.68,1396365.15,0.783523271581061,0,0,0,0,0,-1,41.3,1
MPLAD107560,Telangana,Hyderabad,MP_142,Vendor_013,1198944.58,1198944.58,1.0,0,0,0,0,0,-1,60.2,1
MPLAD107561,Jharkhand,Ranchi,MP_051,Vendor_025,1264242.89,1074606.46,0.8500000027684554,0,0,0,0,0,1,16.3,0
MPLAD107562,Odisha,Cuttack,MP_017,Vendor_020,641772.05,462223.01,0.7202292620876836,0,0,0,0,0,1,7.2,0
MPLAD107563,Haryana,Faridabad,MP_137,Vendor_077,873977.7,765152.39,0.8754827382895468,0,0,0,0,0,1,17.3,0
MPLAD107564,Gujarat,Ahmedabad,MP_015,Vendor_105,1856170.49,1711121.31,0.921855680401427,0,0,0,0,0,1,33.8,0
MPLAD107565,Odisha,Rourkela,MP_106,Vendor_037,1001188.49,0.0,0.0,0,0,0,0,1,1,60.0,1
MPLAD107566,Telangana,Hyderabad,MP_140,Vendor_117,1107643.25,299773.96,0.2706412556569997,0,0,0,0,0,1,19.0,0
MPLAD107567,Rajasthan,Jaipur,MP_121,Vendor_107,1248227.59,1248227.59,1.0,0,0,0,0,0,-1,53.7,1
MPLAD107568,Assam,Dibrugarh,MP_123,Vendor_109,1239126.86,1006951.39,0.8126297819094971,0,0,0,0,0,1,30.9,0
MPLAD107569,Andhra Pradesh,Guntur,MP_036,Vendor_016,1920493.95,887841.13,0.46229832174165403,0,0,0,0,0,1,23.8,0
MPLAD107570,West Bengal,Siliguri,MP_032,Vendor_082,792574.15,285369.49,0.36005399620969214,0,0,0,0,0,1,16.2,0
MPLAD107571,West Bengal,Kolkata,MP_054,Vendor_083,1100215.13,506903.74,0.4607314753070157,0,0,0,0,0,-1,76.8,1
MPLAD107572,Gujarat,Surat,MP_097,Vendor_046,788590.32,0.0,0.0,0,0,0,0,1,-1,60.0,1
MPLAD107573,Maharashtra,Mumbai,MP_069,Vendor_030,596448.59,260568.69,0.4368669728936739,0,0,0,0,0,1,22.6,0
MPLAD107574,Assam,Dibrugarh,MP_117,Vendor_111,622211.13,401943.76,0.6459925588280622,0,0,0,0,0,1,37.1,0
MPLAD107575,Rajasthan,Udaipur,MP_023,Vendor_098,4678706.44,2621200.35,0.5602403962750011,0,0,0,0,0,1,14.9,0
MPLAD107576,Gujarat,Vadodara,MP_025,Vendor_007,642714.23,642714.23,1.0,0,0,0,0,0,-1,49.9,1
MPLAD107577,Madhya Pradesh,Indore,MP_038,Vendor_096,3630543.99,866850.41,0.23876598448818134,0,0,0,0,0,-1,42.0,1
MPLAD107578,West Bengal,Kolkata,MP_089,Vendor_106,1569593.91,697619.86,0.44445882183627994,0,0,0,0,0,1,26.0,0
MPLAD107579,Karnataka,Mysuru,MP_059,Vendor_078,1257675.08,0.0,0.0,0,0,0,0,1,1,60.0,1
MPLAD107580,Chhattisgarh,Raipur,MP_020,Vendor_116,2432902.56,0.0,0.0,0,0,0,0,1,-1,60.0,1
MPLAD107581,Tamil Nadu,Chennai,MP_135,Vendor_015,3007657.09,823851.43,0.27391800506087616,0,0,0,0,0,1,24.4,0
MPLAD107582,Punjab,Jalandhar,MP_115,Vendor_114,1602024.26,96266.9,0.06009078788856793,0,0,0,0,0,1,30.0,0
MPLAD107583,Karnataka,Mysuru,MP_059,Vendor_052,668447.36,608845.42,0.910835252606877,0,0,0,0,0,-1,48.1,1
MPLAD107584,Chhattisgarh,Raipur,MP_048,Vendor_072,560218.66,532142.01,0.9498826940180821,0,0,0,0,0,-1,47.0,1
MPLAD107585,Bihar,Patna,MP_050,Vendor_019,906088.25,356967.24,0.393965201513208,0,0,0,0,0,1,12.7,0
MPLAD107586,Maharashtra,Mumbai,MP_067,Vendor_034,1734954.61,1105224.65,0.6370337550214065,0,0,0,0,0,1,9.9,0
MPLAD107587,Punjab,Amritsar,MP_012,Vendor_097,232769.77,197615.92,0.8489758786117287,0,0,0,0,0,-1,73.6,1
MPLAD107588,Andhra Pradesh,Guntur,MP_036,Vendor_105,514817.89,152795.33,0.2967949113034902,0,0,0,0,0,1,26.9,0
MPLAD107589,Kerala,Kochi,MP_104,Vendor_091,5616671.89,0.0,0.0,0,0,0,0,1,-1,68.6,1
MPLAD107590,Bihar,Patna,MP_120,Vendor_025,1381581.73,382046.58,0.2765283961883312,0,0,0,0,0,1,23.6,0
MPLAD107591,Andhra Pradesh,Guntur,MP_119,Vendor_113,1004502.08,942193.4,0.9379705814048689,0,0,0,0,0,1,34.7,0
MPLAD107592,Tamil Nadu,Coimbatore,MP_128,Vendor_038,792005.78,0.0,0.0,0,0,0,0,1,1,60.0,1
MPLAD107593,Karnataka,Mysuru,MP_059,Vendor_051,870050.24,253976.69,0.2919103728998454,0,0,0,0,0,1,33.5,0
MPLAD107594,Telangana,Hyderabad,MP_140,Vendor_013,1407411.22,234008.12,0.16626847695586794,0,0,0,0,0,1,20.3,0
MPLAD107595,Assam,Silchar,MP_088,Vendor_060,668438.21,182903.65,0.27362835825917253,0,0,0,0,0,1,2.2,0
MPLAD107596,Punjab,Amritsar,MP_098,Vendor_075,5621064.7,5257215.4,0.9352703945926828,0,0,0,0,0,1,38.5,0
MPLAD107597,Telangana,Hyderabad,MP_140,Vendor_098,1152671.49,238777.84,0.20715168378112658,0,0,0,0,0,1,22.5,0
MPLAD107598,Bihar,Bhagalpur,MP_147,Vendor_024,1079780.87,842433.24,0.7801890766966448,0,0,0,0,0,1,28.1,0
MPLAD107599,West Bengal,Kolkata,MP_001,Vendor_091,2223077.05,1341660.39,0.6035150198685196,0,0,0,0,0,1,22.4,0
MPLAD107600,Gujarat,Vadodara,MP_040,Vendor_095,1058933.53,870678.38,0.8222219387084664,0,0,0,0,0,-1,56.2,1
MPLAD107601,Gujarat,Ahmedabad,MP_002,Vendor_069,1425051.15,717916.78,0.5037831659586395,0,0,0,0,0,-1,42.9,1
MPLAD107602,Telangana,Hyderabad,MP_140,Vendor_037,2323161.09,2303890.04,0.9917048154417911,0,0,0,0,0,1,36.3,0
MPLAD107603,Tamil Nadu,Coimbatore,MP_078,Vendor_072,1061777.43,1061777.43,1.0,0,0,0,0,0,1,28.9,0
MPLAD107604,Maharashtra,Mumbai,MP_061,Vendor_026,2267421.54,2025234.96,0.8931885510799196,0,0,0,0,0,1,36.2,0
MPLAD107605,West Bengal,Kolkata,MP_054,Vendor_054,2303288.82,993030.79,0.43113602661432626,0,0,0,0,0,-1,47.8,1
MPLAD107606,Rajasthan,Jaipur,MP_004,Vendor_032,2555194.57,0.0,0.0,0,0,0,0,1,1,60.0,1
MPLAD107607,Maharashtra,Pune,MP_127,Vendor_008,497407.55,478407.41,0.9618016654552187,0,0,0,0,0,-1,53.3,1
MPLAD107608,Telangana,Hyderabad,MP_041,Vendor_082,1652099.91,0.0,0.0,0,1,0,0,1,1,85.0,1
MPLAD107609,Kerala,Kochi,MP_082,Vendor_010,1884453.56,1828858.31,0.9704979463648868,0,0,0,0,0,-1,45.9,1
MPLAD107610,West Bengal,Kolkata,MP_009,Vendor_027,1138187.5,981336.45,0.8621922574268299,0,0,0,0,0,1,12.1,0
MPLAD107611,Odisha,Rourkela,MP_106,Vendor_081,489817.97,137315.53,0.28033991892947496,0,0,0,0,0,1,19.1,0
MPLAD107612,Jharkhand,Ranchi,MP_107,Vendor_076,1719688.68,0.0,0.0,0,0,0,0,1,1,60.0,1
MPLAD107613,Punjab,Amritsar,MP_098,Vendor_055,316228.81,308316.47,0.9749790665815679,0,0,0,0,0,1,30.3,0
MPLAD107614,Maharashtra,Nashik,MP_068,Vendor_002,2184523.0,613098.42,0.2806555115235683,0,0,0,0,0,1,28.0,0
MPLAD107615,Telangana,Hyderabad,MP_041,Vendor_081,1015237.27,0.0,0.0,0,0,0,0,1,-1,60.0,1
MPLAD107616,Gujarat,Ahmedabad,MP_002,Vendor_119,2450355.18,902987.7,0.3685129843094828,0,0,0,0,0,1,34.1,0
MPLAD107617,Punjab,Jalandhar,MP_146,Vendor_097,1869501.78,1787779.95,0.9562868402297001,0,0,0,0,0,-1,72.1,1
MPLAD107618,Maharashtra,Mumbai,MP_067,Vendor_074,1016226.49,316130.83,0.3110830440958098,0,0,0,0,0,1,26.0,0
MPLAD107619,Bihar,Bhagalpur,MP_070,Vendor_022,2500000.0,696232.69,0.27849307599999995,0,0,0,0,0,-1,42.3,1
MPLAD107620,Tamil Nadu,Madurai,MP_042,Vendor_091,2373244.34,525308.47,0.22134613834157507,0,0,0,0,0,1,22.4,0
MPLAD107621,Rajasthan,Udaipur,MP_044,Vendor_106,903458.74,0.0,0.0,0,0,0,0,1,1,60.0,1
MPLAD107622,Haryana,Faridabad,MP_112,Vendor_066,1881012.64,1787272.14,0.9501648750217861,0,0,0,0,0,-1,39.5,1
MPLAD107623,Tamil Nadu,Coimbatore,MP_078,Vendor_105,2960371.47,2676904.82,0.9042462566361645,0,0,0,0,0,1,10.3,0
MPLAD107624,Haryana,Faridabad,MP_137,Vendor_014,1123705.95,30238.37,0.026909504216828254,0,0,0,0,0,1,14.2,0
MPLAD107625,Punjab,Amritsar,MP_098,Vendor_021,779831.44,653211.08,0.8376311167962144,0,0,0,0,0,1,12.2,0
MPLAD107626,Odisha,Cuttack,MP_010,Vendor_014,1621234.39,0.0,0.0,0,0,0,0,1,1,60.0,1
MPLAD107627,Gujarat,Ahmedabad,MP_095,Vendor_041,4970593.83,4784974.88,0.9626565846358844,0,0,0,0,0,1,24.7,0
MPLAD107628,Gujarat,Ahmedabad,MP_002,Vendor_050,1776795.63,1776795.63,1.0,0,0,0,0,0,-1,48.5,1
MPLAD107629,Assam,Guwahati,MP_133,Vendor_061,335506.76,317442.93,0.9461595647133906,0,0,0,0,0,-1,47.6,1
MPLAD107630,Madhya Pradesh,Indore,MP_150,Vendor_100,685780.18,371219.9,0.5413103364987889,0,0,0,0,0,1,21.4,0
MPLAD107631,Karnataka,Hubballi,MP_029,Vendor_031,1974065.99,593040.53,0.30041575763128364,0,0,0,0,0,1,26.5,0
MPLAD107632,Gujarat,Vadodara,MP_093,Vendor_051,2266997.18,2266997.18,1.0,0,0,0,0,0,1,25.8,0
MPLAD107633,Telangana,Hyderabad,MP_142,Vendor_029,1492609.32,1275954.31,0.854848146064102,0,0,0,0,0,1,35.0,0
MPLAD107634,West Bengal,Kolkata,MP_056,Vendor_051,1629404.68,1554514.49,0.9540383117102622,0,0,0,1,0,1,80.0,1
MPLAD107635,Punjab,Jalandhar,MP_146,Vendor_105,1593448.97,124421.86,0.07808336654797299,0,0,0,0,0,1,30.5,0
MPLAD107636,Tamil Nadu,Coimbatore,MP_078,Vendor_104,1996901.17,743659.44,0.37240673257755663,0,0,0,0,0,1,23.9,0
MPLAD107637,Haryana,Panipat,MP_026,Vendor_118,506486.11,258627.98,0.5106319302616216,0,0,0,0,0,1,20.7,0
MPLAD107638,Punjab,Ludhiana,MP_141,Vendor_067,617963.14,609212.22,0.9858390906616209,0,0,0,0,0,-1,59.6,1
MPLAD107639,Jharkhand,Jamshedpur,MP_046,Vendor_110,1441321.23,1302730.0,0.9038443151218969,0,0,0,0,0,1,33.6,0
MPLAD107640,Gujarat,Vadodara,MP_040,Vendor_081,2268679.69,1010963.46,0.4456175388954974,0,0,0,0,0,-1,47.3,1
MPLAD107641,Assam,Silchar,MP_088,Vendor_068,2500000.0,2500000.0,1.0,0,0,0,0,1,-1,60.0,1
MPLAD107642,Kerala,Thiruvananthapuram,MP_134,Vendor_076,1060694.77,891127.29,0.8401354614013983,0,0,0,0,0,1,16.8,0
MPLAD107643,Assam,Guwahati,MP_024,Vendor_075,803861.97,600023.32,0.7464258074057166,0,0,0,0,0,-1,40.8,1
MPLAD107644,Chhattisgarh,Raipur,MP_005,Vendor_063,2138320.66,0.0,0.0,0,0,0,0,1,1,60.0,1
MPLAD107645,Tamil Nadu,Chennai,MP_135,Vendor_068,1673198.15,1466601.71,0.8765260169574058,0,0,0,0,0,-1,39.0,1
MPLAD107646,West Bengal,Kolkata,MP_009,Vendor_107,792648.82,792648.82,1.0,0,0,0,0,0,-1,66.1,1
MPLAD107647,Punjab,Amritsar,MP_098,Vendor_057,3324019.51,0.0,0.0,0,0,0,0,1,1,60.0,1
MPLAD107648,Punjab,Ludhiana,MP_141,Vendor_023,2289102.42,869959.56,0.38004396500528803,0,0,0,0,0,1,29.7,0
MPLAD107649,Maharashtra,Mumbai,MP_069,Vendor_021,2395464.63,929392.91,0.3879802266168297,0,0,0,0,0,1,0.2,0
MPLAD107650,Karnataka,Hubballi,MP_029,Vendor_108,679760.77,0.0,0.0,0,1,0,0,1,1,85.0,1
MPLAD107651,Kerala,Thiruvananthapuram,MP_083,Vendor_085,2405924.2,2199509.56,0.914205676138924,0,0,0,0,0,-1,39.0,1
MPLAD107652,West Bengal,Kolkata,MP_054,Vendor_101,453807.34,181045.3,0.3989474916822632,0,0,0,0,0,1,8.3,0
MPLAD107653,Maharashtra,Mumbai,MP_105,Vendor_013,1146669.33,998964.58,0.8711880172115529,0,0,0,0,0,1,15.2,0
MPLAD107654,Punjab,Jalandhar,MP_146,Vendor_110,973703.09,0.0,0.0,0,0,0,0,1,-1,60.0,1
MPLAD107655,Gujarat,Vadodara,MP_040,Vendor_053,2677409.97,1130879.41,0.42237812762010435,0,0,0,0,0,1,19.0,0
MPLAD107656,Bihar,Patna,MP_120,Vendor_038,1441415.08,0.0,0.0,0,1,0,0,1,1,85.0,1
MPLAD107657,Rajasthan,Udaipur,MP_023,Vendor_082,3103956.4,1790101.8,0.5767161549047533,0,0,0,0,0,1,12.6,0
MPLAD107658,Chhattisgarh,Raipur,MP_113,Vendor_061,364834.73,154280.9,0.42287887449750194,0,0,0,0,0,1,17.8,0
MPLAD107659,Assam,Silchar,MP_088,Vendor_007,852345.7,265514.15,0.3115099307710475,0,0,0,0,0,1,18.6,0
MPLAD107660,Gujarat,Ahmedabad,MP_015,Vendor_039,976579.08,892610.37,0.9140175007639935,0,0,0,0,0,1,37.8,0
MPLAD107661,Kerala,Kochi,MP_085,Vendor_060,2200422.71,1232418.19,0.5600824716083757,0,0,0,0,0,1,24.2,0
MPLAD107662,Chhattisgarh,Bilaspur,MP_080,Vendor_086,702182.02,646187.1,0.9202558333806382,0,0,0,0,0,1,34.9,0
MPLAD107663,Bihar,Bhagalpur,MP_077,Vendor_110,777487.82,629418.62,0.8095543155904359,0,0,0,0,0,1,19.7,0
MPLAD107664,Maharashtra,Nashik,MP_011,Vendor_008,1294344.64,1202392.53,0.9289585577454859,0,0,0,0,0,1,36.5,0
MPLAD107665,Jharkhand,Ranchi,MP_109,Vendor_110,1014786.61,0.0,0.0,0,0,0,0,1,1,60.0,1
MPLAD107666,Odisha,Rourkela,MP_090,Vendor_084,3242828.14,1288287.99,0.3972729772845748,0,0,0,0,0,-1,59.6,1
MPLAD107667,Karnataka,Mysuru,MP_019,Vendor_114,904047.38,813006.48,0.8992963178544912,0,0,0,0,0,-1,49.0,1
MPLAD107668,Punjab,Jalandhar,MP_139,Vendor_033,1019770.49,0.0,0.0,0,0,0,0,1,-1,65.9,1
MPLAD107669,Punjab,Jalandhar,MP_115,Vendor_094,1465036.43,197056.32,0.13450608869842234,0,0,0,0,0,1,19.6,0
MPLAD107670,Bihar,Gaya,MP_060,Vendor_101,2164884.86,823794.53,0.38052579387524565,0,0,0,0,0,1,19.9,0
MPLAD107671,Bihar,Patna,MP_050,Vendor_021,867734.2,862331.58,0.9937738768392441,0,0,0,0,0,1,20.3,0
MPLAD107672,Kerala,Kochi,MP_085,Vendor_077,3127483.36,691038.49,0.2209567279680107,0,0,0,0,0,-1,46.7,1
MPLAD107673,West Bengal,Kolkata,MP_054,Vendor_018,751583.67,0.0,0.0,0,0,0,0,1,1,60.0,1
MPLAD107674,Assam,Silchar,MP_016,Vendor_036,1620097.52,287224.1,0.1772881548513203,0,0,0,0,0,1,25.4,0
MPLAD107675,Madhya Pradesh,Bhopal,MP_084,Vendor_097,1149318.07,0.0,0.0,0,0,0,0,1,-1,60.0,1
MPLAD107676,Jharkhand,Jamshedpur,MP_118,Vendor_024,2405426.0,122710.8,0.051014165474223695,0,0,0,0,0,1,37.2,0
MPLAD107677,Gujarat,Ahmedabad,MP_015,Vendor_069,1709493.46,805314.09,0.4710834576693847,0,0,0,0,0,1,19.5,0
MPLAD107678,Rajasthan,Jodhpur,MP_063,Vendor_119,1826255.99,139573.57,0.0764260710241394,0,0,0,0,0,1,26.7,0
MPLAD107679,Rajasthan,Udaipur,MP_052,Vendor_098,1573122.92,1116206.65,0.7095482722990267,0,0,0,0,0,1,18.0,0
MPLAD107680,Bihar,Bhagalpur,MP_110,Vendor_013,661698.07,229811.4,0.347305531660384,0,0,0,0,0,1,5.1,0
MPLAD107681,Odisha,Cuttack,MP_079,Vendor_007,1411309.56,208769.78,0.14792628486127452,0,0,0,0,0,1,28.6,0
MPLAD107682,Gujarat,Surat,MP_122,Vendor_011,875752.4,408899.6,0.46691233732274096,0,0,0,0,0,-1,53.8,1
MPLAD107683,Andhra Pradesh,Guntur,MP_036,Vendor_088,972382.45,168976.53,0.1737757916136804,0,0,0,0,0,-1,40.0,1
MPLAD107684,Tamil Nadu,Coimbatore,MP_128,Vendor_074,612366.27,0.0,0.0,0,0,0,0,1,1,60.0,1
MPLAD107685,Chhattisgarh,Bilaspur,MP_130,Vendor_005,255558.26,69444.76,0.2717374895258717,0,0,0,0,0,1,33.5,0
MPLAD107686,Assam,Dibrugarh,MP_117,Vendor_100,2342314.23,2165235.82,0.9244002330122888,0,0,0,0,0,-1,42.3,1
MPLAD107687,Punjab,Amritsar,MP_012,Vendor_086,2929766.12,937677.0,0.32005182720865105,0,0,0,0,0,1,25.1,0
MPLAD107688,Bihar,Patna,MP_050,Vendor_110,1494675.55,0.0,0.0,0,0,0,0,1,1,60.0,1
MPLAD107689,Uttar Pradesh,Lucknow,MP_049,Vendor_087,606723.19,0.0,0.0,0,0,0,0,1,-1,60.0,1
MPLAD107690,Rajasthan,Jodhpur,MP_063,Vendor_076,650956.22,627351.69,0.9637386827642571,0,0,0,0,0,1,17.9,0
MPLAD107691,Assam,Silchar,MP_076,Vendor_043,608080.54,561614.58,0.9235858460459858,0,0,0,0,0,1,31.5,0
MPLAD107692,Gujarat,Vadodara,MP_040,Vendor_061,1401672.52,371274.26,0.2648794598612806,0,0,0,0,0,1,29.9,0
MPLAD107693,Telangana,Hyderabad,MP_143,Vendor_067,321333.57,321333.57,1.0,0,0,0,0,0,1,21.7,0
MPLAD107694,Bihar,Gaya,MP_060,Vendor_119,505087.75,168289.72,0.3331890745716957,0,0,0,0,0,1,23.1,0
MPLAD107695,Tamil Nadu,Madurai,MP_136,Vendor_069,382463.82,308951.05,0.807791570977877,0,0,0,0,0,1,28.6,0
MPLAD107696,Haryana,Gurugram,MP_003,Vendor_049,641441.62,595289.75,0.9280497732591783,0,0,0,0,0,1,31.9,0
MPLAD107697,Gujarat,Ahmedabad,MP_095,Vendor_078,1898396.75,1676144.96,0.8829265852883492,0,0,0,0,0,1,36.3,0
MPLAD107698,Kerala,Thiruvananthapuram,MP_074,Vendor_038,1783712.61,1068457.28,0.5990075273392836,0,0,0,0,0,1,34.8,0
MPLAD107699,Chhattisgarh,Raipur,MP_048,Vendor_101,1617781.23,0.0,0.0,0,0,0,0,1,1,60.0,1
MPLAD107700,Maharashtra,Mumbai,MP_061,Vendor_037,959061.51,243256.42,0.2536400611051527,0,0,0,0,0,1,27.0,0
MPLAD107701,Odisha,Cuttack,MP_010,Vendor_057,791857.31,320638.55,0.4049196060335668,0,0,0,0,0,1,10.9,0
MPLAD107702,Chhattisgarh,Bilaspur,MP_081,Vendor_002,451100.4,184124.52,0.4081674944203108,0,0,0,0,0,1,17.5,0
MPLAD107703,Chhattisgarh,Raipur,MP_020,Vendor_083,367584.28,0.0,0.0,0,0,0,0,1,-1,60.0,1
MPLAD107704,Uttar Pradesh,Varanasi,MP_096,Vendor_014,1863543.96,589642.49,0.3164092195603478,0,0,0,0,0,1,28.1,0
MPLAD107705,Jharkhand,Jamshedpur,MP_031,Vendor_066,1308135.23,1308135.23,1.0,0,0,0,0,0,-1,58.8,1
MPLAD107706,Haryana,Faridabad,MP_112,Vendor_088,2458858.38,808870.2,0.3289616866832322,0,0,0,0,0,1,13.7,0
MPLAD107707,Odisha,Rourkela,MP_013,Vendor_078,878228.89,0.0,0.0,0,0,0,0,1,1,60.0,1
MPLAD107708,Kerala,Thiruvananthapuram,MP_074,Vendor_057,1356557.74,1225855.49,0.9036515393734733,0,0,0,0,0,1,20.0,0
MPLAD107709,Rajasthan,Jaipur,MP_121,Vendor_040,1376035.75,713998.29,0.5188806250128313,0,0,0,0,0,1,16.9,0
MPLAD107710,Chhattisgarh,Raipur,MP_048,Vendor_038,1793390.62,1780380.55,0.9927455458644029,0,0,0,1,0,-1,80.0,1
MPLAD107711,Rajasthan,Jaipur,MP_004,Vendor_049,1017252.75,321657.47,0.3162021139780649,0,0,0,0,0,-1,47.7,1
MPLAD107712,Chhattisgarh,Bilaspur,MP_103,Vendor_103,885329.0,274349.06,0.3098837381357665,0,0,0,0,0,1,38.9,0
MPLAD107713,Haryana,Gurugram,MP_003,Vendor_064,742136.67,270126.75,0.36398518078887004,0,0,0,0,0,1,13.6,0
MPLAD107714,Gujarat,Surat,MP_006,Vendor_008,385295.42,109420.07,0.2839900614442809,0,0,0,0,0,1,29.6,0
MPLAD107715,Haryana,Gurugram,MP_003,Vendor_085,631878.09,148841.89,0.2355547570892987,0,0,0,0,0,1,10.8,0
MPLAD107716,Haryana,Gurugram,MP_003,Vendor_056,1402284.78,256432.67,0.18286775529290136,0,0,0,0,0,1,30.7,0
MPLAD107717,Maharashtra,Mumbai,MP_105,Vendor_106,718228.59,179981.28,0.2505905257823279,0,0,0,0,0,1,17.9,0
MPLAD107718,West Bengal,Kolkata,MP_057,Vendor_089,880230.19,461421.81,0.5242058443825928,0,0,0,0,0,1,35.7,0
MPLAD107719,Rajasthan,Udaipur,MP_023,Vendor_034,664223.55,0.0,0.0,0,0,0,0,1,1,60.0,1
MPLAD107720,Bihar,Patna,MP_028,Vendor_108,1973978.62,234153.73,0.11862019559259461,0,0,0,0,0,1,11.3,0
MPLAD107721,Punjab,Ludhiana,MP_101,Vendor_016,3361503.28,0.0,0.0,0,0,0,0,1,1,60.0,1
MPLAD107722,Punjab,Amritsar,MP_064,Vendor_094,2308203.55,2189627.33,0.9486283521225848,0,0,0,0,0,1,35.6,0
MPLAD107723,Haryana,Gurugram,MP_091,Vendor_020,801289.07,446162.6,0.5568060475353794,0,0,0,0,0,1,5.5,0
MPLAD107724,Odisha,Cuttack,MP_079,Vendor_096,406065.74,154476.27,0.38042182529360885,0,0,0,0,0,1,5.1,0
MPLAD107725,Kerala,Kochi,MP_073,Vendor_030,607484.96,0.0,0.0,0,0,0,0,1,1,60.0,1
MPLAD107726,West Bengal,Siliguri,MP_032,Vendor_025,1567291.3,1567291.3,1.0,0,0,0,0,0,1,26.4,0
MPLAD107727,Haryana,Panipat,MP_026,Vendor_094,6229490.03,0.0,0.0,0,0,0,0,1,1,60.0,1
MPLAD107728,Gujarat,Surat,MP_122,Vendor_069,2393442.86,1532267.93,0.6401940717314638,0,0,0,0,0,1,18.7,0
MPLAD107729,Gujarat,Surat,MP_122,Vendor_044,1215664.73,0.0,0.0,0,0,0,0,1,1,60.0,1
MPLAD107730,Rajasthan,Jodhpur,MP_099,Vendor_056,975524.49,628511.95,0.64428105746479,0,0,0,0,0,1,15.4,0
MPLAD107731,Maharashtra,Pune,MP_014,Vendor_007,1182435.32,379321.44,0.3207967772816529,0,0,0,0,0,1,24.3,0
MPLAD107732,Gujarat,Surat,MP_053,Vendor_078,970324.28,947781.79,0.9767680862319553,0,0,0,0,0,-1,51.5,1
MPLAD107733,Jharkhand,Ranchi,MP_109,Vendor_110,1075812.02,335925.08,0.3122525810782445,0,0,0,0,0,1,12.7,0
MPLAD107734,Punjab,Ludhiana,MP_030,Vendor_096,3362603.63,0.0,0.0,0,0,0,0,1,1,60.0,1
MPLAD107735,West Bengal,Siliguri,MP_071,Vendor_054,328335.18,34998.13,0.10659268982385621,0,0,0,0,0,-1,42.1,1
MPLAD107736,Karnataka,Hubballi,MP_029,Vendor_067,3667391.61,2061502.24,0.5621167465123802,0,0,0,0,0,1,33.8,0
MPLAD107737,Gujarat,Ahmedabad,MP_100,Vendor_079,1991431.98,880874.48,0.4423321955490541,0,0,0,0,0,1,28.4,0
MPLAD107738,Jharkhand,Ranchi,MP_051,Vendor_040,923129.98,15268.01,0.016539393509893374,0,1,0,0,0,1,85.0,1
MPLAD107739,Jharkhand,Ranchi,MP_109,Vendor_100,840473.55,169023.55,0.20110513888271675,0,0,0,0,0,1,13.4,0
MPLAD107740,Kerala,Thiruvananthapuram,MP_134,Vendor_026,998695.45,921480.44,0.9226841275786327,0,0,0,0,0,-1,54.5,1
MPLAD107741,Tamil Nadu,Madurai,MP_087,Vendor_020,1627145.29,611523.68,0.3758261070835291,0,0,0,0,0,1,12.4,0
MPLAD107742,Bihar,Bhagalpur,MP_077,Vendor_018,1989241.85,1814161.07,0.9119861770452898,0,0,0,0,0,1,32.7,0
MPLAD107743,Rajasthan,Jaipur,MP_121,Vendor_079,1559614.18,551279.27,0.3534715682054135,0,0,0,0,0,1,16.4,0
MPLAD107744,Chhattisgarh,Raipur,MP_005,Vendor_030,1072205.92,818190.5,0.7630908249415373,0,0,0,0,0,1,18.2,0
MPLAD107745,Madhya Pradesh,Indore,MP_150,Vendor_114,1421279.37,1000081.34,0.7036486711264935,0,0,0,0,0,-1,42.6,1
MPLAD107746,Haryana,Faridabad,MP_112,Vendor_006,3768337.26,1651475.21,0.43825037305710796,0,0,0,0,0,1,4.7,0
MPLAD107747,Tamil Nadu,Chennai,MP_066,Vendor_027,1520482.05,0.0,0.0,0,0,0,0,1,1,60.0,1
MPLAD107748,Assam,Dibrugarh,MP_131,Vendor_082,719891.14,565864.99,0.7860424424726216,0,0,0,0,0,1,23.0,0
MPLAD107749,Punjab,Jalandhar,MP_146,Vendor_023,2113700.23,1725939.13,0.816548678712118,0,0,0,0,0,-1,61.7,1
MPLAD107750,Tamil Nadu,Madurai,MP_136,Vendor_075,1995184.35,1960670.95,0.9827016485970331,0,0,0,0,0,-1,58.6,1
MPLAD107751,Chhattisgarh,Bilaspur,MP_130,Vendor_107,1650895.96,613880.67,0.3718469757476419,0,0,0,0,0,1,24.1,0
MPLAD107752,Chhattisgarh,Bilaspur,MP_103,Vendor_071,718242.84,617474.16,0.8597011005358578,0,0,0,0,0,1,36.2,0
MPLAD107753,Punjab,Jalandhar,MP_144,Vendor_093,1048748.54,662676.56,0.6318736424653331,0,0,0,0,0,1,25.2,0
MPLAD107754,Kerala,Thiruvananthapuram,MP_134,Vendor_044,5894054.38,0.0,0.0,0,0,0,0,1,1,60.0,1
MPLAD107755,Rajasthan,Jaipur,MP_121,Vendor_001,618959.16,55434.38,0.08956064241782931,0,0,0,0,0,1,24.3,0
MPLAD107756,Kerala,Kochi,MP_104,Vendor_117,976223.88,390531.39,0.4000428569725215,0,0,0,0,0,1,33.7,0
MPLAD107757,Punjab,Ludhiana,MP_101,Vendor_107,1020103.34,268389.9,0.26310069722936114,0,0,0,0,0,1,31.7,0
MPLAD107758,Tamil Nadu,Chennai,MP_066,Vendor_094,383220.22,0.0,0.0,0,1,0,0,1,1,85.0,1
MPLAD107759,Karnataka,Mysuru,MP_059,Vendor_002,647967.29,609514.46,0.9406562173840595,0,0,0,0,0,-1,42.4,1
MPLAD107760,Punjab,Amritsar,MP_098,Vendor_055,988160.22,191675.4,0.19397198563609452,0,0,0,0,0,1,26.0,0
MPLAD107761,Tamil Nadu,Coimbatore,MP_037,Vendor_029,5062105.7,1509332.54,0.29816298383496814,0,0,0,0,0,1,18.2,0
MPLAD107762,Punjab,Amritsar,MP_064,Vendor_094,1134531.29,0.0,0.0,0,0,0,0,1,1,60.0,1
MPLAD107763,Tamil Nadu,Coimbatore,MP_128,Vendor_026,2133016.14,1865984.45,0.8748102815574569,0,0,0,0,0,-1,48.5,1
MPLAD107764,Andhra Pradesh,Guntur,MP_036,Vendor_070,2104209.12,713839.88,0.339243791510608,0,0,0,0,0,1,33.0,0
MPLAD107765,Tamil Nadu,Madurai,MP_145,Vendor_094,1468358.27,1193866.26,0.8130619647751226,0,0,0,0,0,1,22.1,0
MPLAD107766,Kerala,Kochi,MP_086,Vendor_031,2262094.91,2167193.41,0.9580470741610041,0,0,0,0,0,-1,42.7,1
MPLAD107767,Assam,Silchar,MP_016,Vendor_060,1891594.59,1820494.61,0.9624126753291253,0,0,0,0,0,1,36.5,0
MPLAD107768,Maharashtra,Nashik,MP_011,Vendor_107,485830.15,429532.52,0.8841207570176531,0,0,0,0,0,-1,62.0,1
MPLAD107769,West Bengal,Siliguri,MP_071,Vendor_019,892507.05,805835.68,0.9028899883760022,0,0,0,0,0,1,23.4,0
MPLAD107770,Maharashtra,Mumbai,MP_069,Vendor_069,2552657.16,7813.32,0.003060857573212064,0,0,0,0,0,1,17.5,0
MPLAD107771,Maharashtra,Mumbai,MP_069,Vendor_073,2795375.28,1650378.31,0.5903959735953593,0,0,0,0,0,1,15.5,0
MPLAD107772,Chhattisgarh,Bilaspur,MP_094,Vendor_022,2500000.0,1565790.24,0.626316096,0,0,0,0,0,1,38.9,0
MPLAD107773,Odisha,Bhubaneswar,MP_092,Vendor_069,577824.77,87545.11,0.1515080601338707,0,0,0,0,0,1,36.0,0
MPLAD107774,Karnataka,Hubballi,MP_029,Vendor_111,500000.0,500000.0,1.0,0,0,0,0,1,-1,60.6,1
MPLAD107775,Assam,Dibrugarh,MP_075,Vendor_008,667717.83,270981.45,0.405832280980126,0,0,0,0,0,1,27.3,0
MPLAD107776,West Bengal,Kolkata,MP_001,Vendor_091,2259296.36,2204759.75,0.9758612411520904,0,0,0,0,0,1,25.7,0
MPLAD107777,Haryana,Faridabad,MP_137,Vendor_099,1614363.27,2034107.05,1.2600057792444697,0,0,1,0,0,-1,90.0,1
MPLAD107778,Karnataka,Mysuru,MP_062,Vendor_086,1475234.04,757309.51,0.5133487226203105,0,0,0,0,0,1,34.3,0
MPLAD107779,Kerala,Kozhikode,MP_043,Vendor_054,1767906.46,589240.86,0.33329866332407654,0,0,0,0,0,-1,70.5,1
MPLAD107780,Jharkhand,Jamshedpur,MP_132,Vendor_112,585671.48,67916.02,0.11596265537806281,0,0,0,0,0,1,10.0,0
MPLAD107781,Haryana,Gurugram,MP_126,Vendor_006,1281703.57,414089.14,0.3230771526992002,0,0,0,0,0,1,10.7,0
MPLAD107782,Odisha,Cuttack,MP_079,Vendor_098,1190191.1,931102.92,0.7823137981791327,0,0,0,0,0,1,20.3,0
MPLAD107783,Karnataka,Mysuru,MP_019,Vendor_041,4123167.26,3778972.86,0.9165218439380022,0,0,0,0,0,1,21.5,0
MPLAD107784,Haryana,Gurugram,MP_126,Vendor_070,791533.39,137213.42,0.17335139835351734,0,0,0,0,0,1,16.2,0
MPLAD107785,Assam,Guwahati,MP_024,Vendor_021,977744.47,453757.49,0.4640859692103398,0,0,0,0,0,1,7.3,0
MPLAD107786,Gujarat,Ahmedabad,MP_027,Vendor_061,906230.07,783899.56,0.8650116410284202,0,0,0,0,0,-1,61.9,1
MPLAD107787,Haryana,Gurugram,MP_091,Vendor_111,1129455.57,256400.14,0.22701215241251146,0,0,0,0,0,-1,39.3,1
MPLAD107788,Assam,Silchar,MP_016,Vendor_092,765163.61,0.0,0.0,0,0,0,0,1,1,60.0,1
MPLAD107789,Gujarat,Ahmedabad,MP_002,Vendor_119,1850866.9,379617.91,0.20510276022549218,0,0,0,0,0,1,30.6,0
MPLAD107790,West Bengal,Siliguri,MP_111,Vendor_007,839690.91,0.0,0.0,0,0,0,0,1,1,60.0,1
MPLAD107791,Rajasthan,Jaipur,MP_004,Vendor_064,3446308.39,3116143.96,0.9041976536522316,0,0,0,0,0,-1,41.1,1
MPLAD107792,West Bengal,Kolkata,MP_054,Vendor_063,799721.47,638293.73,0.7981450466748129,0,0,0,0,0,1,35.2,0
MPLAD107793,Kerala,Kochi,MP_086,Vendor_077,1243628.94,312185.2,0.25102760956978054,0,0,0,0,0,1,26.5,0
MPLAD107794,Telangana,Hyderabad,MP_041,Vendor_045,1645557.77,0.0,0.0,0,0,0,0,1,1,60.0,1
MPLAD107795,Chhattisgarh,Bilaspur,MP_080,Vendor_055,952184.28,861502.35,0.9047643067579313,0,0,0,0,0,1,32.6,0
MPLAD107796,Uttar Pradesh,Varanasi,MP_007,Vendor_089,4647204.9,684356.29,0.14726191436060845,0,0,0,0,0,-1,41.9,1
MPLAD107797,Kerala,Kochi,MP_086,Vendor_046,288973.26,288973.26,1.0,0,0,0,0,0,-1,49.4,1
MPLAD107798,Haryana,Panipat,MP_026,Vendor_066,3307914.68,2890717.73,0.8738791684917339,0,0,0,0,0,-1,47.1,1
MPLAD107799,Uttar Pradesh,Varanasi,MP_096,Vendor_044,1261365.23,527645.61,0.4183131082501775,0,0,0,0,0,1,29.3,0
MPLAD107800,Bihar,Patna,MP_120,Vendor_090,623720.46,623720.46,1.0,0,0,0,0,0,1,37.3,0
MPLAD107801,Chhattisgarh,Bilaspur,MP_058,Vendor_054,908243.47,908243.47,1.0,0,0,0,0,0,-1,71.0,1
MPLAD107802,Telangana,Hyderabad,MP_142,Vendor_114,733239.27,398222.84,0.5431008080077326,0,0,0,0,0,1,19.3,0
MPLAD107803,Telangana,Hyderabad,MP_142,Vendor_017,919905.99,868060.95,0.9436409366135337,0,0,0,0,0,1,27.6,0
MPLAD107804,Haryana,Gurugram,MP_003,Vendor_042,2442595.19,1109999.14,0.45443434284335915,0,0,0,0,0,1,12.2,0
MPLAD107805,Rajasthan,Udaipur,MP_052,Vendor_098,2367742.11,0.0,0.0,0,0,0,0,1,1,60.0,1
MPLAD107806,Punjab,Jalandhar,MP_045,Vendor_115,10825738.9,10150201.51,0.937598957794927,0,0,0,0,0,-1,49.1,1
MPLAD107807,West Bengal,Siliguri,MP_111,Vendor_026,530356.55,0.0,0.0,0,0,0,0,1,1,60.0,1
MPLAD107808,Uttar Pradesh,Varanasi,MP_096,Vendor_112,1202313.68,0.0,0.0,0,0,0,0,1,1,60.0,1
MPLAD107809,Bihar,Bhagalpur,MP_077,Vendor_060,1202052.04,1070782.67,0.8907956014949235,0,0,0,0,0,1,14.4,0
MPLAD107810,Jharkhand,Ranchi,MP_109,Vendor_046,1057894.18,1010733.54,0.9554202670819119,0,0,0,0,0,1,32.3,0
MPLAD107811,Haryana,Gurugram,MP_091,Vendor_041,1242719.97,0.0,0.0,0,0,0,0,1,1,60.0,1
MPLAD107812,Bihar,Bhagalpur,MP_018,Vendor_043,449473.35,422907.12,0.9408947605013734,0,0,0,0,0,1,28.0,0
MPLAD107813,Kerala,Thiruvananthapuram,MP_102,Vendor_071,992087.83,146014.71,0.1471792169852542,0,0,0,0,0,1,18.0,0
MPLAD107814,Maharashtra,Nashik,MP_011,Vendor_006,2480594.45,2480594.45,1.0,0,0,0,0,0,1,34.7,0
MPLAD107815,Assam,Silchar,MP_076,Vendor_092,362821.75,170224.43,0.46916820725328623,0,0,0,0,0,1,10.8,0
MPLAD107816,Odisha,Cuttack,MP_010,Vendor_110,875107.97,280065.01,0.3200348066764836,0,0,0,0,0,1,15.8,0
MPLAD107817,Assam,Silchar,MP_129,Vendor_016,472591.48,428606.17,0.9069274164654851,0,0,0,0,0,1,19.2,0
MPLAD107818,Maharashtra,Mumbai,MP_105,Vendor_080,1271495.65,719972.23,0.5662404193046198,0,0,0,0,0,1,31.0,0
MPLAD107819,Telangana,Hyderabad,MP_142,Vendor_013,1618608.15,0.0,0.0,0,0,0,0,1,1,60.0,1
MPLAD107820,Tamil Nadu,Madurai,MP_042,Vendor_033,1205632.72,1022824.62,0.8483716500328558,0,0,0,0,0,-1,41.3,1
MPLAD107821,Punjab,Jalandhar,MP_115,Vendor_079,635110.79,0.0,0.0,0,0,0,0,1,1,60.0,1
MPLAD107822,Chhattisgarh,Raipur,MP_020,Vendor_061,443231.57,0.0,0.0,0,0,0,0,1,-1,60.0,1
MPLAD107823,Odisha,Cuttack,MP_079,Vendor_012,1387250.55,1387250.55,1.0,0,0,0,0,0,1,30.8,0
MPLAD107824,Kerala,Kochi,MP_008,Vendor_086,2541539.27,729634.11,0.2870835476014502,0,0,0,0,0,1,30.3,0
MPLAD107825,Chhattisgarh,Bilaspur,MP_103,Vendor_078,587630.2,30714.87,0.052269046076937505,0,0,0,0,0,1,28.3,0
MPLAD107826,Gujarat,Ahmedabad,MP_095,Vendor_036,4821188.12,2543616.98,0.5275913149806732,0,0,0,0,0,1,34.6,0
MPLAD107827,Rajasthan,Udaipur,MP_044,Vendor_120,730546.77,319878.96,0.43786239722885917,0,0,0,0,0,1,16.0,0
MPLAD107828,Madhya Pradesh,Indore,MP_038,Vendor_025,1555143.6,0.0,0.0,0,0,0,0,1,1,60.0,1
MPLAD107829,Chhattisgarh,Bilaspur,MP_058,Vendor_118,1041217.74,350009.92,0.3361543955253778,0,0,0,0,0,1,35.3,0
MPLAD107830,Chhattisgarh,Bilaspur,MP_094,Vendor_072,2170795.44,643408.2,0.2963928282436414,0,0,0,0,0,1,30.6,0
MPLAD107831,Telangana,Hyderabad,MP_143,Vendor_031,551558.58,473618.83,0.8586918002435935,0,0,0,0,0,-1,40.7,1
MPLAD107832,Kerala,Kochi,MP_073,Vendor_021,2319641.64,1692273.38,0.729540869942307,0,0,0,0,0,1,37.9,0
MPLAD107833,Kerala,Kozhikode,MP_043,Vendor_006,1589526.23,1581174.21,0.9947455915842295,0,0,0,0,0,-1,62.1,1
MPLAD107834,Kerala,Kochi,MP_086,Vendor_039,1712955.99,712020.95,0.4156679763850792,0,0,0,0,0,1,29.8,0
MPLAD107835,Punjab,Amritsar,MP_098,Vendor_071,2596021.83,1476287.65,0.5686730492555218,0,0,0,0,0,1,29.5,0
MPLAD107836,Haryana,Gurugram,MP_126,Vendor_011,937684.02,1148249.19,1.224558769808192,0,0,1,0,0,-1,90.0,1
MPLAD107837,Gujarat,Ahmedabad,MP_015,Vendor_120,1562849.43,0.0,0.0,0,1,0,0,1,1,85.0,1
MPLAD107838,Jharkhand,Jamshedpur,MP_132,Vendor_119,1140922.56,569916.48,0.49952249169303825,0,0,0,0,0,1,14.2,0
MPLAD107839,Maharashtra,Nashik,MP_011,Vendor_111,531249.55,220624.54,0.4152936035428171,0,0,0,0,0,1,25.7,0
MPLAD107840,West Bengal,Kolkata,MP_057,Vendor_022,1522302.5,328778.33,0.21597437434412675,0,0,0,0,0,1,19.9,0
MPLAD107841,Punjab,Jalandhar,MP_144,Vendor_112,12123411.99,10947677.27,0.9030194865133837,0,0,0,0,0,1,22.6,0
MPLAD107842,Kerala,Kochi,MP_008,Vendor_081,2316207.78,884698.36,0.38195984299819596,0,0,0,0,0,-1,40.9,1
MPLAD107843,Chhattisgarh,Bilaspur,MP_080,Vendor_068,953563.01,508482.14,0.5332444051075346,0,0,0,0,0,-1,67.7,1
MPLAD107844,West Bengal,Kolkata,MP_057,Vendor_022,1406463.78,1374962.05,0.9776021747250399,0,0,0,1,0,-1,80.0,1
MPLAD107845,Bihar,Patna,MP_120,Vendor_120,2162735.52,1988530.81,0.919451681267065,0,0,0,0,0,1,21.7,0
MPLAD107846,Kerala,Kochi,MP_108,Vendor_036,432599.21,0.0,0.0,0,0,0,0,1,-1,60.0,1
MPLAD107847,Uttar Pradesh,Varanasi,MP_007,Vendor_084,1455017.08,545218.01,0.3747158830602868,0,0,0,0,0,-1,59.7,1
MPLAD107848,Kerala,Thiruvananthapuram,MP_134,Vendor_086,1133406.68,1031204.35,0.9098273092937833,0,0,0,0,0,1,35.6,0
MPLAD107849,Haryana,Faridabad,MP_137,Vendor_001,1658401.34,1395877.62,0.8417007308978658,0,0,0,0,0,1,32.6,0
MPLAD107850,West Bengal,Siliguri,MP_032,Vendor_107,3209216.74,3209216.74,1.0,0,0,0,0,0,1,37.1,0
MPLAD107851,Kerala,Kochi,MP_008,Vendor_043,567166.83,508155.64,0.895954440777152,0,0,0,0,0,-1,60.8,1
MPLAD107852,Madhya Pradesh,Indore,MP_038,Vendor_032,1390006.49,1219206.56,0.8771229262389991,0,0,0,0,0,-1,39.5,1
MPLAD107853,Assam,Dibrugarh,MP_123,Vendor_011,2263499.5,1024489.87,0.45261325217876125,0,0,0,0,0,-1,65.9,1
MPLAD107854,Haryana,Faridabad,MP_055,Vendor_005,903292.32,900134.05,0.9965036014033642,0,0,0,0,0,1,38.0,0
MPLAD107855,Tamil Nadu,Madurai,MP_042,Vendor_016,1907979.4,825279.35,0.4325410169522795,0,0,0,0,0,1,1.6,0
MPLAD107856,Punjab,Jalandhar,MP_114,Vendor_006,1110486.98,490233.53,0.44145815199021965,0,0,0,0,0,1,22.0,0
MPLAD107857,Jharkhand,Ranchi,MP_109,Vendor_105,632502.23,603423.39,0.9540257114982821,0,0,0,0,0,1,13.2,0
MPLAD107858,Kerala,Thiruvananthapuram,MP_083,Vendor_062,1741868.09,1201208.95,0.6896095960974863,0,0,0,0,0,1,23.7,0
MPLAD107859,Punjab,Ludhiana,MP_030,Vendor_016,1791053.05,1572899.79,0.8781983258396506,0,0,0,0,0,1,29.4,0
MPLAD107860,Rajasthan,Jaipur,MP_004,Vendor_004,830147.01,393491.95,0.4740027311548108,0,0,0,0,0,-1,47.0,1
MPLAD107861,Kerala,Kochi,MP_085,Vendor_028,4448675.68,5019967.24,1.1284183431416157,0,0,1,0,0,-1,90.0,1
MPLAD107862,Jharkhand,Ranchi,MP_051,Vendor_097,1474382.48,844828.86,0.5730052218200531,0,0,0,0,0,-1,43.7,1
MPLAD107863,Punjab,Jalandhar,MP_144,Vendor_050,1805158.19,795361.93,0.44060511394849006,0,0,0,0,0,1,16.8,0
MPLAD107864,Punjab,Jalandhar,MP_139,Vendor_110,3682281.32,3431433.62,0.9318770951481785,0,0,0,0,0,-1,52.3,1
MPLAD107865,Punjab,Jalandhar,MP_114,Vendor_036,2305676.07,0.0,0.0,0,0,0,0,1,-1,60.0,1
MPLAD107866,Gujarat,Ahmedabad,MP_027,Vendor_040,830096.57,785471.22,0.9462407729259742,0,0,0,0,0,-1,63.3,1
MPLAD107867,Chhattisgarh,Bilaspur,MP_080,Vendor_069,1007965.8,998076.62,0.9901889726814144,0,0,0,0,0,1,34.0,0
MPLAD107868,Madhya Pradesh,Bhopal,MP_033,Vendor_010,2202435.38,954964.18,0.4335946419458627,0,0,0,0,0,1,23.3,0
MPLAD107869,Maharashtra,Mumbai,MP_061,Vendor_061,2799285.56,2690937.15,0.9612942632405105,0,0,0,0,0,1,31.5,0
MPLAD107870,Rajasthan,Jaipur,MP_004,Vendor_057,2451358.57,1037499.81,0.423234618834241,0,0,0,0,0,1,17.7,0
MPLAD107871,Punjab,Jalandhar,MP_144,Vendor_083,2297241.36,0.0,0.0,0,0,0,0,1,1,60.0,1
MPLAD107872,West Bengal,Kolkata,MP_054,Vendor_107,750081.14,0.0,0.0,0,0,0,0,1,1,60.0,1
MPLAD107873,Punjab,Jalandhar,MP_115,Vendor_013,911859.04,800800.83,0.8782068224053576,0,0,0,0,0,1,20.8,0
MPLAD107874,Gujarat,Vadodara,MP_093,Vendor_036,527597.02,499502.47,0.9467499835385725,0,0,0,0,0,1,33.8,0
MPLAD107875,Tamil Nadu,Madurai,MP_125,Vendor_032,941539.36,345416.87,0.36686397263307186,0,0,0,0,0,1,26.1,0
MPLAD107876,Bihar,Gaya,MP_060,Vendor_039,1258540.21,948187.02,0.753402245288611,0,0,0,0,0,-1,48.9,1
MPLAD107877,Chhattisgarh,Raipur,MP_113,Vendor_055,805472.96,523519.13,0.6499524577460677,0,0,0,0,0,1,12.3,0
MPLAD107878,Assam,Dibrugarh,MP_065,Vendor_097,1173762.66,1173762.66,1.0,0,0,0,0,0,-1,79.2,1
MPLAD107879,Andhra Pradesh,Guntur,MP_036,Vendor_001,708413.25,33305.67,0.04701446507388166,0,0,0,0,0,-1,46.0,1
MPLAD107880,Punjab,Amritsar,MP_012,Vendor_016,2914009.71,1465799.47,0.503018045880156,0,0,0,0,0,1,22.9,0
MPLAD107881,Kerala,Kochi,MP_104,Vendor_093,5725865.87,4997920.33,0.8728671686471063,0,0,0,0,0,-1,43.3,1
MPLAD107882,Andhra Pradesh,Guntur,MP_036,Vendor_042,757683.66,672917.33,0.8881243789789527,0,0,0,0,0,-1,40.4,1
MPLAD107883,Madhya Pradesh,Bhopal,MP_033,Vendor_073,1048650.21,388100.03,0.3700948383922987,0,0,0,0,0,1,15.7,0
MPLAD107884,West Bengal,Siliguri,MP_111,Vendor_098,1464209.11,751198.25,0.5130402787891409,0,0,0,0,0,1,8.2,0
MPLAD107885,Assam,Dibrugarh,MP_131,Vendor_095,481946.19,213893.05,0.44381106114771857,0,0,0,0,0,1,26.6,0
MPLAD107886,Kerala,Kochi,MP_008,Vendor_064,1100157.2,678591.7,0.6168133972126892,0,0,0,0,0,1,29.7,0
MPLAD107887,Kerala,Thiruvananthapuram,MP_102,Vendor_114,478055.15,0.0,0.0,0,1,0,0,1,1,85.0,1
MPLAD107888,West Bengal,Kolkata,MP_001,Vendor_103,1540538.39,1540538.39,1.0,0,0,0,0,0,1,34.8,0
MPLAD107889,Jharkhand,Ranchi,MP_107,Vendor_107,723867.21,649241.79,0.8969073070736276,0,0,0,0,0,1,27.0,0
MPLAD107890,Odisha,Cuttack,MP_017,Vendor_036,632359.78,172469.72,0.2727398633733474,0,0,0,0,0,1,21.4,0
MPLAD107891,Karnataka,Mysuru,MP_034,Vendor_088,4324311.15,0.0,0.0,0,0,0,0,1,1,60.0,1
MPLAD107892,Bihar,Patna,MP_028,Vendor_022,1496577.43,359385.46,0.24013823327537423,0,0,0,0,0,1,31.9,0
MPLAD107893,Odisha,Cuttack,MP_010,Vendor_093,1317322.53,1171481.78,0.8892900207210455,0,0,0,0,0,1,18.6,0
MPLAD107894,Maharashtra,Mumbai,MP_061,Vendor_039,1185845.61,1462725.63,1.2334874098829778,0,0,1,0,0,1,90.0,1
MPLAD107895,Kerala,Kochi,MP_085,Vendor_035,930533.32,0.0,0.0,0,0,0,0,1,-1,60.0,1
MPLAD107896,Madhya Pradesh,Bhopal,MP_033,Vendor_057,3478061.27,3478061.27,1.0,0,0,0,0,0,1,27.7,0
MPLAD107897,Bihar,Bhagalpur,MP_018,Vendor_014,380630.73,296033.18,0.7777437728162411,0,0,0,0,0,1,21.2,0
MPLAD107898,Gujarat,Ahmedabad,MP_015,Vendor_083,665758.29,590075.64,0.8863211301507038,0,0,0,0,0,1,34.7,0
MPLAD107899,Kerala,Kochi,MP_108,Vendor_002,2242692.36,2103865.45,0.9380981036560896,0,0,0,0,0,-1,46.0,1
MPLAD107900,Maharashtra,Pune,MP_127,Vendor_064,3918006.37,1521774.99,0.3884054404944727,0,0,0,0,0,1,28.5,0
MPLAD107901,Jharkhand,Jamshedpur,MP_031,Vendor_018,405246.8,382261.51,0.9432807612546231,0,0,0,0,0,1,14.9,0
MPLAD107902,Assam,Silchar,MP_129,Vendor_011,1669004.4,475334.13,0.2848010047187413,0,0,0,0,0,-1,53.2,1
MPLAD107903,Haryana,Faridabad,MP_137,Vendor_109,838536.64,42613.88,0.05081934165691316,0,0,0,0,0,1,13.6,0
MPLAD107904,Bihar,Bhagalpur,MP_070,Vendor_036,1338478.64,0.0,0.0,0,1,0,0,1,1,85.0,1
MPLAD107905,Karnataka,Mysuru,MP_062,Vendor_048,1098769.55,1071338.37,0.9750346376089509,0,0,0,0,0,1,27.1,0
MPLAD107906,Rajasthan,Jaipur,MP_004,Vendor_106,846552.44,0.0,0.0,0,1,0,0,1,1,85.0,1
MPLAD107907,Maharashtra,Mumbai,MP_105,Vendor_118,932935.61,284414.22,0.30485943183152797,0,0,0,0,0,1,32.6,0
MPLAD107908,Maharashtra,Mumbai,MP_069,Vendor_097,915149.24,152761.85,0.16692561532368208,0,0,0,0,0,-1,65.4,1
MPLAD107909,Madhya Pradesh,Bhopal,MP_084,Vendor_106,1271641.59,1166348.89,0.9171993894914996,0,0,0,0,0,1,25.1,0
MPLAD107910,Tamil Nadu,Coimbatore,MP_078,Vendor_120,1582063.91,1445251.91,0.9135230889629484,0,0,0,0,0,1,27.5,0
MPLAD107911,Kerala,Kochi,MP_086,Vendor_071,748860.77,691878.36,0.9239078714191424,0,0,0,0,0,1,37.4,0
MPLAD107912,Kerala,Thiruvananthapuram,MP_083,Vendor_037,761613.9,356786.97,0.46846173632072624,0,0,0,0,0,1,9.9,0
MPLAD107913,Chhattisgarh,Bilaspur,MP_081,Vendor_080,1500000.0,0.0,0.0,0,0,0,0,1,1,60.0,1
MPLAD107914,Odisha,Cuttack,MP_079,Vendor_109,1413566.78,1413566.78,1.0,0,0,0,0,0,1,14.1,0
MPLAD107915,Chhattisgarh,Bilaspur,MP_103,Vendor_051,500000.0,500000.0,1.0,0,0,0,0,1,-1,60.0,1
MPLAD107916,Assam,Dibrugarh,MP_117,Vendor_118,2305539.03,0.0,0.0,0,0,0,0,1,1,60.0,1
MPLAD107917,Assam,Dibrugarh,MP_123,Vendor_037,574471.94,80352.25,0.13987149659563877,0,0,0,0,0,1,22.8,0
MPLAD107918,Karnataka,Mysuru,MP_019,Vendor_092,1627160.89,0.0,0.0,0,0,0,0,1,1,60.0,1
MPLAD107919,Kerala,Kochi,MP_082,Vendor_006,2263010.97,0.0,0.0,0,1,0,0,1,1,85.0,1
MPLAD107920,Punjab,Amritsar,MP_098,Vendor_095,1289472.46,1140103.96,0.8841630941074926,0,0,0,0,0,1,37.9,0
MPLAD107921,Chhattisgarh,Raipur,MP_113,Vendor_037,1154073.83,1029436.62,0.8920023946821495,0,0,0,0,0,1,16.6,0
MPLAD107922,Chhattisgarh,Raipur,MP_020,Vendor_016,1399016.36,1229104.81,0.8785492758640793,0,0,0,0,0,1,14.6,0
MPLAD107923,Punjab,Ludhiana,MP_030,Vendor_083,5209146.25,0.0,0.0,0,0,0,0,1,1,60.0,1
MPLAD107924,Odisha,Rourkela,MP_106,Vendor_086,1634380.69,901916.14,0.5518396940923231,0,0,0,0,0,1,9.5,0
MPLAD107925,Assam,Silchar,MP_016,Vendor_027,932364.4,0.0,0.0,0,0,0,0,1,1,60.0,1
MPLAD107926,Uttar Pradesh,Lucknow,MP_049,Vendor_039,1969162.46,1744138.9,0.8857262594778492,0,0,0,0,0,-1,41.4,1
MPLAD107927,Telangana,Hyderabad,MP_041,Vendor_003,1316580.85,0.0,0.0,0,0,0,0,1,-1,60.0,1
MPLAD107928,Telangana,Hyderabad,MP_142,Vendor_009,2086552.04,528011.84,0.2530547189228024,0,0,0,0,0,1,31.0,0
MPLAD107929,Gujarat,Ahmedabad,MP_095,Vendor_098,4605591.07,372751.79,0.08093462583511565,0,0,0,0,0,1,31.9,0
MPLAD107930,Madhya Pradesh,Bhopal,MP_084,Vendor_041,1348605.91,305203.74,0.22631054612536883,0,0,0,0,0,1,17.8,0
MPLAD107931,West Bengal,Siliguri,MP_032,Vendor_057,1031135.89,0.0,0.0,0,0,0,0,1,-1,60.0,1
MPLAD107932,Haryana,Panipat,MP_026,Vendor_078,2394291.36,1497791.64,0.6255678256300437,0,0,0,0,0,1,29.6,0
MPLAD107933,Kerala,Kochi,MP_085,Vendor_012,2234225.56,283162.75,0.12673865838326548,0,0,0,0,0,1,35.8,0
MPLAD107934,Gujarat,Surat,MP_006,Vendor_079,1671417.23,0.0,0.0,0,0,0,0,1,1,60.0,1
MPLAD107935,Rajasthan,Jaipur,MP_004,Vendor_102,226562.49,190283.13,0.8398704039666938,0,0,0,0,0,1,20.8,0
MPLAD107936,Chhattisgarh,Raipur,MP_113,Vendor_047,1144219.39,572166.12,0.5000493130954545,0,0,0,0,0,1,27.7,0
MPLAD107937,West Bengal,Kolkata,MP_056,Vendor_061,1355111.66,1221711.8,0.9015580310186395,0,0,0,0,0,-1,54.2,1
MPLAD107938,Odisha,Rourkela,MP_106,Vendor_077,1908078.95,0.0,0.0,0,1,0,0,1,1,85.0,1
MPLAD107939,Odisha,Cuttack,MP_079,Vendor_038,1409326.72,226991.99,0.16106413564627511,0,0,0,0,0,1,6.2,0
MPLAD107940,Assam,Silchar,MP_088,Vendor_001,1411729.01,1238977.63,0.877631345126215,0,0,0,0,0,1,24.9,0
MPLAD107941,Kerala,Kochi,MP_086,Vendor_076,1862925.7,1469737.25,0.7889403479698627,0,0,0,0,0,1,23.3,0
MPLAD107942,Bihar,Patna,MP_050,Vendor_026,557196.56,234538.56,0.42092607319758035,0,0,0,0,0,1,26.6,0
MPLAD107943,Kerala,Thiruvananthapuram,MP_102,Vendor_116,588204.48,216589.87,0.3682220679448072,0,0,0,0,0,-1,43.0,1
MPLAD107944,Chhattisgarh,Bilaspur,MP_058,Vendor_026,720427.2,270866.33,0.3759801545527432,0,0,0,0,0,1,35.4,0
MPLAD107945,Kerala,Kochi,MP_022,Vendor_034,357276.82,0.0,0.0,0,0,0,0,1,-1,60.0,1
MPLAD107946,Haryana,Panipat,MP_026,Vendor_084,1363424.14,1207788.61,0.8858495126835587,0,0,0,0,0,-1,62.3,1
MPLAD107947,Tamil Nadu,Chennai,MP_066,Vendor_027,638234.43,570576.65,0.8939922749075132,0,0,0,0,0,1,27.6,0
MPLAD107948,Jharkhand,Ranchi,MP_107,Vendor_060,1485841.76,1485841.76,1.0,0,0,0,0,0,1,17.1,0
MPLAD107949,Bihar,Bhagalpur,MP_077,Vendor_034,708793.48,155772.47,0.21977130771575382,0,0,0,0,0,1,5.0,0
MPLAD107950,Chhattisgarh,Raipur,MP_005,Vendor_052,2135511.36,1253461.07,0.5869606191184111,0,0,0,0,0,-1,50.8,1
MPLAD107951,Rajasthan,Udaipur,MP_052,Vendor_083,891690.72,505848.46,0.5672913810295122,0,0,0,0,0,1,12.5,0
MPLAD107952,Punjab,Ludhiana,MP_101,Vendor_104,592055.98,0.0,0.0,0,0,0,0,1,1,60.0,1
MPLAD107953,Maharashtra,Mumbai,MP_069,Vendor_054,422730.31,119206.94,0.281992885724234,0,0,0,0,0,1,37.6,0
MPLAD107954,Assam,Guwahati,MP_148,Vendor_003,1766423.05,0.0,0.0,0,0,0,0,1,1,60.0,1
MPLAD107955,Assam,Guwahati,MP_148,Vendor_110,982578.93,378808.82,0.385525079394894,0,0,0,0,0,1,15.5,0
MPLAD107956,Uttar Pradesh,Varanasi,MP_007,Vendor_007,1648778.46,406030.58,0.2462614534641604,0,0,0,0,0,1,34.0,0
MPLAD107957,Bihar,Bhagalpur,MP_070,Vendor_040,1652197.39,811665.13,0.4912640190044121,0,0,0,0,0,1,12.8,0
MPLAD107958,Assam,Dibrugarh,MP_117,Vendor_083,2184143.21,1528900.25,0.7000000013735364,0,0,0,0,0,1,16.1,0
MPLAD107959,Punjab,Amritsar,MP_064,Vendor_045,912077.63,589700.43,0.6465463142649382,0,0,0,0,0,1,10.6,0
MPLAD107960,Tamil Nadu,Coimbatore,MP_128,Vendor_061,1416042.16,318563.64,0.22496762384532396,0,0,0,0,0,1,29.1,0
MPLAD107961,Kerala,Kochi,MP_022,Vendor_090,2491214.32,1767139.28,0.7093485557677752,0,0,0,0,0,1,38.4,0
MPLAD107962,Kerala,Kochi,MP_104,Vendor_075,395771.7,395771.7,1.0,0,0,0,0,0,-1,54.2,1
MPLAD107963,Haryana,Gurugram,MP_091,Vendor_033,655335.35,198293.3,0.3025829447472962,0,0,0,0,0,1,31.1,0
MPLAD107964,Rajasthan,Jodhpur,MP_063,Vendor_010,725091.05,230672.92,0.3181295921388079,0,0,0,0,0,1,24.8,0
MPLAD107965,Kerala,Kochi,MP_085,Vendor_046,1223147.94,1043934.39,0.8534817055735712,0,0,0,0,0,-1,61.5,1
MPLAD107966,Telangana,Hyderabad,MP_143,Vendor_119,469103.17,469103.17,1.0,0,0,0,0,0,1,31.4,0
MPLAD107967,Maharashtra,Nashik,MP_011,Vendor_040,1687061.72,1611212.13,0.9550404178455308,0,0,0,0,0,1,25.2,0
MPLAD107968,Assam,Guwahati,MP_024,Vendor_077,404561.62,0.0,0.0,0,1,0,0,1,1,85.0,1
MPLAD107969,Bihar,Gaya,MP_060,Vendor_032,2258806.06,0.0,0.0,0,1,0,0,1,1,85.0,1
MPLAD107970,Haryana,Panipat,MP_026,Vendor_091,1704769.07,0.0,0.0,0,0,0,0,1,1,60.0,1
MPLAD107971,Odisha,Rourkela,MP_090,Vendor_068,839201.1,436080.52,0.5196376887494547,0,0,0,0,0,-1,51.2,1
MPLAD107972,Chhattisgarh,Bilaspur,MP_080,Vendor_101,986297.64,940034.37,0.9530940072005039,0,0,0,1,0,-1,80.0,1
MPLAD107973,West Bengal,Kolkata,MP_009,Vendor_006,2074379.92,1400603.76,0.6751915338632858,0,0,0,0,0,1,18.1,0
MPLAD107974,West Bengal,Kolkata,MP_056,Vendor_110,1403027.37,1122149.75,0.7998060294433172,0,0,0,0,0,1,20.0,0
MPLAD107975,Rajasthan,Jodhpur,MP_063,Vendor_017,586080.99,535094.98,0.9130051803932422,0,0,0,0,0,1,20.4,0
MPLAD107976,Gujarat,Ahmedabad,MP_015,Vendor_041,1291542.98,0.0,0.0,0,0,0,0,1,-1,60.0,1
MPLAD107977,Kerala,Thiruvananthapuram,MP_074,Vendor_001,1884358.96,1851931.21,0.9827910972970882,0,0,0,0,0,1,15.8,0
MPLAD107978,Gujarat,Surat,MP_053,Vendor_065,1953218.39,1841619.82,0.9428642641440623,0,0,0,0,0,1,16.6,0
MPLAD107979,Assam,Dibrugarh,MP_065,Vendor_046,513979.78,65402.81,0.12724782675302906,0,0,0,0,0,1,18.1,0
MPLAD107980,Bihar,Patna,MP_120,Vendor_043,839109.94,625776.79,0.7457625755213912,0,0,0,0,0,1,28.6,0
MPLAD107981,Gujarat,Ahmedabad,MP_047,Vendor_006,1388579.83,0.0,0.0,0,0,0,0,1,-1,60.0,1
MPLAD107982,Karnataka,Mysuru,MP_059,Vendor_069,884408.39,297299.62,0.3361564898768091,0,0,0,0,0,-1,45.6,1
MPLAD107983,Odisha,Rourkela,MP_106,Vendor_018,9654165.84,815597.99,0.08448145634921059,0,0,0,0,0,1,16.4,0
MPLAD107984,Tamil Nadu,Chennai,MP_135,Vendor_091,608297.61,547108.88,0.8994098793187763,0,0,0,0,0,-1,49.7,1
MPLAD107985,Kerala,Kochi,MP_086,Vendor_083,1726135.05,0.0,0.0,0,0,0,0,1,-1,60.0,1
MPLAD107986,Kerala,Kochi,MP_085,Vendor_054,2457040.66,2076487.81,0.8451173982607191,0,0,0,0,0,-1,54.4,1
MPLAD107987,Madhya Pradesh,Indore,MP_150,Vendor_101,691441.24,659876.51,0.9543493674169623,0,0,0,0,0,-1,40.0,1
MPLAD107988,Rajasthan,Jaipur,MP_004,Vendor_094,626893.18,0.0,0.0,0,0,0,0,1,-1,60.0,1
MPLAD107989,Rajasthan,Udaipur,MP_044,Vendor_026,811442.96,0.0,0.0,0,0,0,0,1,-1,60.0,1
MPLAD107990,Kerala,Kochi,MP_022,Vendor_084,3253099.9,3189660.67,0.9804988374319522,0,0,0,0,0,-1,61.1,1
MPLAD107991,Chhattisgarh,Raipur,MP_005,Vendor_013,2234665.64,2234665.64,1.0,0,0,0,0,0,1,30.5,0
MPLAD107992,Assam,Dibrugarh,MP_065,Vendor_120,328947.84,302908.01,0.9208390302851661,0,0,0,0,0,1,26.9,0
MPLAD107993,Karnataka,Mysuru,MP_034,Vendor_058,779691.6,745336.78,0.9559379375127295,0,0,0,0,0,-1,43.1,1
MPLAD107994,Punjab,Ludhiana,MP_030,Vendor_022,1602910.42,460494.58,0.28728653470229487,0,0,0,0,0,1,37.1,0
MPLAD107995,Kerala,Kozhikode,MP_043,Vendor_043,447304.02,0.0,0.0,0,0,0,0,1,1,60.0,1
MPLAD107996,Gujarat,Surat,MP_097,Vendor_056,2125837.4,0.0,0.0,0,0,0,0,1,1,60.0,1
MPLAD107997,Kerala,Kochi,MP_108,Vendor_017,4656740.55,0.0,0.0,0,0,0,0,1,1,60.0,1
MPLAD107998,Gujarat,Ahmedabad,MP_002,Vendor_058,686005.99,646674.45,0.9426658942147137,0,0,0,0,0,-1,40.2,1
MPLAD107999,Chhattisgarh,Bilaspur,MP_058,Vendor_117,1359342.25,0.0,0.0,0,0,0,0,1,1,60.0,1
MPLAD108000,West Bengal,Kolkata,MP_057,Vendor_044,2683945.33,2230929.82,0.8312128399426079,0,0,0,0,0,1,26.6,0
MPLAD108001,Punjab,Amritsar,MP_064,Vendor_017,573574.83,0.0,0.0,0,0,0,0,1,1,60.0,1
MPLAD108002,Haryana,Faridabad,MP_112,Vendor_015,543863.04,481739.34,0.8857732637981798,0,0,0,0,0,-1,44.9,1
MPLAD108003,Kerala,Kochi,MP_086,Vendor_085,958702.36,162386.17,0.1693812144157025,0,0,0,0,0,1,28.3,0
MPLAD108004,Punjab,Amritsar,MP_064,Vendor_080,1752709.71,0.0,0.0,0,0,0,0,1,1,60.0,1
MPLAD108005,Jharkhand,Jamshedpur,MP_118,Vendor_112,2266594.31,0.0,0.0,0,0,0,0,1,1,60.0,1
MPLAD108006,Tamil Nadu,Madurai,MP_087,Vendor_074,1202741.97,0.0,0.0,0,0,0,0,1,1,60.0,1
MPLAD108007,Punjab,Ludhiana,MP_030,Vendor_083,1060029.74,1029884.06,0.971561477133651,0,0,0,0,0,-1,42.8,1
MPLAD108008,Maharashtra,Mumbai,MP_105,Vendor_020,2048374.99,1947891.3,0.9509446802999679,0,0,0,0,0,-1,49.1,1
MPLAD108009,Jharkhand,Ranchi,MP_109,Vendor_029,3611062.0,851970.2,0.235933417925253,0,0,0,0,0,1,10.0,0
MPLAD108010,Gujarat,Ahmedabad,MP_015,Vendor_113,718611.76,624686.98,0.8692969065799869,0,0,0,0,0,-1,43.5,1
MPLAD108011,Maharashtra,Pune,MP_127,Vendor_005,844918.54,780233.23,0.9234419569015493,0,0,0,0,0,1,26.5,0
MPLAD108012,Gujarat,Ahmedabad,MP_100,Vendor_001,1178979.37,252172.24,0.21389029054851058,0,0,0,0,0,1,18.9,0
MPLAD108013,Uttar Pradesh,Lucknow,MP_049,Vendor_003,2325959.64,0.0,0.0,0,0,0,0,1,-1,60.0,1
MPLAD108014,Odisha,Bhubaneswar,MP_092,Vendor_109,2591013.74,0.0,0.0,0,0,0,0,1,1,60.0,1
MPLAD108015,Rajasthan,Udaipur,MP_044,Vendor_118,3189098.88,0.0,0.0,0,0,0,0,1,1,60.0,1
MPLAD108016,Gujarat,Ahmedabad,MP_027,Vendor_039,359739.03,132507.21,0.36834260102385885,0,0,0,0,0,1,24.5,0
MPLAD108017,Punjab,Jalandhar,MP_139,Vendor_020,1842450.6,811637.91,0.44052085304213856,0,0,0,0,0,1,12.5,0
MPLAD108018,Chhattisgarh,Raipur,MP_005,Vendor_018,368321.99,212033.61,0.5756745884219402,0,0,0,0,0,1,8.7,0
MPLAD108019,Jharkhand,Jamshedpur,MP_031,Vendor_063,850940.0,606056.96,0.7122205560909112,0,0,0,0,0,1,16.0,0
MPLAD108020,Telangana,Hyderabad,MP_041,Vendor_098,487877.81,273800.71,0.5612075490787335,0,0,0,0,0,-1,45.4,1
MPLAD108021,West Bengal,Siliguri,MP_032,Vendor_054,2367588.55,614783.9,0.2596666975771614,0,0,0,0,0,-1,42.1,1
MPLAD108022,Kerala,Kochi,MP_085,Vendor_098,1964450.63,1586142.84,0.8074231114680648,0,0,0,0,0,-1,48.7,1
MPLAD108023,Madhya Pradesh,Bhopal,MP_033,Vendor_021,1574441.5,364720.36,0.2316506265872692,0,0,0,0,0,1,13.2,0
MPLAD108024,Bihar,Bhagalpur,MP_110,Vendor_003,1420435.35,1325185.68,0.9329433261429321,0,0,0,0,0,-1,52.1,1
MPLAD108025,Bihar,Bhagalpur,MP_077,Vendor_111,1844350.97,1783076.85,0.966777407881321,0,0,0,0,0,-1,48.5,1
MPLAD108026,Uttar Pradesh,Varanasi,MP_096,Vendor_060,548785.15,680200.28,1.2394655358294588,0,0,1,0,0,1,90.0,1
MPLAD108027,Jharkhand,Ranchi,MP_107,Vendor_117,869528.64,811395.07,0.9331435822516437,0,0,0,0,0,1,35.3,0
MPLAD108028,Tamil Nadu,Madurai,MP_145,Vendor_019,1921627.5,743833.47,0.3870851504779152,0,0,0,0,0,1,19.0,0
MPLAD108029,Punjab,Ludhiana,MP_030,Vendor_058,2191585.2,2191585.2,1.0,0,0,0,0,0,-1,47.5,1
MPLAD108030,Punjab,Ludhiana,MP_124,Vendor_083,1182153.67,732574.55,0.6196948574376122,0,0,0,0,0,1,16.3,0
MPLAD108031,West Bengal,Kolkata,MP_009,Vendor_033,1513957.29,430069.99,0.2840700942098571,0,0,0,0,0,1,31.7,0
MPLAD108032,Haryana,Gurugram,MP_003,Vendor_115,1661702.68,0.0,0.0,0,0,0,0,1,1,60.0,1
MPLAD108033,Chhattisgarh,Raipur,MP_113,Vendor_030,2408942.0,1148711.55,0.47685313718636646,0,0,0,0,0,1,1.2,0
MPLAD108034,Odisha,Rourkela,MP_106,Vendor_037,215225.8,180714.94,0.8396527739704069,0,0,0,0,0,1,8.3,0
MPLAD108035,West Bengal,Siliguri,MP_111,Vendor_080,881220.95,0.0,0.0,0,0,0,0,1,-1,60.0,1
MPLAD108036,Rajasthan,Udaipur,MP_052,Vendor_083,1807870.98,0.0,0.0,0,0,0,0,1,1,60.0,1
MPLAD108037,Bihar,Bhagalpur,MP_147,Vendor_077,763643.23,166355.13,0.21784404479039252,0,0,0,0,0,1,11.0,0
MPLAD108038,Tamil Nadu,Coimbatore,MP_078,Vendor_010,1971200.08,0.0,0.0,0,0,0,0,1,-1,60.0,1
MPLAD108039,Gujarat,Surat,MP_053,Vendor_055,5043338.83,0.0,0.0,0,0,0,0,1,1,60.0,1
MPLAD108040,Karnataka,Mysuru,MP_062,Vendor_002,478704.5,469568.16,0.9809144472216158,0,0,0,0,0,1,33.6,0
MPLAD108041,Punjab,Ludhiana,MP_101,Vendor_108,1830936.5,1645524.39,0.8987337299791663,0,0,0,0,0,1,17.2,0
MPLAD108042,Punjab,Ludhiana,MP_101,Vendor_014,1088060.65,328333.68,0.3017604579303553,0,0,0,0,0,1,20.0,0
MPLAD108043,West Bengal,Kolkata,MP_001,Vendor_114,1724914.0,188751.76,0.10942676562425721,0,0,0,0,0,1,23.1,0
MPLAD108044,Uttar Pradesh,Varanasi,MP_007,Vendor_048,845781.1,0.0,0.0,0,0,0,0,1,1,60.0,1
MPLAD108045,Kerala,Kochi,MP_073,Vendor_045,2229476.5,1332803.25,0.5978099567319951,0,0,0,0,0,1,23.1,0
MPLAD108046,Andhra Pradesh,Vijayawada,MP_116,Vendor_050,760999.73,150938.74,0.1983426984921532,0,0,0,0,0,-1,42.7,1
MPLAD108047,Karnataka,Mysuru,MP_062,Vendor_105,2350339.63,1182663.97,0.5031885413088151,0,0,0,0,0,1,17.3,0
MPLAD108048,Assam,Dibrugarh,MP_075,Vendor_045,1594978.08,1389238.69,0.8710080141038677,0,0,0,0,0,1,38.2,0
MPLAD108049,Tamil Nadu,Madurai,MP_136,Vendor_025,2208203.32,191160.77,0.08656846417566295,0,0,0,0,0,1,11.0,0
MPLAD108050,Gujarat,Vadodara,MP_025,Vendor_002,1119560.62,18774.0,0.016769078569412343,0,1,0,0,0,-1,85.0,1
MPLAD108051,Madhya Pradesh,Bhopal,MP_084,Vendor_060,288568.84,286858.3,0.9940723329656798,0,0,0,0,0,-1,52.9,1
MPLAD108052,West Bengal,Kolkata,MP_054,Vendor_039,2457841.83,2088548.87,0.8497490947169697,0,0,0,0,0,1,25.3,0
MPLAD108053,Gujarat,Surat,MP_122,Vendor_049,1038342.21,829143.5,0.7985262392443817,0,0,0,0,0,-1,45.8,1
MPLAD108054,Punjab,Jalandhar,MP_139,Vendor_025,771802.62,737650.2,0.9557498003829009,0,0,0,0,0,1,25.0,0
MPLAD108055,Kerala,Thiruvananthapuram,MP_083,Vendor_053,970020.11,555576.17,0.572747063975818,0,0,0,0,0,1,28.3,0
MPLAD108056,Telangana,Hyderabad,MP_143,Vendor_081,2322574.39,2176294.22,0.9370180905163602,0,0,0,0,0,-1,48.9,1
MPLAD108057,Kerala,Thiruvananthapuram,MP_102,Vendor_087,2707333.83,2570296.67,0.9493829839225996,0,0,0,0,0,1,37.5,0
MPLAD108058,Bihar,Bhagalpur,MP_018,Vendor_084,2190809.55,2067648.74,0.9437829682639461,0,0,0,0,0,-1,40.1,1
MPLAD108059,Jharkhand,Jamshedpur,MP_046,Vendor_073,3872990.42,0.0,0.0,0,0,0,0,1,1,60.0,1
MPLAD108060,Gujarat,Surat,MP_053,Vendor_100,874094.4,600168.94,0.6866179900019951,0,0,0,0,0,1,27.7,0
MPLAD108061,Rajasthan,Jodhpur,MP_063,Vendor_110,1274451.1,516047.57,0.40491751311603874,0,0,0,0,0,-1,46.1,1
MPLAD108062,Uttar Pradesh,Varanasi,MP_007,Vendor_028,819160.86,795693.15,0.9713515242903574,0,0,0,0,0,-1,46.7,1
MPLAD108063,West Bengal,Kolkata,MP_057,Vendor_039,1451364.64,454561.65,0.3131960345954136,0,0,0,0,0,1,18.7,0
MPLAD108064,Karnataka,Mysuru,MP_062,Vendor_071,970693.27,773230.84,0.7965758740657591,0,0,0,0,0,-1,41.6,1
MPLAD108065,Tamil Nadu,Madurai,MP_087,Vendor_120,2656165.19,0.0,0.0,0,1,0,0,1,1,85.0,1
MPLAD108066,Jharkhand,Ranchi,MP_107,Vendor_025,1877156.59,313681.29,0.16710448753771787,0,0,0,0,0,1,31.9,0
MPLAD108067,Karnataka,Mysuru,MP_062,Vendor_068,1733921.48,605097.69,0.3489764080897135,0,0,0,0,0,1,28.1,0
MPLAD108068,Jharkhand,Ranchi,MP_035,Vendor_087,1579205.35,794815.2,0.5033007265331262,0,0,0,0,0,1,13.4,0
MPLAD108069,Punjab,Ludhiana,MP_124,Vendor_098,1457436.81,403190.95,0.27664386355110654,0,0,0,0,0,1,36.9,0
MPLAD108070,Madhya Pradesh,Indore,MP_038,Vendor_107,1514440.23,541757.05,0.35772758757207607,0,0,0,0,0,1,35.3,0
MPLAD108071,Kerala,Kochi,MP_073,Vendor_097,1518373.18,905673.14,0.5964759862262583,0,0,0,0,0,-1,60.7,1
MPLAD108072,Punjab,Ludhiana,MP_149,Vendor_007,1174964.48,876329.39,0.745834793235622,0,0,0,0,0,1,37.7,0
MPLAD108073,Gujarat,Ahmedabad,MP_095,Vendor_098,559085.24,174021.5,0.3112611236168567,0,0,0,0,0,1,25.1,0
MPLAD108074,Gujarat,Ahmedabad,MP_002,Vendor_107,1368491.05,362950.81,0.2652197177321693,0,0,0,0,0,-1,45.6,1
MPLAD108075,Haryana,Faridabad,MP_137,Vendor_046,841227.43,385888.2,0.45872041999391294,0,0,0,0,0,1,28.7,0
MPLAD108076,Gujarat,Vadodara,MP_040,Vendor_082,678398.61,628489.37,0.9264308044499089,0,0,0,0,0,1,35.7,0
MPLAD108077,Punjab,Jalandhar,MP_144,Vendor_051,1114667.3,429785.52,0.38557291489577206,0,0,0,0,0,1,19.8,0
MPLAD108078,Punjab,Amritsar,MP_098,Vendor_051,998199.51,276501.4,0.2770001359748213,0,0,0,0,0,1,16.1,0
MPLAD108079,Gujarat,Ahmedabad,MP_100,Vendor_068,501395.31,359475.01,0.7169492869807658,0,0,0,0,0,-1,51.5,1
MPLAD108080,Kerala,Kochi,MP_022,Vendor_022,1507412.78,870391.05,0.5774072381156276,0,0,0,0,0,1,37.4,0
MPLAD108081,Bihar,Bhagalpur,MP_077,Vendor_100,1001478.22,538370.22,0.5375755650482343,0,0,0,0,0,1,30.7,0
MPLAD108082,Gujarat,Ahmedabad,MP_027,Vendor_027,3270650.47,0.0,0.0,0,0,0,0,1,1,60.0,1
MPLAD108083,West Bengal,Siliguri,MP_111,Vendor_114,1190990.0,1085884.84,0.9117497544059985,0,0,0,0,0,1,21.7,0
MPLAD108084,Gujarat,Surat,MP_122,Vendor_025,437681.41,437681.41,1.0,0,0,0,0,0,1,34.7,0
MPLAD108085,Punjab,Ludhiana,MP_101,Vendor_089,2134390.25,1982012.45,0.9286082758295958,0,0,0,0,0,-1,43.5,1
MPLAD108086,Maharashtra,Pune,MP_014,Vendor_010,1639479.14,583695.51,0.3560249690032653,0,0,0,0,0,1,20.6,0
MPLAD108087,Bihar,Gaya,MP_072,Vendor_039,722683.58,9373.7,0.012970683518227994,0,1,0,0,0,1,85.0,1
MPLAD108088,Gujarat,Ahmedabad,MP_027,Vendor_034,2375795.49,878208.25,0.3696480836403978,0,0,0,0,0,-1,48.3,1
MPLAD108089,Kerala,Thiruvananthapuram,MP_083,Vendor_004,1305367.41,0.0,0.0,0,0,0,0,1,1,60.0,1
MPLAD108090,Punjab,Jalandhar,MP_144,Vendor_037,1696401.74,1536987.75,0.9060281617018384,0,0,0,0,0,1,37.3,0
MPLAD108091,Haryana,Gurugram,MP_091,Vendor_068,1696897.05,161037.28,0.09490103126763053,0,0,0,0,0,1,29.3,0
MPLAD108092,Rajasthan,Jaipur,MP_004,Vendor_028,1955964.08,1829529.59,0.9353595031254357,0,0,0,0,0,-1,45.6,1
MPLAD108093,Kerala,Kozhikode,MP_043,Vendor_017,1367211.01,1367211.01,1.0,0,0,0,0,0,-1,46.3,1
MPLAD108094,Gujarat,Vadodara,MP_093,Vendor_032,1959826.52,902314.85,0.4604054699698624,0,0,0,0,0,1,20.3,0
MPLAD108095,Kerala,Kozhikode,MP_043,Vendor_100,1413857.53,665685.97,0.47082959624651854,0,0,0,0,0,1,35.7,0
MPLAD108096,Assam,Guwahati,MP_024,Vendor_098,2304413.27,1038520.2,0.4506657783653537,0,0,0,0,0,1,10.5,0
MPLAD108097,Assam,Guwahati,MP_024,Vendor_088,11096588.42,11096588.42,1.0,0,0,0,0,0,-1,67.2,1
MPLAD108098,Assam,Silchar,MP_088,Vendor_075,500000.0,244763.48,0.48952696,0,0,0,0,0,1,33.0,0
MPLAD108099,Punjab,Amritsar,MP_064,Vendor_031,1467001.96,1357665.9,0.9254697246621265,0,0,0,0,0,1,32.0,0
MPLAD108100,Maharashtra,Mumbai,MP_105,Vendor_006,1779001.6,341983.47,0.19223336842417676,0,0,0,0,0,1,14.0,0
MPLAD108101,Jharkhand,Jamshedpur,MP_046,Vendor_003,992318.24,931234.43,0.9384433264070607,0,0,0,0,0,1,37.3,0
MPLAD108102,Karnataka,Mysuru,MP_034,Vendor_050,1315590.1,1160549.66,0.8821514087100533,0,0,0,0,0,1,29.9,0
MPLAD108103,Assam,Guwahati,MP_133,Vendor_048,724967.59,663074.02,0.9146257420969675,0,0,0,0,0,1,31.4,0
MPLAD108104,Haryana,Gurugram,MP_126,Vendor_025,1492977.71,0.0,0.0,0,0,0,0,1,1,60.0,1
MPLAD108105,Andhra Pradesh,Vijayawada,MP_116,Vendor_119,1530822.56,0.0,0.0,0,0,0,0,1,-1,60.0,1
MPLAD108106,Uttar Pradesh,Varanasi,MP_007,Vendor_042,905193.44,880425.84,0.972638334630441,0,0,0,0,0,-1,55.1,1
MPLAD108107,Uttar Pradesh,Lucknow,MP_049,Vendor_059,1058148.94,993122.9,0.9385473655532841,0,0,0,0,0,-1,44.9,1
MPLAD108108,West Bengal,Kolkata,MP_054,Vendor_028,651135.65,384617.58,0.5906873322018231,0,0,0,0,0,1,13.2,0
MPLAD108109,West Bengal,Siliguri,MP_071,Vendor_062,753021.31,743291.72,0.9870792634009254,0,0,0,0,0,1,19.6,0
MPLAD108110,Maharashtra,Mumbai,MP_061,Vendor_086,970952.55,0.0,0.0,0,1,0,0,1,1,85.0,1
MPLAD108111,Haryana,Panipat,MP_026,Vendor_069,961456.41,259205.13,0.2695963408263095,0,0,0,0,0,1,19.0,0
MPLAD108112,Assam,Dibrugarh,MP_075,Vendor_002,2369934.37,2369934.37,1.0,0,0,0,0,0,-1,42.2,1
MPLAD108113,Kerala,Kochi,MP_082,Vendor_054,906330.63,407171.43,0.44925264194149545,0,0,0,0,0,-1,51.7,1
MPLAD108114,Jharkhand,Ranchi,MP_109,Vendor_039,5788827.46,0.0,0.0,0,0,0,0,1,1,60.0,1
MPLAD108115,Karnataka,Hubballi,MP_029,Vendor_073,1437283.58,1402664.56,0.975913577194001,0,0,0,0,0,-1,56.0,1
MPLAD108116,Assam,Silchar,MP_129,Vendor_119,2516562.38,1072752.47,0.42627692384084676,0,0,0,0,0,1,32.6,0
MPLAD108117,Assam,Dibrugarh,MP_075,Vendor_118,2593391.53,2102523.57,0.810723543158946,0,0,0,0,0,1,28.1,0
MPLAD108118,Karnataka,Mysuru,MP_062,Vendor_091,1273100.22,0.0,0.0,0,0,0,0,1,1,60.0,1
MPLAD108119,Punjab,Amritsar,MP_098,Vendor_032,519134.07,0.0,0.0,0,0,0,0,1,1,60.0,1
MPLAD108120,Odisha,Rourkela,MP_106,Vendor_073,550197.69,195505.74,0.3553372606853366,0,0,0,0,0,1,37.3,0
MPLAD108121,Assam,Silchar,MP_129,Vendor_046,4732828.25,4732828.25,1.0,0,0,0,0,0,-1,46.4,1
MPLAD108122,West Bengal,Siliguri,MP_032,Vendor_066,12044667.37,7343397.34,0.6096803767524881,0,0,0,0,0,-1,40.6,1
MPLAD108123,Assam,Silchar,MP_129,Vendor_067,865157.35,774800.35,0.8955600388761651,0,0,0,0,0,1,23.2,0
MPLAD108124,Odisha,Rourkela,MP_106,Vendor_096,2633034.66,2231956.44,0.847674538397455,0,0,0,0,0,1,31.3,0
MPLAD108125,Chhattisgarh,Bilaspur,MP_080,Vendor_006,1750278.68,359846.56,0.20559386577227806,0,0,0,0,0,1,25.4,0
MPLAD108126,Odisha,Rourkela,MP_013,Vendor_052,1306518.71,276966.66,0.21198828449995943,0,0,0,0,0,-1,44.1,1
MPLAD108127,West Bengal,Kolkata,MP_057,Vendor_035,2289462.61,0.0,0.0,0,0,0,0,1,-1,60.0,1
MPLAD108128,Haryana,Gurugram,MP_003,Vendor_112,990754.51,90493.75,0.09133821656789631,0,0,0,0,0,1,15.8,0
MPLAD108129,Odisha,Cuttack,MP_010,Vendor_095,1166281.93,214374.05,0.18380980146026957,0,0,0,0,0,1,28.5,0
MPLAD108130,Chhattisgarh,Bilaspur,MP_081,Vendor_006,680774.85,339536.93,0.49875069562278923,0,0,0,0,0,-1,42.7,1
MPLAD108131,Jharkhand,Ranchi,MP_107,Vendor_040,1147554.47,0.0,0.0,0,0,0,0,1,1,60.0,1
MPLAD108132,Chhattisgarh,Raipur,MP_048,Vendor_015,2094784.58,101301.29,0.04835881024100339,0,1,0,0,0,1,85.0,1
MPLAD108133,Tamil Nadu,Coimbatore,MP_037,Vendor_010,1205846.95,597679.29,0.4956510359793173,0,0,0,0,0,1,15.6,0
MPLAD108134,Telangana,Hyderabad,MP_142,Vendor_068,989522.93,0.0,0.0,0,1,0,0,1,1,85.0,1
MPLAD108135,Karnataka,Hubballi,MP_029,Vendor_095,301926.64,301926.64,1.0,0,0,0,0,0,-1,60.0,1
MPLAD108136,Andhra Pradesh,Guntur,MP_119,Vendor_055,1833629.87,595144.79,0.32457193228424014,0,0,0,0,0,1,32.2,0
MPLAD108137,Punjab,Amritsar,MP_064,Vendor_096,886695.87,256549.45,0.2893319554990146,0,0,0,0,0,1,10.8,0
MPLAD108138,Assam,Silchar,MP_016,Vendor_032,2169229.42,0.0,0.0,0,0,0,0,1,1,60.0,1
MPLAD108139,Jharkhand,Ranchi,MP_035,Vendor_015,2182234.3,574622.94,0.2633186271519974,0,0,0,0,0,1,17.1,0
MPLAD108140,Rajasthan,Jodhpur,MP_063,Vendor_037,1132151.28,0.0,0.0,0,1,0,0,1,1,85.0,1
MPLAD108141,Kerala,Thiruvananthapuram,MP_102,Vendor_060,587999.05,14421.66,0.024526672279487523,0,0,0,0,0,1,14.0,0
MPLAD108142,Assam,Silchar,MP_129,Vendor_103,705304.32,212911.31,0.301871552410171,0,0,0,0,0,1,32.1,0
MPLAD108143,Chhattisgarh,Raipur,MP_113,Vendor_029,1671023.11,545538.5,0.3264697518157005,0,0,0,0,0,1,3.9,0
MPLAD108144,Karnataka,Hubballi,MP_029,Vendor_085,1135560.77,1135560.77,1.0,0,0,0,0,0,1,29.1,0
MPLAD108145,Gujarat,Surat,MP_053,Vendor_059,653912.76,90497.33,0.13839358326636722,0,0,0,0,0,-1,42.4,1
MPLAD108146,Rajasthan,Jaipur,MP_004,Vendor_070,3557849.09,1082730.04,0.3043215191569579,0,0,0,0,0,1,13.5,0
MPLAD108147,Gujarat,Surat,MP_053,Vendor_115,644793.75,525269.72,0.8146321517539523,0,0,0,0,0,-1,59.8,1
MPLAD108148,Assam,Dibrugarh,MP_123,Vendor_051,932193.39,497485.09,0.5336715485613989,0,0,0,0,0,1,25.3,0
MPLAD108149,Assam,Guwahati,MP_148,Vendor_085,639526.11,579261.37,0.9057665683110264,0,0,0,0,0,1,19.4,0
MPLAD108150,Madhya Pradesh,Bhopal,MP_084,Vendor_002,1590589.62,0.0,0.0,0,0,0,0,1,-1,60.0,1
MPLAD108151,Punjab,Jalandhar,MP_139,Vendor_015,2344383.27,2237247.09,0.954300910874526,0,0,0,0,0,-1,48.9,1
MPLAD108152,Punjab,Jalandhar,MP_114,Vendor_002,702825.84,545637.82,0.7763485474580729,0,0,0,0,0,1,30.1,0
MPLAD108153,Bihar,Patna,MP_120,Vendor_067,2586582.63,1002069.63,0.38741063918766055,0,0,0,0,0,1,8.0,0
MPLAD108154,West Bengal,Siliguri,MP_032,Vendor_005,306979.72,268421.22,0.8743939827686337,0,0,0,0,0,-1,41.9,1
MPLAD108155,Karnataka,Mysuru,MP_062,Vendor_039,4895354.88,1838963.36,0.37565475947680427,0,0,0,0,0,1,12.5,0
MPLAD108156,Punjab,Amritsar,MP_098,Vendor_112,1337018.85,1333828.73,0.9976140052176526,0,0,0,0,0,1,35.2,0
MPLAD108157,Bihar,Bhagalpur,MP_018,Vendor_017,711394.53,562203.57,0.7902837965313002,0,0,0,0,0,1,14.9,0
MPLAD108158,Andhra Pradesh,Guntur,MP_036,Vendor_053,1397017.64,0.0,0.0,0,0,0,0,1,-1,60.0,1
MPLAD108159,Jharkhand,Ranchi,MP_107,Vendor_033,430752.55,388821.65,0.9026566412665462,0,0,0,0,0,-1,61.2,1
MPLAD108160,Madhya Pradesh,Bhopal,MP_084,Vendor_086,1252918.11,0.0,0.0,0,0,0,0,1,1,60.0,1
MPLAD108161,Gujarat,Surat,MP_097,Vendor_085,564018.08,191781.13,0.34002656439665907,0,0,0,0,0,1,30.1,0
MPLAD108162,Punjab,Amritsar,MP_064,Vendor_082,2012753.71,922865.16,0.45850873627255667,0,0,0,0,0,1,28.4,0
MPLAD108163,Gujarat,Surat,MP_122,Vendor_006,863537.91,9250.56,0.01071239593870291,0,1,0,0,0,1,85.0,1
MPLAD108164,Kerala,Thiruvananthapuram,MP_102,Vendor_091,1637397.5,570064.77,0.34815295003198676,0,0,0,0,0,1,22.8,0
MPLAD108165,Kerala,Thiruvananthapuram,MP_134,Vendor_041,860537.88,0.0,0.0,0,0,0,0,1,1,60.0,1
MPLAD108166,Gujarat,Vadodara,MP_025,Vendor_058,1895028.59,611393.35,0.3226301456486205,0,0,0,0,0,1,21.9,0
MPLAD108167,Odisha,Rourkela,MP_090,Vendor_056,857730.95,698732.89,0.81462944761408,0,0,0,0,0,-1,51.1,1
MPLAD108168,Gujarat,Ahmedabad,MP_002,Vendor_070,2992653.92,749910.69,0.2505838329612132,0,0,0,0,0,1,24.2,0
MPLAD108169,Uttar Pradesh,Varanasi,MP_096,Vendor_077,707721.61,192970.01,0.2726637243703778,0,0,0,0,0,-1,62.8,1
MPLAD108170,Rajasthan,Udaipur,MP_044,Vendor_030,5090121.07,0.0,0.0,0,0,0,0,1,1,60.0,1
MPLAD108171,Rajasthan,Jodhpur,MP_099,Vendor_102,1806663.89,1618752.23,0.8959896962350867,0,0,0,0,0,1,20.2,0
MPLAD108172,Bihar,Gaya,MP_072,Vendor_052,2433693.01,673652.42,0.27680254544512173,0,0,0,0,0,-1,46.7,1
MPLAD108173,Haryana,Gurugram,MP_138,Vendor_073,717211.96,233199.69,0.32514751984894397,0,0,0,0,0,1,5.2,0
MPLAD108174,Kerala,Kochi,MP_086,Vendor_074,796119.26,262003.84,0.32910124545912883,0,0,0,0,0,-1,59.7,1
MPLAD108175,Tamil Nadu,Madurai,MP_042,Vendor_079,1618493.41,0.0,0.0,0,0,0,0,1,1,60.0,1
MPLAD108176,Maharashtra,Nashik,MP_011,Vendor_003,818835.35,188803.31,0.23057542642730314,0,0,0,0,0,1,16.4,0
MPLAD108177,Odisha,Bhubaneswar,MP_092,Vendor_118,856053.27,0.0,0.0,0,0,0,0,1,-1,60.0,1
MPLAD108178,Odisha,Bhubaneswar,MP_092,Vendor_012,786473.05,491367.57,0.6247735634425108,0,0,0,0,0,1,20.8,0
MPLAD108179,Kerala,Kochi,MP_086,Vendor_073,5261330.95,1915714.22,0.364112092207391,0,0,0,0,0,1,24.4,0
MPLAD108180,Chhattisgarh,Raipur,MP_005,Vendor_076,5705545.09,5705545.09,1.0,0,0,0,0,0,1,27.1,0
MPLAD108181,Punjab,Ludhiana,MP_101,Vendor_107,1975249.5,0.0,0.0,0,1,0,0,1,1,85.0,1
MPLAD108182,Rajasthan,Jodhpur,MP_099,Vendor_110,2862801.27,2489848.65,0.8697245862266926,0,0,0,0,0,-1,40.6,1
MPLAD108183,Rajasthan,Udaipur,MP_023,Vendor_085,2321324.05,1989322.02,0.8569773013810804,0,0,0,0,0,1,23.7,0
MPLAD108184,Chhattisgarh,Bilaspur,MP_080,Vendor_105,1523274.75,825512.26,0.5419326093339366,0,0,0,0,0,1,34.2,0
MPLAD108185,Assam,Guwahati,MP_133,Vendor_044,3006345.6,0.0,0.0,0,0,0,0,1,1,60.0,1
MPLAD108186,Punjab,Amritsar,MP_012,Vendor_017,1549741.61,1453690.38,0.9380211324389747,0,0,0,0,0,-1,46.2,1
MPLAD108187,West Bengal,Siliguri,MP_111,Vendor_098,1010982.18,573727.97,0.5674956308329786,0,0,0,0,0,1,19.9,0
MPLAD108188,Madhya Pradesh,Bhopal,MP_033,Vendor_017,708163.83,660590.45,0.9328215054417563,0,0,0,0,0,1,24.8,0
MPLAD108189,West Bengal,Siliguri,MP_071,Vendor_091,1649038.8,1456562.4,0.8832796414493097,0,0,0,0,0,1,32.8,0
MPLAD108190,Tamil Nadu,Madurai,MP_136,Vendor_078,1360185.76,334095.83,0.24562514902376276,0,0,0,0,0,1,14.0,0
MPLAD108191,Rajasthan,Udaipur,MP_044,Vendor_045,2427743.99,0.0,0.0,0,0,0,0,1,1,60.0,1
MPLAD108192,Tamil Nadu,Chennai,MP_066,Vendor_116,751049.97,371971.61,0.49526879017117864,0,0,0,0,0,-1,58.0,1
MPLAD108193,Odisha,Bhubaneswar,MP_092,Vendor_074,2457473.74,2457473.74,1.0,0,0,0,0,0,-1,40.8,1
MPLAD108194,Rajasthan,Jodhpur,MP_099,Vendor_021,1089680.07,283550.41,0.2602143673234291,0,0,0,0,0,1,9.9,0
MPLAD108195,Punjab,Jalandhar,MP_045,Vendor_016,1665573.93,0.0,0.0,0,0,0,0,1,1,60.0,1
MPLAD108196,Haryana,Panipat,MP_026,Vendor_069,957405.0,514635.49,0.5375316506598565,0,0,0,0,0,1,36.6,0
MPLAD108197,Kerala,Thiruvananthapuram,MP_083,Vendor_042,376469.06,0.0,0.0,0,1,0,0,1,1,85.0,1
MPLAD108198,Jharkhand,Jamshedpur,MP_118,Vendor_010,755765.48,854595.33,1.1307678805335222,0,0,1,0,0,-1,90.0,1
MPLAD108199,Maharashtra,Pune,MP_014,Vendor_021,1081549.95,0.0,0.0,0,0,0,0,1,1,60.0,1
MPLAD108200,Punjab,Ludhiana,MP_141,Vendor_098,971827.23,0.0,0.0,0,0,0,0,1,1,60.0,1
MPLAD108201,Gujarat,Vadodara,MP_093,Vendor_052,346114.16,0.0,0.0,0,0,0,0,1,-1,60.0,1
MPLAD108202,Assam,Dibrugarh,MP_131,Vendor_052,2845136.22,2345514.24,0.824394355360602,0,0,0,0,0,-1,59.5,1
MPLAD108203,Karnataka,Mysuru,MP_059,Vendor_025,627201.84,623608.66,0.9942710946128603,0,0,0,0,0,1,16.6,0
MPLAD108204,Gujarat,Vadodara,MP_025,Vendor_105,2500000.0,2500000.0,1.0,0,0,0,0,1,1,60.0,1
MPLAD108205,Haryana,Faridabad,MP_055,Vendor_008,845116.23,389889.32,0.461344021283321,0,0,0,0,0,1,14.6,0
MPLAD108206,Telangana,Hyderabad,MP_140,Vendor_091,1127575.01,439182.62,0.38949304135429536,0,0,0,0,0,1,31.6,0
MPLAD108207,Bihar,Patna,MP_028,Vendor_007,472483.33,472483.33,1.0,0,0,0,0,0,-1,58.4,1
MPLAD108208,Gujarat,Ahmedabad,MP_021,Vendor_092,3542065.16,3303498.54,0.9326475913842307,0,0,0,0,0,1,30.5,0
MPLAD108209,Kerala,Kozhikode,MP_043,Vendor_067,1007658.72,917689.24,0.9107143339165467,0,0,0,0,0,-1,46.9,1
MPLAD108210,West Bengal,Siliguri,MP_071,Vendor_018,1499500.15,0.0,0.0,0,0,0,0,1,1,60.0,1
MPLAD108211,West Bengal,Siliguri,MP_032,Vendor_107,864482.09,269127.73,0.3113167214372249,0,0,0,0,0,1,26.1,0
MPLAD108212,Rajasthan,Udaipur,MP_023,Vendor_043,961379.37,31449.34,0.03271272609063787,0,1,0,0,0,1,85.0,1
MPLAD108213,Maharashtra,Mumbai,MP_067,Vendor_089,1346790.42,0.0,0.0,0,0,0,0,1,1,60.0,1
MPLAD108214,Assam,Guwahati,MP_148,Vendor_091,2163057.73,745225.44,0.3445240640895886,0,0,0,0,0,1,27.5,0
MPLAD108215,Gujarat,Ahmedabad,MP_047,Vendor_005,901587.73,44721.98,0.04960358100703079,0,1,0,0,0,1,85.0,1
MPLAD108216,Tamil Nadu,Madurai,MP_145,Vendor_082,769014.27,375919.5,0.48883293153974894,0,0,0,0,0,1,15.7,0
MPLAD108217,Gujarat,Surat,MP_053,Vendor_041,902060.07,0.0,0.0,0,1,0,0,1,1,85.0,1
MPLAD108218,Rajasthan,Udaipur,MP_044,Vendor_113,942634.46,921454.11,0.9775306856488145,0,0,0,1,0,1,80.0,1
MPLAD108219,Jharkhand,Jamshedpur,MP_031,Vendor_082,1983157.97,1670984.09,0.8425874868657085,0,0,0,0,0,1,33.7,0
MPLAD108220,Andhra Pradesh,Guntur,MP_119,Vendor_025,2215511.5,819539.89,0.36991001400805185,0,0,0,0,0,1,33.6,0
MPLAD108221,Punjab,Amritsar,MP_098,Vendor_091,1725917.66,455965.2,0.26418711075706824,0,0,0,0,0,1,32.3,0
MPLAD108222,Chhattisgarh,Bilaspur,MP_130,Vendor_047,1672036.39,0.0,0.0,0,1,0,0,1,1,85.0,1
MPLAD108223,Rajasthan,Jodhpur,MP_063,Vendor_103,808130.72,751022.5,0.9293329425714691,0,0,0,0,0,-1,57.3,1
MPLAD108224,Tamil Nadu,Chennai,MP_135,Vendor_090,688545.2,128089.84,0.18602967532124254,0,0,0,0,0,-1,50.2,1
MPLAD108225,Jharkhand,Jamshedpur,MP_031,Vendor_053,5826825.63,0.0,0.0,0,0,0,0,1,1,60.0,1
MPLAD108226,Odisha,Cuttack,MP_039,Vendor_030,408297.88,259675.32,0.6359947791058822,0,0,0,0,0,1,11.3,0
MPLAD108227,Gujarat,Vadodara,MP_093,Vendor_022,860828.89,658304.45,0.7647332212560849,0,0,0,0,0,1,24.1,0
MPLAD108228,Jharkhand,Ranchi,MP_109,Vendor_024,635738.32,222546.87,0.3500604934432771,0,0,0,0,0,1,0.2,0
MPLAD108229,Assam,Dibrugarh,MP_123,Vendor_116,1206500.97,219152.73,0.18164322735687483,0,0,0,0,0,-1,52.1,1
MPLAD108230,Tamil Nadu,Coimbatore,MP_037,Vendor_061,931266.8,84937.65,0.09120656937410417,0,0,0,0,0,1,32.5,0
MPLAD108231,Gujarat,Ahmedabad,MP_027,Vendor_071,1771277.11,0.0,0.0,0,0,0,0,1,1,60.0,1
MPLAD108232,Uttar Pradesh,Varanasi,MP_096,Vendor_102,1487992.03,0.0,0.0,0,1,0,0,1,1,85.0,1
MPLAD108233,Maharashtra,Pune,MP_014,Vendor_053,876694.6,784751.25,0.8951249956370212,0,0,0,0,0,1,8.4,0
MPLAD108234,West Bengal,Siliguri,MP_071,Vendor_117,2422976.71,431778.32,0.17820159732364907,0,0,0,0,0,1,31.1,0
MPLAD108235,Chhattisgarh,Raipur,MP_048,Vendor_012,1035573.43,797741.57,0.7703380049061319,0,0,0,0,0,-1,48.6,1
MPLAD108236,Assam,Silchar,MP_076,Vendor_036,1114140.56,512439.16,0.45994121244450514,0,0,0,0,0,-1,40.5,1
MPLAD108237,Tamil Nadu,Coimbatore,MP_128,Vendor_037,707597.58,595944.13,0.8422076994666942,0,0,0,0,0,1,21.0,0
MPLAD108238,Gujarat,Surat,MP_053,Vendor_090,1976019.74,1800975.67,0.9114158292770901,0,0,0,0,0,1,16.8,0
MPLAD108239,Punjab,Jalandhar,MP_146,Vendor_077,2800457.94,2555189.2,0.91241834540818,0,0,0,0,0,-1,52.7,1
MPLAD108240,Kerala,Kochi,MP_082,Vendor_003,1206977.4,1162596.76,0.963229932888553,0,0,0,0,0,1,34.9,0
MPLAD108241,Gujarat,Surat,MP_006,Vendor_105,325778.18,306509.67,0.9408538963536477,0,0,0,0,0,1,20.1,0
MPLAD108242,Chhattisgarh,Bilaspur,MP_081,Vendor_079,578471.23,528392.14,0.9134285554702523,0,0,0,0,0,1,25.3,0
MPLAD108243,Rajasthan,Jaipur,MP_004,Vendor_020,830059.89,1093017.43,1.3167934545060356,0,0,1,0,0,-1,90.0,1
MPLAD108244,Haryana,Faridabad,MP_055,Vendor_076,307419.88,0.0,0.0,0,0,0,0,1,1,60.0,1
MPLAD108245,Odisha,Bhubaneswar,MP_092,Vendor_054,686098.86,556223.18,0.8107041308886594,0,0,0,0,0,-1,53.6,1
MPLAD108246,Punjab,Jalandhar,MP_144,Vendor_023,316186.3,252483.22,0.7985267546380094,0,0,0,0,0,1,22.7,0
MPLAD108247,Uttar Pradesh,Varanasi,MP_096,Vendor_058,918778.5,918778.5,1.0,0,0,0,0,0,-1,52.2,1
MPLAD108248,Maharashtra,Mumbai,MP_061,Vendor_054,1321723.79,585788.01,0.4432000198770728,0,0,0,0,0,1,35.4,0
MPLAD108249,Jharkhand,Ranchi,MP_107,Vendor_116,924001.04,370615.09,0.40109813079864065,0,0,0,0,0,-1,54.6,1
MPLAD108250,Odisha,Rourkela,MP_090,Vendor_057,1456184.51,956131.12,0.656600254592737,0,0,0,0,0,1,20.8,0
MPLAD108251,Tamil Nadu,Madurai,MP_145,Vendor_022,1058550.77,1058550.77,1.0,0,0,0,0,0,-1,59.6,1
MPLAD108252,Bihar,Gaya,MP_072,Vendor_078,1534686.73,0.0,0.0,0,0,0,0,1,1,60.0,1
MPLAD108253,Assam,Dibrugarh,MP_131,Vendor_115,2267336.53,2089357.96,0.9215032406327437,0,0,0,0,0,1,29.6,0
MPLAD108254,Madhya Pradesh,Indore,MP_150,Vendor_103,1148076.88,1247481.39,1.086583496046014,0,0,1,0,0,-1,90.0,1
MPLAD108255,Maharashtra,Mumbai,MP_069,Vendor_079,1042105.67,0.0,0.0,0,0,0,0,1,1,60.0,1
MPLAD108256,Haryana,Faridabad,MP_112,Vendor_056,314984.56,0.0,0.0,0,0,0,0,1,1,60.0,1
MPLAD108257,Punjab,Jalandhar,MP_045,Vendor_034,1470409.17,0.0,0.0,0,0,0,0,1,1,60.0,1
MPLAD108258,Bihar,Patna,MP_120,Vendor_033,577814.16,473344.99,0.819199359877231,0,0,0,0,0,1,36.3,0
MPLAD108259,Haryana,Panipat,MP_026,Vendor_032,740558.46,0.0,0.0,0,0,0,0,1,1,60.0,1
MPLAD108260,Gujarat,Ahmedabad,MP_002,Vendor_046,490192.65,342029.88,0.6977458352343716,0,0,0,0,0,1,29.8,0
MPLAD108261,Kerala,Kochi,MP_108,Vendor_008,1029988.04,1029988.04,1.0,0,0,0,0,0,-1,61.9,1
MPLAD108262,Kerala,Thiruvananthapuram,MP_083,Vendor_089,646907.55,101780.42,0.15733379522313504,0,0,0,0,0,1,38.9,0
MPLAD108263,Jharkhand,Ranchi,MP_107,Vendor_001,576989.35,0.0,0.0,0,0,0,0,1,1,60.0,1
MPLAD108264,Kerala,Kochi,MP_022,Vendor_054,1039419.92,447002.04,0.4300495222373648,0,0,0,0,0,-1,71.3,1
MPLAD108265,Tamil Nadu,Madurai,MP_087,Vendor_005,466696.76,217538.97,0.46612487731862545,0,0,0,0,0,1,30.8,0
MPLAD108266,Tamil Nadu,Chennai,MP_066,Vendor_031,959955.65,394895.84,0.4113688377166174,0,0,0,0,0,1,37.4,0
MPLAD108267,Rajasthan,Jodhpur,MP_099,Vendor_062,613358.71,40091.43,0.06536375753105389,0,0,0,0,0,-1,39.5,1
MPLAD108268,Chhattisgarh,Raipur,MP_048,Vendor_115,1115723.26,430794.35,0.3861121887877465,0,0,0,0,0,1,8.9,0
MPLAD108269,Assam,Guwahati,MP_148,Vendor_087,928356.02,837922.62,0.9025875870336899,0,0,0,0,0,1,35.6,0
MPLAD108270,Rajasthan,Jodhpur,MP_063,Vendor_103,862919.27,233493.89,0.27058601901427004,0,0,0,0,0,1,26.2,0
MPLAD108271,Punjab,Amritsar,MP_012,Vendor_010,1561878.3,904488.12,0.5791028148607993,0,0,0,0,0,1,26.6,0
MPLAD108272,Chhattisgarh,Bilaspur,MP_058,Vendor_060,762131.87,250635.68,0.328861303228272,0,0,0,0,0,1,6.0,0
MPLAD108273,Punjab,Ludhiana,MP_124,Vendor_004,1781040.31,0.0,0.0,0,0,0,0,1,1,60.0,1
MPLAD108274,Karnataka,Mysuru,MP_059,Vendor_100,5032744.95,3178467.27,0.6315573909621627,0,0,0,0,0,1,38.7,0
MPLAD108275,Jharkhand,Ranchi,MP_051,Vendor_113,807244.04,155709.49,0.1928902318064807,0,0,0,0,0,1,4.7,0
MPLAD108276,Jharkhand,Ranchi,MP_051,Vendor_082,3094410.59,1085485.71,0.35078916595874243,0,0,0,0,0,1,10.0,0
MPLAD108277,Haryana,Gurugram,MP_126,Vendor_020,1364066.9,1172044.28,0.8592278575193051,0,0,0,0,0,1,33.0,0
MPLAD108278,Assam,Guwahati,MP_148,Vendor_011,756894.35,192901.87,0.2548597039996401,0,0,0,0,0,-1,49.8,1
MPLAD108279,Punjab,Ludhiana,MP_124,Vendor_070,446667.93,138104.32,0.30918790162526333,0,0,0,0,0,1,13.7,0
MPLAD108280,Punjab,Amritsar,MP_098,Vendor_061,1565790.47,884186.13,0.5646899421989713,0,0,0,0,0,-1,41.9,1
MPLAD108281,Maharashtra,Mumbai,MP_067,Vendor_033,1185974.91,0.0,0.0,0,0,0,0,1,1,60.0,1
MPLAD108282,Gujarat,Ahmedabad,MP_095,Vendor_003,1270984.62,383066.52,0.30139351332197867,0,0,0,0,0,1,36.5,0
MPLAD108283,Kerala,Thiruvananthapuram,MP_074,Vendor_082,1147966.91,304347.79,0.26511895713091593,0,0,0,0,0,1,29.2,0
MPLAD108284,Gujarat,Ahmedabad,MP_100,Vendor_097,1056174.14,217061.81,0.2055170655854157,0,0,0,0,0,-1,67.2,1
MPLAD108285,Chhattisgarh,Bilaspur,MP_058,Vendor_021,848410.05,386838.56,0.4559570693440041,0,0,0,0,0,1,25.5,0
MPLAD108286,Punjab,Ludhiana,MP_124,Vendor_036,1051266.84,812419.67,0.7728006240546881,0,0,0,0,0,-1,42.2,1
MPLAD108287,Andhra Pradesh,Guntur,MP_119,Vendor_042,2283254.97,0.0,0.0,0,1,0,0,1,-1,85.0,1
MPLAD108288,Chhattisgarh,Raipur,MP_005,Vendor_067,2089004.1,1823431.16,0.8728710297887878,0,0,0,0,0,1,26.2,0
MPLAD108289,Haryana,Faridabad,MP_112,Vendor_012,1754729.88,254646.42,0.14512001129199442,0,0,0,0,0,1,37.8,0
MPLAD108290,Assam,Silchar,MP_016,Vendor_051,3750936.25,882050.75,0.23515482301252122,0,0,0,0,0,1,20.5,0
MPLAD108291,Odisha,Bhubaneswar,MP_092,Vendor_011,568671.88,352077.09,0.619121680502296,0,0,0,0,0,-1,66.1,1
MPLAD108292,Rajasthan,Jodhpur,MP_063,Vendor_021,743461.77,0.0,0.0,0,0,0,0,1,1,60.0,1
MPLAD108293,Assam,Dibrugarh,MP_117,Vendor_075,1247383.52,1130610.0,0.9063852310634984,0,0,0,0,0,-1,39.7,1
MPLAD108294,Assam,Dibrugarh,MP_065,Vendor_035,338500.35,332509.55,0.9823019385356618,0,0,0,0,0,-1,49.7,1
MPLAD108295,Tamil Nadu,Madurai,MP_125,Vendor_029,2507537.55,441706.0,0.17615130030654977,0,0,0,0,0,1,7.2,0
MPLAD108296,Gujarat,Surat,MP_097,Vendor_090,775155.24,0.0,0.0,0,0,0,0,1,1,60.0,1
MPLAD108297,Madhya Pradesh,Bhopal,MP_084,Vendor_078,1229638.75,1167657.64,0.9495940494718468,0,0,0,0,0,1,33.7,0
MPLAD108298,Haryana,Gurugram,MP_138,Vendor_100,3954009.22,0.0,0.0,0,1,0,0,1,1,85.0,1
MPLAD108299,Punjab,Ludhiana,MP_101,Vendor_090,449032.5,0.0,0.0,0,0,0,0,1,1,60.0,1
MPLAD108300,Andhra Pradesh,Guntur,MP_119,Vendor_016,463942.34,490858.91,1.0580170587577757,0,0,1,0,0,-1,90.0,1
MPLAD108301,Assam,Guwahati,MP_148,Vendor_042,1616153.58,1494185.69,0.9245319928072676,0,0,0,0,0,1,38.8,0
MPLAD108302,Jharkhand,Ranchi,MP_051,Vendor_084,384398.87,139270.53,0.3623073345663061,0,0,0,0,0,1,35.7,0
MPLAD108303,Jharkhand,Jamshedpur,MP_118,Vendor_055,1960227.05,965554.0,0.49257253132998036,0,0,0,0,0,1,35.0,0
MPLAD108304,Punjab,Jalandhar,MP_139,Vendor_032,1748198.23,1562081.56,0.8935380056985872,0,0,0,0,0,-1,48.6,1
MPLAD108305,Gujarat,Surat,MP_097,Vendor_059,11122622.41,11025716.15,0.9912874629356405,0,0,0,0,0,-1,47.6,1
MPLAD108306,Chhattisgarh,Bilaspur,MP_130,Vendor_024,461420.56,413855.53,0.8969161018746109,0,0,0,0,0,1,18.6,0
MPLAD108307,Kerala,Kochi,MP_082,Vendor_108,3463095.84,3436020.36,0.9921817121873243,0,0,0,0,0,1,34.1,0
MPLAD108308,Chhattisgarh,Bilaspur,MP_103,Vendor_060,2755642.27,2455882.4,0.8912195994148399,0,0,0,0,0,1,25.4,0
MPLAD108309,Gujarat,Ahmedabad,MP_027,Vendor_118,14757218.12,5620198.6,0.3808440421696498,0,0,0,0,0,-1,48.0,1
MPLAD108310,Kerala,Kochi,MP_086,Vendor_080,2241873.57,1687861.52,0.7528798869777479,0,0,0,0,0,-1,39.6,1
MPLAD108311,Punjab,Amritsar,MP_098,Vendor_033,374968.54,0.0,0.0,0,0,0,0,1,1,60.0,1
MPLAD108312,Kerala,Kochi,MP_086,Vendor_091,7008615.55,1499244.4,0.21391448700592516,0,0,0,0,0,1,36.7,0
MPLAD108313,Bihar,Gaya,MP_072,Vendor_012,2901988.6,803643.88,0.2769286826281812,0,0,0,0,0,1,19.2,0
MPLAD108314,Gujarat,Ahmedabad,MP_095,Vendor_044,4572654.98,3946083.82,0.8629743195713401,0,0,0,0,0,-1,53.4,1
MPLAD108315,Rajasthan,Jodhpur,MP_063,Vendor_047,2969729.55,860835.69,0.28987006241022856,0,0,0,0,0,-1,52.1,1
MPLAD108316,Jharkhand,Jamshedpur,MP_046,Vendor_113,733790.55,639189.34,0.8710787294821389,0,0,0,0,0,1,15.7,0
MPLAD108317,Kerala,Thiruvananthapuram,MP_134,Vendor_107,1098576.83,943177.05,0.8585444588340717,0,0,0,0,0,1,35.0,0
MPLAD108318,West Bengal,Siliguri,MP_071,Vendor_033,1958972.01,0.0,0.0,0,0,0,0,1,1,60.0,1
MPLAD108319,Gujarat,Surat,MP_097,Vendor_056,2012933.92,429955.09,0.21359622674548603,0,0,0,0,0,1,33.9,0
MPLAD108320,West Bengal,Kolkata,MP_001,Vendor_070,3120265.19,897137.86,0.2875197476404241,0,0,0,0,0,1,13.8,0
MPLAD108321,Chhattisgarh,Bilaspur,MP_080,Vendor_101,604519.84,236633.75,0.39144083343898195,0,0,0,0,0,-1,51.1,1
MPLAD108322,Kerala,Kochi,MP_108,Vendor_009,812713.61,234406.9,0.2884249717437364,0,0,0,0,0,1,21.0,0
MPLAD108323,West Bengal,Kolkata,MP_057,Vendor_046,3034267.06,764331.44,0.2518998574898018,0,0,0,0,0,1,12.6,0
MPLAD108324,Assam,Dibrugarh,MP_131,Vendor_062,822504.54,318061.78,0.38669911779453525,0,0,0,0,0,1,17.0,0
MPLAD108325,Jharkhand,Jamshedpur,MP_031,Vendor_039,861792.49,740674.08,0.8594575708126674,0,0,0,0,0,1,34.4,0
MPLAD108326,Haryana,Faridabad,MP_112,Vendor_100,1601894.74,707325.02,0.441555242262672,0,0,0,0,0,1,12.8,0
MPLAD108327,Tamil Nadu,Madurai,MP_145,Vendor_090,530876.74,0.0,0.0,0,0,0,0,1,1,60.0,1
MPLAD108328,Gujarat,Vadodara,MP_040,Vendor_109,1532703.59,446910.72,0.291583266925081,0,0,0,0,0,1,22.0,0
MPLAD108329,Punjab,Ludhiana,MP_030,Vendor_108,2247263.16,1070382.2,0.4763047866632584,0,0,0,0,0,-1,42.0,1
MPLAD108330,Assam,Silchar,MP_129,Vendor_051,2223027.54,2223027.54,1.0,0,0,0,0,0,-1,43.7,1
MPLAD108331,Bihar,Patna,MP_028,Vendor_094,908429.09,515613.8,0.5675883849118042,0,0,0,0,0,1,6.3,0
MPLAD108332,Rajasthan,Jodhpur,MP_063,Vendor_042,4908670.46,2008826.72,0.409240493198641,0,0,0,0,0,1,13.8,0
MPLAD108333,West Bengal,Kolkata,MP_057,Vendor_009,1168961.3,420948.32,0.3601045817342285,0,0,0,0,0,1,14.0,0
MPLAD108334,Kerala,Thiruvananthapuram,MP_083,Vendor_077,1953668.46,0.0,0.0,0,0,0,0,1,1,60.0,1
MPLAD108335,Gujarat,Ahmedabad,MP_002,Vendor_120,1454687.01,1419608.74,0.9758860361308925,0,0,0,0,0,-1,43.1,1
MPLAD108336,Rajasthan,Jaipur,MP_004,Vendor_022,707626.83,470403.73,0.6647624285246505,0,0,0,0,0,1,35.3,0
MPLAD108337,Bihar,Bhagalpur,MP_018,Vendor_058,1627377.84,0.0,0.0,0,1,0,0,1,1,85.0,1
MPLAD108338,Jharkhand,Ranchi,MP_035,Vendor_053,3261865.64,721366.65,0.22115155239809325,0,0,0,0,0,1,11.5,0
MPLAD108339,Madhya Pradesh,Indore,MP_038,Vendor_110,1971166.52,753845.33,0.38243614750518384,0,0,0,0,0,1,30.5,0
MPLAD108340,Tamil Nadu,Chennai,MP_135,Vendor_009,569600.28,511268.15,0.8975911142459411,0,0,0,0,0,1,25.0,0
MPLAD108341,Telangana,Hyderabad,MP_041,Vendor_117,1470548.25,865046.36,0.5882475192500484,0,0,0,0,0,1,36.4,0
MPLAD108342,Bihar,Gaya,MP_072,Vendor_042,3794617.99,233260.11,0.06147130241165593,0,0,0,0,0,-1,51.1,1
MPLAD108343,Chhattisgarh,Bilaspur,MP_081,Vendor_050,697602.38,0.0,0.0,0,0,0,0,1,1,60.0,1
MPLAD108344,Chhattisgarh,Bilaspur,MP_094,Vendor_086,1224065.07,1038155.0,0.8481207620768069,0,0,0,0,0,1,23.2,0
MPLAD108345,Uttar Pradesh,Varanasi,MP_096,Vendor_108,1818003.97,1787518.38,0.983231285243013,0,0,0,0,0,1,37.2,0
MPLAD108346,Chhattisgarh,Bilaspur,MP_103,Vendor_046,752853.18,748701.58,0.9944855117700372,0,0,0,0,0,-1,60.0,1
MPLAD108347,Chhattisgarh,Raipur,MP_020,Vendor_043,1115144.52,802405.0,0.7195524755840615,0,0,0,0,0,1,6.9,0
MPLAD108348,Assam,Dibrugarh,MP_075,Vendor_073,1564900.63,1393928.72,0.8907458360471106,0,0,0,0,0,1,32.1,0
MPLAD108349,Tamil Nadu,Madurai,MP_087,Vendor_020,863026.45,236851.1,0.27444245770219444,0,0,0,0,0,1,35.2,0
MPLAD108350,Haryana,Gurugram,MP_091,Vendor_097,676189.22,191011.5,0.28248232055518424,0,0,0,0,0,-1,78.3,1
MPLAD108351,Kerala,Kozhikode,MP_043,Vendor_112,1554547.55,1440818.51,0.9268410670358717,0,0,0,0,0,-1,46.1,1
MPLAD108352,Telangana,Hyderabad,MP_041,Vendor_028,2661267.51,2574514.66,0.9674016799611401,0,0,0,0,0,-1,40.6,1
MPLAD108353,Gujarat,Ahmedabad,MP_015,Vendor_077,785161.88,326603.61,0.41596977428399856,0,0,0,0,0,1,25.7,0
MPLAD108354,Odisha,Rourkela,MP_013,Vendor_057,909750.01,317528.51,0.3490283116347534,0,0,0,0,0,1,4.8,0
MPLAD108355,Jharkhand,Ranchi,MP_051,Vendor_025,2135248.16,1909297.13,0.8941804356829418,0,0,0,0,0,1,19.8,0
MPLAD108356,Chhattisgarh,Raipur,MP_048,Vendor_056,2000673.3,690019.99,0.3448938864731188,0,0,0,0,0,-1,62.1,1
MPLAD108357,Kerala,Kochi,MP_022,Vendor_070,1583466.75,1478292.61,0.9335798241421868,0,0,0,0,0,1,33.0,0
MPLAD108358,Odisha,Rourkela,MP_013,Vendor_011,219545.05,0.0,0.0,0,0,0,0,1,-1,60.0,1
MPLAD108359,Chhattisgarh,Bilaspur,MP_130,Vendor_075,2515191.35,2232592.04,0.887643017697242,0,0,0,0,0,-1,48.9,1
MPLAD108360,Haryana,Faridabad,MP_137,Vendor_092,1774827.85,1689040.47,0.9516643938171242,0,0,0,0,0,1,13.3,0
MPLAD108361,Kerala,Kochi,MP_086,Vendor_060,827608.22,753797.68,0.9108146364230167,0,0,0,0,0,-1,44.1,1
MPLAD108362,Karnataka,Mysuru,MP_019,Vendor_006,633229.31,620843.59,0.9804403873851005,0,0,0,0,0,1,37.1,0
MPLAD108363,Maharashtra,Pune,MP_014,Vendor_033,1605460.18,0.0,0.0,0,0,0,0,1,-1,60.0,1
MPLAD108364,Jharkhand,Jamshedpur,MP_118,Vendor_060,3528135.71,3014648.62,0.8544593711220932,0,0,0,0,0,1,15.5,0
MPLAD108365,Maharashtra,Pune,MP_014,Vendor_052,522735.92,406852.95,0.77831450725636,0,0,0,0,0,-1,50.1,1
MPLAD108366,Punjab,Amritsar,MP_012,Vendor_117,236174.94,236174.94,1.0,0,0,0,0,0,1,24.8,0
MPLAD108367,Gujarat,Ahmedabad,MP_100,Vendor_004,553448.64,723613.53,1.3074628388281884,0,0,1,0,0,-1,90.0,1
MPLAD108368,Punjab,Jalandhar,MP_045,Vendor_108,1150124.87,423654.91,0.3683555769035756,0,0,0,0,0,1,25.2,0
MPLAD108369,Maharashtra,Mumbai,MP_069,Vendor_083,1398869.25,0.0,0.0,0,0,0,0,1,1,60.0,1
MPLAD108370,Kerala,Kochi,MP_082,Vendor_024,477331.07,418175.37,0.8760698732642733,0,0,0,0,0,1,29.0,0
MPLAD108371,Rajasthan,Udaipur,MP_023,Vendor_048,1156101.37,0.0,0.0,0,1,0,0,1,1,85.0,1
MPLAD108372,Punjab,Ludhiana,MP_141,Vendor_052,1977692.93,0.0,0.0,0,0,0,0,1,-1,60.0,1
MPLAD108373,Madhya Pradesh,Indore,MP_150,Vendor_052,1012217.45,24935.66,0.024634686943996075,0,0,0,0,0,-1,66.6,1
MPLAD108374,West Bengal,Kolkata,MP_001,Vendor_045,1286924.87,0.0,0.0,0,0,0,0,1,1,60.0,1
MPLAD108375,Gujarat,Surat,MP_122,Vendor_070,919697.08,862688.44,0.9380136772860037,0,0,0,0,0,-1,57.0,1
MPLAD108376,Kerala,Kozhikode,MP_043,Vendor_101,798803.86,695931.8,0.8712173724348303,0,0,0,0,0,-1,56.3,1
MPLAD108377,Rajasthan,Jaipur,MP_121,Vendor_080,1688414.17,0.0,0.0,0,0,0,0,1,-1,60.0,1
MPLAD108378,Assam,Silchar,MP_016,Vendor_061,1487011.54,542695.21,0.3649569592445799,0,0,0,0,0,1,25.2,0
MPLAD108379,Rajasthan,Jaipur,MP_121,Vendor_058,2668203.88,2668203.88,1.0,0,0,0,0,0,-1,50.9,1
MPLAD108380,Bihar,Gaya,MP_060,Vendor_012,11481303.2,4038403.4,0.35173737071937966,0,0,0,0,0,1,36.0,0
MPLAD108381,Haryana,Gurugram,MP_138,Vendor_104,1317336.3,192339.24,0.1460061792877035,0,0,0,0,0,1,11.3,0
MPLAD108382,West Bengal,Kolkata,MP_001,Vendor_091,316445.48,316445.48,1.0,0,0,0,0,0,-1,41.8,1
MPLAD108383,Punjab,Jalandhar,MP_114,Vendor_046,1000000.0,0.0,0.0,0,1,0,0,1,1,85.0,1
MPLAD108384,Gujarat,Surat,MP_006,Vendor_033,1132577.97,1027345.36,0.9070857699978042,0,0,0,0,0,-1,61.5,1
MPLAD108385,West Bengal,Kolkata,MP_056,Vendor_103,602192.24,592030.86,0.9831260196909877,0,0,0,0,0,1,27.5,0
MPLAD108386,Gujarat,Ahmedabad,MP_100,Vendor_059,1150208.35,0.0,0.0,0,0,0,0,1,1,60.0,1
MPLAD108387,Assam,Dibrugarh,MP_075,Vendor_001,803626.82,167984.57,0.20903305591518215,0,0,0,0,0,1,12.1,0
MPLAD108388,Karnataka,Mysuru,MP_019,Vendor_070,1264102.8,847947.6,0.670790065491509,0,0,0,0,0,1,16.7,0
MPLAD108389,Assam,Guwahati,MP_024,Vendor_078,2828180.73,2378572.5,0.841025637000221,0,0,0,0,0,1,19.1,0
MPLAD108390,Punjab,Jalandhar,MP_146,Vendor_072,1047755.87,1479.76,0.0014123137291514292,0,1,0,0,0,-1,85.0,1
MPLAD108391,Bihar,Bhagalpur,MP_110,Vendor_018,1087407.12,239927.79,0.22064209952938324,0,0,0,0,0,1,11.1,0
MPLAD108392,Gujarat,Vadodara,MP_093,Vendor_048,1530239.96,1215595.11,0.7943820196670333,0,0,0,0,0,1,21.5,0
MPLAD108393,Tamil Nadu,Madurai,MP_087,Vendor_013,1852080.29,1694222.27,0.9147671832304851,0,0,0,0,0,1,10.9,0
MPLAD108394,West Bengal,Kolkata,MP_056,Vendor_070,1806252.42,43439.8,0.02404968404139218,0,1,0,0,0,1,85.0,1
MPLAD108395,Maharashtra,Pune,MP_014,Vendor_055,831051.07,590734.12,0.7108276991930231,0,0,0,0,0,1,17.3,0
MPLAD108396,Haryana,Gurugram,MP_126,Vendor_014,2599653.83,0.0,0.0,0,0,0,0,1,1,60.0,1
MPLAD108397,Chhattisgarh,Bilaspur,MP_103,Vendor_024,3854334.48,3453533.59,0.8960129454047797,0,0,0,0,0,-1,39.5,1
MPLAD108398,Bihar,Patna,MP_028,Vendor_004,663378.89,358481.35,0.5403870328161934,0,0,0,0,0,1,13.0,0
MPLAD108399,Tamil Nadu,Madurai,MP_125,Vendor_089,821107.21,294535.88,0.35870575293085055,0,0,0,0,0,1,27.1,0
MPLAD108400,Chhattisgarh,Raipur,MP_113,Vendor_085,2607523.36,2524542.72,0.9681764538439266,0,0,0,0,0,-1,55.1,1
MPLAD108401,Andhra Pradesh,Vijayawada,MP_116,Vendor_112,1921219.21,2026387.74,1.054740515529199,0,0,1,0,0,-1,90.0,1
MPLAD108402,Bihar,Patna,MP_028,Vendor_067,984633.12,458815.22,0.4659758144231427,0,0,0,0,0,1,23.2,0
MPLAD108403,Punjab,Amritsar,MP_064,Vendor_012,1079648.95,1457127.98,1.3496312667186867,0,0,1,0,0,-1,90.0,1
MPLAD108404,Andhra Pradesh,Guntur,MP_119,Vendor_011,2026923.37,2026923.37,1.0,0,0,0,0,0,-1,81.5,1
MPLAD108405,Jharkhand,Jamshedpur,MP_031,Vendor_119,1250179.77,520402.42,0.41626207085401806,0,0,0,0,0,1,20.2,0
MPLAD108406,Gujarat,Vadodara,MP_093,Vendor_075,857997.61,0.0,0.0,0,0,0,0,1,-1,60.0,1
MPLAD108407,Tamil Nadu,Madurai,MP_042,Vendor_054,946524.2,360935.66,0.3813274504761738,0,0,0,0,0,-1,52.1,1
MPLAD108408,Karnataka,Mysuru,MP_034,Vendor_011,508991.43,0.0,0.0,0,1,0,0,1,-1,85.0,1
MPLAD108409,Maharashtra,Nashik,MP_011,Vendor_076,843075.82,313544.46,0.37190541178135084,0,0,0,0,0,1,27.9,0
MPLAD108410,Chhattisgarh,Raipur,MP_020,Vendor_069,1560351.35,1092245.95,0.7000000032044065,0,0,0,0,0,1,8.5,0
MPLAD108411,Tamil Nadu,Madurai,MP_087,Vendor_019,1605125.33,1437287.22,0.8954361339497395,0,0,0,0,0,1,19.7,0
MPLAD108412,Maharashtra,Nashik,MP_011,Vendor_101,405721.88,116885.12,0.28809173417021533,0,0,0,0,0,1,16.3,0
MPLAD108413,Chhattisgarh,Bilaspur,MP_058,Vendor_011,678538.61,0.0,0.0,0,0,0,0,1,-1,60.0,1
MPLAD108414,Kerala,Kochi,MP_008,Vendor_034,627655.23,263947.86,0.42053000976348115,0,0,0,0,0,1,22.6,0
MPLAD108415,Tamil Nadu,Coimbatore,MP_128,Vendor_037,3434353.66,1585705.68,0.4617188085399451,0,0,0,0,0,1,9.4,0
MPLAD108416,Karnataka,Hubballi,MP_029,Vendor_054,3154450.64,789800.22,0.25037647125776546,0,0,0,0,0,-1,49.6,1
MPLAD108417,Rajasthan,Jodhpur,MP_099,Vendor_075,2000000.0,671204.44,0.33560221999999995,0,0,0,0,0,-1,47.9,1
MPLAD108418,Assam,Guwahati,MP_024,Vendor_018,1653143.7,1611850.0,0.9750211067555713,0,0,0,0,0,1,27.7,0
MPLAD108419,Punjab,Amritsar,MP_064,Vendor_108,2185121.61,848309.43,0.3882206949571105,0,0,0,0,0,1,17.3,0
MPLAD108420,Tamil Nadu,Chennai,MP_066,Vendor_037,1656099.01,0.0,0.0,0,0,0,0,1,1,60.0,1
MPLAD108421,Assam,Silchar,MP_088,Vendor_017,450064.21,0.0,0.0,0,0,0,0,1,1,60.0,1
MPLAD108422,Jharkhand,Jamshedpur,MP_046,Vendor_025,791575.11,218470.14,0.2759942009798666,0,0,0,0,0,1,9.8,0
MPLAD108423,Rajasthan,Jodhpur,MP_099,Vendor_113,1946527.4,0.0,0.0,0,0,0,0,1,1,60.0,1
MPLAD108424,Gujarat,Ahmedabad,MP_095,Vendor_101,223193.42,207028.53,0.9275745225822517,0,0,0,0,0,1,27.9,0
MPLAD108425,Chhattisgarh,Raipur,MP_048,Vendor_064,930109.53,184272.17,0.1981187849994398,0,0,0,0,0,1,14.8,0
MPLAD108426,Telangana,Hyderabad,MP_140,Vendor_010,2243600.24,1185257.4,0.5282836839061845,0,0,0,0,0,1,19.4,0
MPLAD108427,Tamil Nadu,Madurai,MP_087,Vendor_010,4644976.6,4162619.76,0.8961551625469976,0,0,0,0,0,1,38.3,0
MPLAD108428,Assam,Dibrugarh,MP_075,Vendor_033,994357.16,236055.4,0.23739498189966268,0,0,0,0,0,-1,39.5,1
MPLAD108429,Haryana,Panipat,MP_026,Vendor_022,908877.43,0.0,0.0,0,0,0,0,1,1,60.0,1
MPLAD108430,Bihar,Patna,MP_120,Vendor_117,4698002.61,0.0,0.0,0,1,0,0,1,1,85.0,1
MPLAD108431,West Bengal,Siliguri,MP_032,Vendor_080,1593877.96,1421995.49,0.8921608339449025,0,0,0,0,0,-1,52.1,1
MPLAD108432,Haryana,Gurugram,MP_003,Vendor_023,1787352.69,563478.09,0.3152584787281127,0,0,0,0,0,1,8.4,0
MPLAD108433,Tamil Nadu,Coimbatore,MP_037,Vendor_113,1408531.3,295553.56,0.20983102043951737,0,0,0,0,0,1,21.9,0
MPLAD108434,Kerala,Thiruvananthapuram,MP_074,Vendor_012,1129400.09,1129400.09,1.0,0,0,0,0,0,-1,49.6,1
MPLAD108435,Karnataka,Mysuru,MP_034,Vendor_016,1024294.95,10182.55,0.009941033097937268,0,1,0,0,0,-1,85.0,1
MPLAD108436,West Bengal,Siliguri,MP_032,Vendor_037,431659.37,127457.02,0.2952722189257701,0,0,0,0,0,1,12.6,0
MPLAD108437,Telangana,Hyderabad,MP_041,Vendor_078,1983884.36,708401.55,0.3570780456175379,0,0,0,0,0,1,25.5,0
MPLAD108438,Rajasthan,Udaipur,MP_023,Vendor_093,1233657.87,0.0,0.0,0,0,0,0,1,1,60.0,1
MPLAD108439,West Bengal,Siliguri,MP_111,Vendor_016,659230.21,319069.16,0.4840026369543956,0,0,0,0,0,1,20.4,0
MPLAD108440,Assam,Dibrugarh,MP_065,Vendor_084,1462182.38,0.0,0.0,0,0,0,0,1,1,60.0,1
MPLAD108441,Kerala,Thiruvananthapuram,MP_074,Vendor_030,398597.02,0.0,0.0,0,0,0,0,1,1,60.0,1
MPLAD108442,Jharkhand,Jamshedpur,MP_031,Vendor_066,3216011.18,1306881.32,0.40636715696989584,0,0,0,0,0,1,11.6,0
MPLAD108443,Kerala,Kochi,MP_073,Vendor_083,919586.95,0.0,0.0,0,0,0,0,1,-1,60.0,1
MPLAD108444,Kerala,Kochi,MP_104,Vendor_003,406418.79,119466.77,0.29394991801437137,0,0,0,0,0,-1,66.7,1
MPLAD108445,Rajasthan,Udaipur,MP_044,Vendor_062,1376880.29,498022.62,0.3617036452747827,0,0,0,0,0,1,33.7,0
MPLAD108446,Kerala,Kochi,MP_022,Vendor_075,357898.67,291029.88,0.813162787109547,0,0,0,0,0,-1,54.5,1
MPLAD108447,Rajasthan,Jodhpur,MP_099,Vendor_019,2994359.85,0.0,0.0,0,1,0,0,1,1,85.0,1
MPLAD108448,Assam,Silchar,MP_088,Vendor_106,1326492.74,0.0,0.0,0,1,0,0,1,1,85.0,1
MPLAD108449,Maharashtra,Mumbai,MP_061,Vendor_090,1481261.27,667663.03,0.4507395444154157,0,0,0,0,0,1,5.9,0
MPLAD108450,Jharkhand,Ranchi,MP_035,Vendor_101,1583184.55,0.0,0.0,0,0,0,0,1,1,60.0,1
MPLAD108451,Rajasthan,Jaipur,MP_121,Vendor_098,1130969.35,1130969.35,1.0,0,0,0,0,0,1,36.2,0
MPLAD108452,West Bengal,Kolkata,MP_054,Vendor_038,2316758.98,17224.21,0.007434614540697711,0,1,0,0,0,1,85.0,1
MPLAD108453,Uttar Pradesh,Varanasi,MP_096,Vendor_003,2202289.18,877825.55,0.3985968591100284,0,0,0,0,0,1,35.9,0
MPLAD108454,Karnataka,Hubballi,MP_029,Vendor_048,3293197.61,0.0,0.0,0,0,0,0,1,1,60.0,1
MPLAD108455,West Bengal,Kolkata,MP_089,Vendor_037,336151.03,133123.85,0.3960239241271996,0,0,0,0,0,-1,46.8,1
MPLAD108456,Bihar,Bhagalpur,MP_110,Vendor_036,2028585.64,0.0,0.0,0,1,0,0,1,1,85.0,1
MPLAD108457,Assam,Silchar,MP_129,Vendor_107,612259.25,97953.4,0.15998680297602688,0,0,0,0,0,1,28.8,0
MPLAD108458,Karnataka,Hubballi,MP_029,Vendor_054,1914937.12,1895830.86,0.9900225131152087,0,0,0,0,0,-1,75.8,1
MPLAD108459,Assam,Dibrugarh,MP_117,Vendor_058,4312911.99,0.0,0.0,0,0,0,0,1,1,60.0,1
MPLAD108460,Assam,Silchar,MP_076,Vendor_024,448269.58,0.0,0.0,0,0,0,0,1,1,60.0,1
MPLAD108461,Tamil Nadu,Chennai,MP_066,Vendor_085,2204432.6,901774.56,0.4090733189120865,0,0,0,0,0,1,9.9,0
MPLAD108462,Kerala,Kozhikode,MP_043,Vendor_112,1279000.49,88432.35,0.06914176397227183,0,0,0,0,0,1,37.7,0
MPLAD108463,Gujarat,Ahmedabad,MP_002,Vendor_021,917612.43,137622.74,0.14997915841222856,0,0,0,0,0,1,37.6,0
MPLAD108464,Rajasthan,Udaipur,MP_044,Vendor_085,1950014.19,1597019.54,0.8189784198442167,0,0,0,0,0,1,22.0,0
MPLAD108465,Tamil Nadu,Coimbatore,MP_037,Vendor_112,949777.05,439348.7,0.4625808762172133,0,0,0,0,0,1,11.2,0
MPLAD108466,Punjab,Jalandhar,MP_144,Vendor_014,3409795.08,1371377.82,0.4021877525848269,0,0,0,0,0,1,18.1,0
MPLAD108467,Odisha,Rourkela,MP_013,Vendor_055,322349.49,136488.39,0.423417421879588,0,0,0,0,0,1,9.8,0
MPLAD108468,Bihar,Bhagalpur,MP_147,Vendor_069,353302.4,0.0,0.0,0,1,0,0,1,1,85.0,1
MPLAD108469,Tamil Nadu,Chennai,MP_066,Vendor_096,8859042.7,926455.28,0.10457735800280092,0,0,0,0,0,-1,39.2,1
MPLAD108470,Haryana,Panipat,MP_026,Vendor_087,2169187.63,1712440.9,0.7894388094035001,0,0,0,0,0,1,28.3,0
MPLAD108471,Rajasthan,Jodhpur,MP_099,Vendor_064,2057108.95,749277.58,0.36423816055051433,0,0,0,0,0,1,38.2,0
MPLAD108472,Kerala,Kochi,MP_085,Vendor_016,4494251.57,2369351.61,0.5271960354457861,0,0,0,0,0,1,23.9,0
MPLAD108473,Chhattisgarh,Raipur,MP_005,Vendor_060,929271.31,800566.89,0.8614996302855836,0,0,0,0,0,1,18.5,0
MPLAD108474,Kerala,Kochi,MP_082,Vendor_030,1319972.33,570152.58,0.4319428271651724,0,0,0,0,0,1,19.2,0
MPLAD108475,Rajasthan,Jaipur,MP_004,Vendor_059,910230.07,215560.85,0.2368201810779554,0,0,0,0,0,1,35.9,0
MPLAD108476,Haryana,Gurugram,MP_003,Vendor_116,1680485.13,825638.2,0.4913094351510269,0,0,0,0,0,1,38.2,0
MPLAD108477,Assam,Dibrugarh,MP_075,Vendor_109,4821658.28,1936158.92,0.40155457055741406,0,0,0,0,0,1,9.8,0
MPLAD108478,Assam,Silchar,MP_129,Vendor_019,1180938.25,1180938.25,1.0,0,0,0,0,0,1,33.7,0
MPLAD108479,Punjab,Ludhiana,MP_101,Vendor_041,957607.46,630853.61,0.6587810103317282,0,0,0,0,0,1,16.4,0
MPLAD108480,Madhya Pradesh,Bhopal,MP_084,Vendor_080,1176987.18,1000380.89,0.8499505406677412,0,0,0,0,0,-1,44.8,1
MPLAD108481,Chhattisgarh,Bilaspur,MP_081,Vendor_040,704692.4,956666.07,1.35756547111903,0,0,1,0,0,-1,90.0,1
MPLAD108482,Maharashtra,Nashik,MP_068,Vendor_061,2628302.39,2447891.49,0.9313583928978584,0,0,0,0,0,-1,69.1,1
MPLAD108483,Haryana,Gurugram,MP_126,Vendor_011,2346493.2,495317.59,0.211088440401191,0,0,0,0,0,-1,63.2,1
MPLAD108484,Karnataka,Hubballi,MP_029,Vendor_006,1532439.5,1334308.13,0.870708520630015,0,0,0,0,0,-1,46.7,1
MPLAD108485,Madhya Pradesh,Bhopal,MP_084,Vendor_009,1527062.19,333014.22,0.2180750870401683,0,0,0,0,0,1,38.7,0
MPLAD108486,Punjab,Ludhiana,MP_030,Vendor_115,1482848.73,1049509.83,0.707765943192331,0,0,0,0,0,1,20.6,0
MPLAD108487,Assam,Dibrugarh,MP_131,Vendor_068,846485.58,275410.42,0.3253574857116881,0,0,0,0,0,1,36.8,0
MPLAD108488,Uttar Pradesh,Varanasi,MP_096,Vendor_028,1585360.96,1585360.96,1.0,0,0,0,0,0,-1,72.2,1
MPLAD108489,Punjab,Ludhiana,MP_101,Vendor_094,300393.03,266215.5,0.8862239579926338,0,0,0,0,0,1,38.0,0
MPLAD108490,Punjab,Ludhiana,MP_030,Vendor_008,1058244.01,987639.57,0.9332815122667218,0,0,0,0,0,-1,46.2,1
MPLAD108491,Gujarat,Ahmedabad,MP_047,Vendor_012,2164655.75,391062.42,0.1806580191792621,0,0,0,0,0,1,28.6,0
MPLAD108492,Bihar,Gaya,MP_072,Vendor_120,809841.73,780414.46,0.9636629369543602,0,0,0,0,0,-1,41.6,1
MPLAD108493,West Bengal,Kolkata,MP_056,Vendor_076,1942746.49,995706.36,0.5125251107775776,0,0,0,0,0,1,10.6,0
MPLAD108494,Punjab,Jalandhar,MP_144,Vendor_080,1514779.54,487833.0,0.3220488441506148,0,0,0,0,0,1,26.5,0
MPLAD108495,Bihar,Gaya,MP_060,Vendor_035,1247252.62,1247252.62,1.0,0,0,0,0,0,-1,65.3,1
MPLAD108496,Assam,Guwahati,MP_133,Vendor_088,2179819.24,90494.72,0.0415147817486004,0,1,0,0,0,1,85.0,1
MPLAD108497,Assam,Guwahati,MP_148,Vendor_002,897160.49,445875.97,0.4969857399761329,0,0,0,0,0,1,37.4,0
MPLAD108498,Punjab,Amritsar,MP_064,Vendor_108,2775859.85,2709143.54,0.9759655337066099,0,0,0,0,0,1,36.6,0
MPLAD108499,Punjab,Jalandhar,MP_146,Vendor_024,1694587.67,1389237.42,0.8198085260469291,0,0,0,0,0,-1,49.2,1
MPLAD108500,Gujarat,Vadodara,MP_025,Vendor_103,2944413.35,548638.09,0.18633188509351106,0,0,0,0,0,1,28.5,0
MPLAD108501,Punjab,Jalandhar,MP_139,Vendor_063,2368709.53,990903.36,0.4183304653652489,0,0,0,0,0,1,23.5,0
MPLAD108502,Odisha,Rourkela,MP_013,Vendor_012,2076284.7,0.0,0.0,0,0,0,0,1,1,60.0,1
MPLAD108503,Bihar,Gaya,MP_072,Vendor_099,5890208.64,5863249.63,0.9954230806330148,0,0,0,0,0,1,37.7,0
MPLAD108504,Telangana,Hyderabad,MP_041,Vendor_090,344758.36,118747.81,0.3444377969543654,0,0,0,0,0,1,25.4,0
MPLAD108505,Karnataka,Mysuru,MP_059,Vendor_063,996252.24,319699.96,0.3209026260257142,0,0,0,0,0,1,15.4,0
MPLAD108506,Gujarat,Vadodara,MP_093,Vendor_078,626806.87,0.0,0.0,0,0,0,0,1,1,60.0,1
MPLAD108507,Kerala,Kochi,MP_085,Vendor_068,817645.47,40882.27,0.04999999571941614,0,0,0,0,0,-1,47.5,1
MPLAD108508,Bihar,Bhagalpur,MP_018,Vendor_101,1049529.87,263628.06,0.2511868099571096,0,0,0,0,0,1,11.3,0
MPLAD108509,Tamil Nadu,Madurai,MP_136,Vendor_030,582024.78,251888.49,0.4327796661853469,0,0,0,0,0,1,12.9,0
MPLAD108510,Bihar,Patna,MP_120,Vendor_053,622490.64,138771.86,0.22293003473915685,0,0,0,0,0,1,23.5,0
MPLAD108511,Haryana,Gurugram,MP_003,Vendor_066,1235009.06,1185860.27,0.960203700853822,0,0,0,0,0,1,26.9,0
MPLAD108512,Bihar,Bhagalpur,MP_147,Vendor_110,1917253.18,290886.9,0.15172065068631158,0,0,0,0,0,1,19.0,0
MPLAD108513,Jharkhand,Jamshedpur,MP_046,Vendor_018,336470.79,101698.64,0.30225102155227207,0,0,0,0,0,1,6.1,0
MPLAD108514,Assam,Silchar,MP_088,Vendor_061,342702.73,320644.46,0.9356343907736014,0,0,0,0,0,-1,49.5,1
MPLAD108515,Jharkhand,Ranchi,MP_109,Vendor_026,902850.28,0.0,0.0,0,0,0,0,1,1,60.0,1
MPLAD108516,West Bengal,Kolkata,MP_054,Vendor_060,938327.35,0.0,0.0,0,0,0,0,1,1,60.0,1
MPLAD108517,Assam,Silchar,MP_088,Vendor_075,1070468.09,1070468.09,1.0,0,0,0,0,0,-1,48.9,1
MPLAD108518,Punjab,Amritsar,MP_098,Vendor_071,323231.92,80896.9,0.250275096593183,0,0,0,0,0,1,18.3,0
MPLAD108519,West Bengal,Kolkata,MP_089,Vendor_002,1515982.38,649206.87,0.42824169895694963,0,0,0,0,0,1,14.1,0
MPLAD108520,Andhra Pradesh,Guntur,MP_119,Vendor_110,1252245.64,1252245.64,1.0,0,0,0,0,0,-1,68.3,1
MPLAD108521,Assam,Guwahati,MP_148,Vendor_070,1793656.31,0.0,0.0,0,0,0,0,1,1,60.0,1
MPLAD108522,Gujarat,Ahmedabad,MP_047,Vendor_114,498072.0,127087.75,0.2551593946256766,0,0,0,0,0,1,16.3,0
MPLAD108523,Maharashtra,Mumbai,MP_061,Vendor_068,697460.16,263929.39,0.37841500509505804,0,0,0,0,0,-1,40.8,1
MPLAD108524,Punjab,Jalandhar,MP_045,Vendor_107,1516318.71,560586.81,0.3697024948007138,0,0,0,0,0,1,33.0,0
MPLAD108525,Uttar Pradesh,Varanasi,MP_007,Vendor_109,1520493.42,664317.29,0.4369090199680049,0,0,0,0,0,1,30.2,0
MPLAD108526,Punjab,Ludhiana,MP_030,Vendor_097,1890410.99,1060615.11,0.5610500127276556,0,0,0,0,0,-1,61.6,1
MPLAD108527,Rajasthan,Udaipur,MP_044,Vendor_042,3399377.98,1184607.84,0.3484778235811247,0,0,0,0,0,1,13.2,0
MPLAD108528,Jharkhand,Ranchi,MP_035,Vendor_103,1895195.02,0.0,0.0,0,0,0,0,1,1,60.0,1
MPLAD108529,Uttar Pradesh,Varanasi,MP_007,Vendor_083,2245919.88,2124325.27,0.9458597739470564,0,0,0,0,0,-1,53.6,1
MPLAD108530,Kerala,Kochi,MP_108,Vendor_018,802102.99,235921.27,0.2941284011421027,0,0,0,0,0,1,17.1,0
MPLAD108531,Kerala,Kochi,MP_104,Vendor_002,456767.07,456767.07,1.0,0,0,0,0,0,-1,43.7,1
MPLAD108532,Punjab,Jalandhar,MP_146,Vendor_005,3669206.0,2035101.5,0.5546435659376988,0,0,0,0,0,1,31.1,0
MPLAD108533,Andhra Pradesh,Vijayawada,MP_116,Vendor_005,715916.22,530389.53,0.740854188217722,0,0,0,0,0,-1,45.5,1
MPLAD108534,Assam,Dibrugarh,MP_131,Vendor_029,1919390.4,0.0,0.0,0,0,0,0,1,1,60.0,1
MPLAD108535,Chhattisgarh,Bilaspur,MP_080,Vendor_098,258564.39,258564.39,1.0,0,0,0,0,0,1,37.7,0
MPLAD108536,Telangana,Hyderabad,MP_143,Vendor_069,4062803.41,0.0,0.0,0,0,0,0,1,1,60.0,1
MPLAD108537,Assam,Dibrugarh,MP_065,Vendor_059,707595.02,0.0,0.0,0,1,0,0,1,-1,85.0,1
MPLAD108538,Punjab,Amritsar,MP_064,Vendor_079,610132.96,603870.81,0.9897364174523535,0,0,0,0,0,1,23.4,0
MPLAD108539,Haryana,Faridabad,MP_055,Vendor_094,728368.03,690771.0,0.9483818228540316,0,0,0,0,0,1,19.7,0
MPLAD108540,Karnataka,Mysuru,MP_034,Vendor_011,1600645.67,0.0,0.0,0,0,0,0,1,-1,60.0,1
MPLAD108541,Gujarat,Vadodara,MP_093,Vendor_037,425763.11,0.0,0.0,0,0,0,0,1,1,60.0,1
MPLAD108542,Maharashtra,Nashik,MP_011,Vendor_006,521466.73,213976.07,0.41033503709814817,0,0,0,0,0,1,31.1,0
MPLAD108543,West Bengal,Kolkata,MP_054,Vendor_116,1020297.4,716690.83,0.7024332611256286,0,0,0,0,0,-1,43.4,1
MPLAD108544,Kerala,Kochi,MP_022,Vendor_118,1452888.71,371627.7,0.2557853863424956,0,0,0,0,0,1,28.0,0
MPLAD108545,Odisha,Cuttack,MP_010,Vendor_057,660379.8,370467.53,0.5609916142195749,0,0,0,0,0,1,11.0,0
MPLAD108546,Haryana,Gurugram,MP_003,Vendor_021,2740771.96,2528998.52,0.9227321925754086,0,0,0,0,0,1,22.0,0
MPLAD108547,Assam,Dibrugarh,MP_123,Vendor_011,2279878.93,1553099.72,0.6812202611127249,0,0,0,0,0,-1,69.4,1
MPLAD108548,Maharashtra,Pune,MP_014,Vendor_037,1677528.91,1167714.76,0.696092182399408,0,0,0,0,0,1,14.7,0
MPLAD108549,Chhattisgarh,Raipur,MP_048,Vendor_056,475654.58,421793.34,0.88676396220131,0,0,0,0,0,1,32.3,0
MPLAD108550,West Bengal,Kolkata,MP_056,Vendor_063,382576.7,496645.45,1.2981591665148453,0,0,1,0,0,-1,90.0,1
MPLAD108551,Gujarat,Ahmedabad,MP_002,Vendor_102,2868079.73,2320094.68,0.8089366051201095,0,0,0,0,0,1,23.3,0
MPLAD108552,Punjab,Ludhiana,MP_101,Vendor_037,2582469.82,2368575.86,0.9171746525967146,0,0,0,0,0,1,27.0,0
MPLAD108553,Jharkhand,Jamshedpur,MP_046,Vendor_064,4962718.2,4781424.23,0.9634688163434305,0,0,0,0,0,1,20.7,0
MPLAD108554,Assam,Silchar,MP_088,Vendor_111,696142.64,0.0,0.0,0,0,0,0,1,1,60.0,1
MPLAD108555,Gujarat,Ahmedabad,MP_027,Vendor_059,1825751.73,714997.84,0.391618328084509,0,0,0,0,0,-1,50.6,1
MPLAD108556,West Bengal,Siliguri,MP_071,Vendor_002,2460602.74,889486.97,0.36149149781081685,0,0,0,0,0,1,10.5,0
MPLAD108557,Rajasthan,Udaipur,MP_044,Vendor_039,1085121.93,0.0,0.0,0,0,0,0,1,1,60.0,1
MPLAD108558,West Bengal,Siliguri,MP_111,Vendor_087,710164.34,639919.09,0.9010859232948812,0,0,0,0,0,1,20.3,0
MPLAD108559,Gujarat,Ahmedabad,MP_021,Vendor_093,872346.29,198200.68,0.227204130139649,0,0,0,0,0,-1,49.1,1
MPLAD108560,Assam,Dibrugarh,MP_123,Vendor_029,2125841.72,1894340.93,0.8911015868105174,0,0,0,0,0,1,26.6,0
MPLAD108561,Assam,Guwahati,MP_024,Vendor_107,687461.04,584607.16,0.850385877867348,0,0,0,0,0,1,37.9,0
MPLAD108562,Bihar,Bhagalpur,MP_077,Vendor_110,1626184.51,1563866.11,0.9616781493017665,0,0,0,0,0,1,27.2,0
MPLAD108563,Assam,Dibrugarh,MP_065,Vendor_107,364495.11,86169.85,0.2364087957174515,0,0,0,0,0,1,23.5,0
MPLAD108564,Assam,Guwahati,MP_148,Vendor_065,535399.4,495908.66,0.9262405972064965,0,0,0,0,0,1,20.4,0
MPLAD108565,Kerala,Kochi,MP_008,Vendor_021,596065.29,0.0,0.0,0,0,0,0,1,1,60.0,1
MPLAD108566,Gujarat,Surat,MP_006,Vendor_014,830016.52,326208.1,0.39301398483008504,0,0,0,0,0,-1,44.1,1
MPLAD108567,Gujarat,Vadodara,MP_025,Vendor_003,1165917.44,329283.3,0.2824241997786739,0,0,0,0,0,1,23.4,0
MPLAD108568,Bihar,Bhagalpur,MP_147,Vendor_066,3804276.24,0.0,0.0,0,1,0,0,1,1,85.0,1
MPLAD108569,Chhattisgarh,Raipur,MP_113,Vendor_066,1580368.1,573122.49,0.3626512646009496,0,0,0,0,0,1,21.9,0
MPLAD108570,Haryana,Faridabad,MP_112,Vendor_089,2844312.86,0.0,0.0,0,0,0,0,1,1,60.0,1
MPLAD108571,Kerala,Kochi,MP_008,Vendor_112,1153545.98,984585.39,0.8535293842383292,0,0,0,0,0,-1,60.7,1
MPLAD108572,Kerala,Kochi,MP_085,Vendor_014,3796181.91,2576452.68,0.6786957898969599,0,0,0,0,0,1,27.8,0
MPLAD108573,Uttar Pradesh,Lucknow,MP_049,Vendor_034,2680633.14,1757473.42,0.6556187766894502,0,0,0,0,0,1,28.9,0
MPLAD108574,Rajasthan,Udaipur,MP_023,Vendor_013,222110.3,0.0,0.0,0,0,0,0,1,1,60.0,1
MPLAD108575,Gujarat,Vadodara,MP_040,Vendor_027,3240070.94,3014956.7,0.9305218175253904,0,0,0,0,0,1,15.0,0
MPLAD108576,Gujarat,Ahmedabad,MP_100,Vendor_088,3201692.86,1401076.8,0.43760499875056724,0,0,0,0,0,1,30.2,0
MPLAD108577,Madhya Pradesh,Bhopal,MP_084,Vendor_107,591455.44,553063.47,0.935088989966852,0,0,0,0,0,-1,50.3,1
MPLAD108578,Telangana,Hyderabad,MP_140,Vendor_113,691357.21,309496.8,0.44766554181159113,0,0,0,0,0,1,17.7,0
MPLAD108579,Odisha,Cuttack,MP_017,Vendor_050,1296307.47,1223044.06,0.9434829994461114,0,0,0,0,0,-1,43.9,1
MPLAD108580,Chhattisgarh,Raipur,MP_048,Vendor_012,711396.16,593546.02,0.83433964557807,0,0,0,0,0,-1,49.2,1
MPLAD108581,Chhattisgarh,Bilaspur,MP_094,Vendor_028,490773.68,437071.87,0.890577241224509,0,0,0,0,0,1,26.2,0
MPLAD108582,Assam,Silchar,MP_129,Vendor_054,1307658.12,498459.63,0.38118497669712015,0,0,0,0,0,-1,45.2,1
MPLAD108583,Kerala,Thiruvananthapuram,MP_083,Vendor_110,2029192.38,0.0,0.0,0,0,0,0,1,1,60.0,1
MPLAD108584,Haryana,Faridabad,MP_137,Vendor_061,829728.74,0.0,0.0,0,0,0,0,1,1,60.0,1
MPLAD108585,Tamil Nadu,Madurai,MP_042,Vendor_083,245106.34,22083.72,0.09009852621519297,0,0,0,0,0,1,24.4,0
MPLAD108586,Gujarat,Vadodara,MP_093,Vendor_039,856925.68,0.0,0.0,0,0,0,0,1,-1,60.0,1
MPLAD108587,Punjab,Ludhiana,MP_030,Vendor_020,3000000.0,3000000.0,1.0,0,0,0,0,1,1,60.0,1
MPLAD108588,Haryana,Faridabad,MP_137,Vendor_030,306944.97,274480.96,0.894235080640025,0,0,0,0,0,1,14.7,0
MPLAD108589,Bihar,Bhagalpur,MP_018,Vendor_117,600479.66,186097.14,0.3099141443025731,0,0,0,0,0,1,5.4,0
MPLAD108590,Assam,Silchar,MP_129,Vendor_043,1720674.75,1088197.5,0.6324248670470698,0,0,0,0,0,1,25.8,0
MPLAD108591,Punjab,Amritsar,MP_012,Vendor_064,883184.85,0.0,0.0,0,1,0,0,1,1,85.0,1
MPLAD108592,Punjab,Ludhiana,MP_124,Vendor_048,2283121.96,82058.75,0.03594146586895428,0,1,0,0,0,-1,85.0,1
MPLAD108593,Haryana,Faridabad,MP_112,Vendor_099,2136634.11,1934422.57,0.9053597716831359,0,0,0,0,0,-1,56.4,1
MPLAD108594,Assam,Dibrugarh,MP_117,Vendor_119,843908.4,0.0,0.0,0,0,0,0,1,-1,60.0,1
MPLAD108595,Chhattisgarh,Raipur,MP_113,Vendor_030,2432183.72,2088816.25,0.8588233827993881,0,0,0,0,0,1,26.0,0
MPLAD108596,Maharashtra,Pune,MP_127,Vendor_005,917790.72,60514.51,0.06593497698473134,0,0,0,0,0,1,36.1,0
MPLAD108597,Assam,Dibrugarh,MP_117,Vendor_118,2181251.79,0.0,0.0,0,0,0,0,1,1,60.0,1
MPLAD108598,Madhya Pradesh,Indore,MP_150,Vendor_110,2690186.05,907658.79,0.3373962890038777,0,0,0,0,0,-1,41.8,1
MPLAD108599,Uttar Pradesh,Lucknow,MP_049,Vendor_059,967514.89,124797.43,0.12898760658866965,0,0,0,0,0,-1,45.2,1
MPLAD108600,Gujarat,Ahmedabad,MP_015,Vendor_119,786842.75,355922.61,0.4523427457392217,0,0,0,0,0,-1,39.3,1
MPLAD108601,Assam,Guwahati,MP_024,Vendor_115,1063385.09,409000.66,0.38462139806756174,0,0,0,0,0,1,11.8,0
MPLAD108602,Chhattisgarh,Bilaspur,MP_130,Vendor_013,992088.67,0.0,0.0,0,0,0,0,1,1,60.0,1
MPLAD108603,Gujarat,Surat,MP_122,Vendor_054,1364463.23,698665.15,0.512043955922506,0,0,0,0,0,-1,46.7,1
MPLAD108604,Jharkhand,Ranchi,MP_109,Vendor_011,303400.37,0.0,0.0,0,0,0,0,1,-1,77.2,1
MPLAD108605,Andhra Pradesh,Vijayawada,MP_116,Vendor_011,331119.62,115118.42,0.3476641462683486,0,0,0,0,0,-1,55.9,1
MPLAD108606,Telangana,Hyderabad,MP_142,Vendor_011,2456335.05,1303654.98,0.5307317419909796,0,0,0,0,0,-1,47.5,1
MPLAD108607,Andhra Pradesh,Guntur,MP_036,Vendor_085,810286.33,194553.05,0.24010407530878622,0,0,0,0,0,-1,45.7,1
MPLAD108608,Maharashtra,Mumbai,MP_067,Vendor_015,437201.26,331915.62,0.7591826702420756,0,0,0,0,0,1,15.8,0
MPLAD108609,Maharashtra,Mumbai,MP_069,Vendor_069,721790.36,601285.23,0.8330469112942988,0,0,0,0,0,1,25.9,0
MPLAD108610,West Bengal,Kolkata,MP_054,Vendor_084,424361.83,76822.14,0.1810298065686068,0,0,0,0,0,1,27.4,0
MPLAD108611,Jharkhand,Jamshedpur,MP_031,Vendor_094,1964226.94,1188979.0,0.605316511950498,0,0,0,0,0,1,27.8,0
MPLAD108612,Tamil Nadu,Coimbatore,MP_037,Vendor_102,580973.62,0.0,0.0,0,0,0,0,1,1,60.0,1
MPLAD108613,Punjab,Ludhiana,MP_030,Vendor_047,3689191.9,3523676.62,0.955135085274366,0,0,0,1,0,-1,80.0,1
MPLAD108614,Jharkhand,Jamshedpur,MP_046,Vendor_076,486130.97,236182.82,0.48584195324975904,0,0,0,0,0,1,27.0,0
MPLAD108615,West Bengal,Kolkata,MP_009,Vendor_043,465607.69,0.0,0.0,0,0,0,0,1,1,60.0,1
MPLAD108616,Kerala,Kochi,MP_104,Vendor_093,1169410.89,0.0,0.0,0,0,0,0,1,-1,60.0,1
MPLAD108617,Kerala,Kozhikode,MP_043,Vendor_071,629028.91,130416.92,0.207330566094331,0,0,0,0,0,1,32.9,0
MPLAD108618,Chhattisgarh,Raipur,MP_113,Vendor_090,886230.39,273042.26,0.3080939934817627,0,0,0,0,0,1,7.9,0
MPLAD108619,Madhya Pradesh,Indore,MP_150,Vendor_017,1413793.09,0.0,0.0,0,0,0,0,1,1,60.0,1
MPLAD108620,Tamil Nadu,Madurai,MP_136,Vendor_072,1029274.54,349187.66,0.3392560939086281,0,0,0,0,0,1,15.7,0
MPLAD108621,Punjab,Jalandhar,MP_139,Vendor_109,3290974.94,16591.69,0.005041572878096726,0,1,0,0,0,1,85.0,1
MPLAD108622,Tamil Nadu,Chennai,MP_066,Vendor_105,2908005.41,0.0,0.0,0,0,0,0,1,-1,60.0,1
MPLAD108623,Gujarat,Vadodara,MP_040,Vendor_049,1003249.6,303121.88,0.302140045707469,0,0,0,0,0,1,15.7,0
MPLAD108624,Gujarat,Surat,MP_006,Vendor_104,4489689.35,1884660.25,0.41977520115060973,0,0,0,0,0,1,11.2,0
MPLAD108625,Assam,Silchar,MP_129,Vendor_016,1590613.22,1472561.59,0.9257823155776362,0,0,0,0,0,1,37.0,0
MPLAD108626,Assam,Dibrugarh,MP_117,Vendor_042,818221.28,0.0,0.0,0,0,0,0,1,1,60.0,1
MPLAD108627,Maharashtra,Nashik,MP_068,Vendor_078,1622527.86,1864616.78,1.1492047846870252,0,0,1,0,0,1,90.0,1
MPLAD108628,Andhra Pradesh,Guntur,MP_036,Vendor_059,2062735.0,915887.02,0.4440158430433381,0,0,0,0,0,-1,39.6,1
MPLAD108629,Bihar,Patna,MP_120,Vendor_019,2223403.62,432510.99,0.19452652955561886,0,0,0,0,0,1,12.6,0
MPLAD108630,Jharkhand,Ranchi,MP_107,Vendor_086,1063410.16,1029730.47,0.9683285986283976,0,0,0,0,0,1,37.1,0
MPLAD108631,Punjab,Amritsar,MP_012,Vendor_094,2908120.81,2649911.29,0.9112108688497023,0,0,0,0,0,1,21.1,0
MPLAD108632,Tamil Nadu,Coimbatore,MP_078,Vendor_018,1267516.16,629559.46,0.496687521522408,0,0,0,0,0,1,2.8,0
MPLAD108633,Gujarat,Surat,MP_053,Vendor_018,2415092.6,2415092.6,1.0,0,0,0,0,0,-1,56.7,1
MPLAD108634,Haryana,Gurugram,MP_003,Vendor_037,2627173.26,0.0,0.0,0,0,0,0,1,1,60.0,1
MPLAD108635,Kerala,Thiruvananthapuram,MP_134,Vendor_036,2367718.31,970386.01,0.4098401426815,0,0,0,0,0,1,36.1,0
MPLAD108636,Gujarat,Ahmedabad,MP_047,Vendor_064,1643718.15,1569073.98,0.954588218180836,0,0,0,0,0,1,37.8,0
MPLAD108637,Madhya Pradesh,Bhopal,MP_033,Vendor_113,2127260.28,920740.16,0.4328291035453358,0,0,0,0,0,1,16.3,0
MPLAD108638,Madhya Pradesh,Indore,MP_038,Vendor_032,2635559.25,0.0,0.0,0,0,0,0,1,1,60.0,1
MPLAD108639,Bihar,Bhagalpur,MP_147,Vendor_065,1619140.19,176752.4,0.10916435839937987,0,0,0,0,0,1,13.1,0
MPLAD108640,Andhra Pradesh,Guntur,MP_036,Vendor_114,2012362.84,0.0,0.0,0,0,0,0,1,1,60.0,1
MPLAD108641,Gujarat,Ahmedabad,MP_100,Vendor_038,529823.99,0.0,0.0,0,1,0,0,1,-1,85.0,1
MPLAD108642,Andhra Pradesh,Guntur,MP_036,Vendor_049,433761.72,200346.05,0.4618804305737261,0,0,0,0,0,-1,44.2,1
MPLAD108643,Assam,Dibrugarh,MP_117,Vendor_061,3476310.75,842731.24,0.2424211471888697,0,0,0,0,0,1,35.2,0
MPLAD108644,Andhra Pradesh,Guntur,MP_036,Vendor_090,650094.4,447997.4,0.6891266868319432,0,0,0,0,0,1,31.4,0
MPLAD108645,Chhattisgarh,Raipur,MP_113,Vendor_004,2750991.56,2718516.93,0.9881953000248391,0,0,0,0,0,-1,50.9,1
MPLAD108646,Tamil Nadu,Chennai,MP_135,Vendor_004,485907.46,417385.77,0.8589820168638695,0,0,0,0,0,1,30.0,0
MPLAD108647,Odisha,Cuttack,MP_017,Vendor_109,2560142.55,556453.97,0.21735272905018513,0,0,0,0,0,1,31.7,0
MPLAD108648,Rajasthan,Jaipur,MP_121,Vendor_088,4084872.98,1575935.03,0.38579780514986783,0,0,0,0,0,1,21.9,0
MPLAD108649,Odisha,Cuttack,MP_017,Vendor_036,1337881.81,1253573.81,0.9369839702058584,0,0,0,0,0,-1,49.4,1
MPLAD108650,Jharkhand,Ranchi,MP_107,Vendor_093,1655011.52,1598659.88,0.9659509077012345,0,0,0,0,0,1,16.2,0
MPLAD108651,Haryana,Faridabad,MP_137,Vendor_002,2584134.38,0.0,0.0,0,0,0,0,1,1,60.0,1
MPLAD108652,Punjab,Ludhiana,MP_030,Vendor_097,1992313.77,798218.32,0.40064889979654156,0,0,0,0,0,-1,75.1,1
MPLAD108653,West Bengal,Kolkata,MP_089,Vendor_008,525627.48,515255.01,0.980266499765195,0,0,0,0,0,-1,58.2,1
MPLAD108654,Punjab,Jalandhar,MP_114,Vendor_062,1715406.58,342896.72,0.1998923893599615,0,0,0,0,0,1,27.5,0
MPLAD108655,Telangana,Hyderabad,MP_041,Vendor_054,1442526.89,1294545.32,0.89741503536201,0,0,0,0,0,-1,72.6,1
MPLAD108656,West Bengal,Siliguri,MP_111,Vendor_032,1786008.02,1786008.02,1.0,0,0,0,0,0,1,19.3,0
MPLAD108657,Karnataka,Hubballi,MP_029,Vendor_020,1318025.23,710383.5,0.538975646164224,0,0,0,0,0,1,26.9,0
